user_id,planid,event_type,label,date,claim_amount
U0068,PL1010,view,0,2025-09-23,
U0367,PL1007,claim_approved,1,2024-10-02,368342.0
U0333,PL1003,view,0,2025-09-14,
U0236,PL1008,click,0,2024-06-13,
U0292,PL1057,view,0,2025-06-05,
U0020,PL1053,view,0,2025-01-18,
U0075,PL1038,view,0,2024-06-10,
U0498,PL1031,click,0,2024-04-21,
U0023,PL1019,view,0,2025-07-28,
U0040,PL1028,view,0,2024-10-02,
U0054,PL1057,click,0,2025-03-10,
U0157,PL1031,view,0,2025-09-11,
U0179,PL1001,view,0,2024-10-24,
U0124,PL1043,view,0,2024-09-09,
U0406,PL1002,view,0,2024-05-10,
U0277,PL1011,view,0,2025-05-06,
U0031,PL1032,view,0,2025-06-09,
U0188,PL1012,view,0,2024-11-22,
U0139,PL1033,view,0,2025-08-20,
U0466,PL1003,view,0,2025-04-25,
U0185,PL1046,view,0,2024-08-31,
U0287,PL1041,view,0,2024-06-08,
U0076,PL1060,click,0,2024-06-05,
U0360,PL1056,view,0,2025-04-09,
U0062,PL1036,click,0,2024-07-09,
U0176,PL1006,view,0,2025-03-24,
U0169,PL1038,click,0,2025-06-17,
U0063,PL1004,view,0,2025-01-12,
U0012,PL1007,view,0,2025-04-23,
U0269,PL1056,click,0,2024-11-03,
U0099,PL1009,view,0,2025-07-20,
U0437,PL1058,view,0,2024-12-11,
U0193,PL1031,view,0,2025-07-03,
U0447,PL1040,click,0,2024-06-16,
U0292,PL1029,view,0,2025-07-18,
U0160,PL1035,click,0,2024-06-17,
U0455,PL1025,shortlist,0,2024-09-26,
U0458,PL1001,view,0,2024-07-26,
U0450,PL1011,view,0,2024-11-25,
U0315,PL1010,view,0,2025-04-27,
U0010,PL1008,click,0,2024-06-04,
U0314,PL1051,view,0,2025-04-14,
U0192,PL1030,shortlist,0,2025-07-21,
U0045,PL1024,view,0,2025-07-30,
U0338,PL1034,click,0,2025-05-02,
U0292,PL1014,view,0,2024-08-26,
U0495,PL1050,view,0,2024-09-05,
U0434,PL1007,click,0,2024-11-23,
U0458,PL1030,click,0,2025-04-28,
U0248,PL1047,view,0,2025-01-07,
U0101,PL1042,view,0,2024-12-21,
U0025,PL1011,click,0,2024-12-24,
U0434,PL1014,click,0,2024-08-19,
U0385,PL1058,shortlist,0,2024-07-06,
U0433,PL1046,view,0,2024-09-06,
U0070,PL1042,view,0,2024-08-22,
U0447,PL1014,shortlist,0,2024-05-27,
U0471,PL1058,click,0,2025-04-23,
U0337,PL1022,view,0,2024-10-11,
U0356,PL1047,view,0,2024-06-19,
U0054,PL1034,view,0,2025-09-02,
U0292,PL1040,click,0,2025-06-16,
U0465,PL1012,click,0,2024-10-26,
U0495,PL1040,click,0,2024-12-08,
U0393,PL1033,click,0,2024-10-27,
U0356,PL1045,click,0,2024-12-19,
U0100,PL1046,click,0,2025-03-06,
U0090,PL1050,view,0,2024-11-06,
U0277,PL1039,view,0,2024-04-09,
U0500,PL1059,view,0,2025-01-22,
U0214,PL1002,view,0,2025-09-01,
U0379,PL1038,click,0,2025-08-16,
U0292,PL1045,click,0,2024-11-14,
U0467,PL1015,view,0,2024-04-21,
U0459,PL1048,shortlist,0,2024-11-22,
U0340,PL1058,view,0,2025-02-18,
U0093,PL1053,view,0,2025-09-12,
U0099,PL1036,view,0,2025-02-07,
U0297,PL1016,view,0,2025-05-10,
U0467,PL1041,click,0,2025-07-23,
U0397,PL1052,click,0,2024-04-30,
U0092,PL1051,click,0,2024-08-24,
U0216,PL1028,view,0,2024-06-30,
U0432,PL1054,view,0,2024-09-18,
U0464,PL1059,click,0,2025-08-16,
U0346,PL1023,view,0,2025-02-09,
U0489,PL1026,view,0,2024-04-15,
U0297,PL1013,view,0,2024-05-14,
U0178,PL1010,view,0,2025-07-10,
U0075,PL1050,view,0,2024-10-17,
U0257,PL1006,click,0,2025-01-26,
U0128,PL1054,click,0,2024-09-30,
U0087,PL1006,view,0,2025-07-16,
U0385,PL1007,view,0,2025-03-13,
U0326,PL1058,click,0,2025-05-09,
U0357,PL1037,view,0,2025-01-13,
U0322,PL1041,view,0,2024-06-08,
U0018,PL1050,click,0,2024-12-09,
U0016,PL1021,click,0,2025-02-03,
U0011,PL1021,click,0,2025-08-25,
U0359,PL1039,view,0,2024-09-17,
U0083,PL1057,view,0,2024-09-24,
U0170,PL1046,view,0,2025-04-03,
U0144,PL1035,click,0,2024-08-08,
U0265,PL1037,view,0,2025-04-05,
U0189,PL1050,click,0,2024-08-07,
U0324,PL1044,click,0,2024-05-26,
U0208,PL1041,view,0,2024-09-14,
U0415,PL1016,click,0,2024-08-15,
U0147,PL1048,view,0,2024-06-07,
U0015,PL1034,view,0,2025-05-18,
U0372,PL1005,view,0,2025-07-20,
U0393,PL1034,click,0,2025-03-22,
U0042,PL1054,click,0,2024-06-11,
U0369,PL1032,view,0,2024-04-11,
U0045,PL1007,shortlist,0,2024-06-13,
U0442,PL1034,view,0,2024-10-22,
U0010,PL1041,view,0,2025-03-10,
U0295,PL1054,view,0,2024-11-11,
U0253,PL1017,view,0,2025-01-07,
U0071,PL1020,view,0,2024-07-13,
U0006,PL1033,click,0,2025-09-21,
U0469,PL1061,view,0,2024-12-14,
U0377,PL1029,click,0,2025-01-19,
U0260,PL1051,click,0,2024-07-02,
U0353,PL1049,shortlist,0,2024-04-13,
U0027,PL1005,click,0,2024-05-13,
U0369,PL1014,shortlist,0,2025-04-22,
U0139,PL1040,click,0,2024-10-03,
U0186,PL1056,view,0,2024-07-03,
U0450,PL1020,view,0,2025-07-22,
U0492,PL1046,click,0,2025-07-20,
U0391,PL1051,shortlist,0,2024-09-05,
U0184,PL1032,view,0,2025-01-30,
U0348,PL1034,shortlist,0,2024-10-30,
U0108,PL1046,view,0,2024-06-25,
U0202,PL1014,click,0,2024-11-24,
U0140,PL1020,view,0,2024-05-05,
U0056,PL1053,view,0,2024-07-19,
U0065,PL1008,view,0,2024-11-26,
U0134,PL1060,view,0,2024-10-22,
U0105,PL1002,view,0,2024-07-16,
U0372,PL1017,view,0,2024-11-11,
U0178,PL1057,click,0,2025-02-07,
U0169,PL1035,click,0,2024-12-31,
U0365,PL1001,shortlist,0,2024-12-24,
U0092,PL1061,view,0,2025-02-19,
U0298,PL1043,view,0,2025-02-25,
U0031,PL1025,click,0,2024-08-03,
U0029,PL1059,view,0,2024-10-11,
U0067,PL1043,click,0,2025-09-14,
U0078,PL1038,view,0,2024-07-07,
U0398,PL1052,click,0,2024-08-02,
U0103,PL1046,view,0,2024-04-18,
U0117,PL1011,view,0,2024-05-22,
U0231,PL1035,view,0,2025-09-10,
U0335,PL1016,view,0,2024-06-24,
U0202,PL1036,click,0,2024-08-22,
U0086,PL1027,view,0,2024-08-25,
U0119,PL1034,view,0,2025-04-05,
U0144,PL1043,click,0,2025-02-07,
U0460,PL1004,view,0,2025-08-28,
U0240,PL1047,click,0,2025-09-01,
U0038,PL1029,view,0,2024-12-23,
U0053,PL1004,view,0,2025-08-15,
U0197,PL1023,view,0,2024-12-09,
U0312,PL1004,view,0,2024-05-17,
U0313,PL1017,click,0,2025-01-04,
U0150,PL1047,click,0,2024-11-15,
U0364,PL1034,view,0,2024-12-05,
U0036,PL1019,view,0,2025-03-04,
U0148,PL1021,click,0,2024-11-20,
U0021,PL1033,click,0,2025-09-12,
U0320,PL1007,view,0,2024-10-18,
U0467,PL1016,shortlist,0,2025-07-11,
U0245,PL1023,click,0,2024-10-22,
U0112,PL1057,click,0,2025-08-23,
U0027,PL1056,view,0,2024-07-05,
U0184,PL1026,view,0,2024-04-19,
U0274,PL1019,view,0,2025-03-20,
U0050,PL1060,view,0,2025-07-01,
U0392,PL1001,view,0,2025-07-18,
U0225,PL1013,view,0,2024-05-25,
U0393,PL1016,shortlist,0,2025-07-14,
U0421,PL1039,click,0,2025-09-20,
U0474,PL1047,view,0,2025-02-21,
U0459,PL1018,click,0,2025-03-31,
U0069,PL1011,view,0,2024-05-04,
U0479,PL1026,click,0,2024-08-17,
U0099,PL1025,enroll,1,2024-10-20,
U0286,PL1002,view,0,2025-02-25,
U0049,PL1045,click,0,2025-06-22,
U0317,PL1024,view,0,2025-07-06,
U0247,PL1044,view,0,2024-10-12,
U0098,PL1051,click,0,2024-07-16,
U0258,PL1030,view,0,2024-06-21,
U0243,PL1006,view,0,2024-10-23,
U0321,PL1008,view,0,2025-06-25,
U0120,PL1008,view,0,2024-09-29,
U0251,PL1020,view,0,2025-07-29,
U0147,PL1047,view,0,2024-10-18,
U0361,PL1041,view,0,2025-07-08,
U0309,PL1054,click,0,2025-09-12,
U0207,PL1011,view,0,2025-04-14,
U0472,PL1041,view,0,2024-07-24,
U0441,PL1047,view,0,2024-05-07,
U0191,PL1007,view,0,2024-05-31,
U0058,PL1009,view,0,2024-12-21,
U0403,PL1025,view,0,2025-01-06,
U0349,PL1051,view,0,2025-04-12,
U0294,PL1042,click,0,2024-06-21,
U0436,PL1055,view,0,2025-08-11,
U0327,PL1036,click,0,2025-09-22,
U0345,PL1061,view,0,2024-11-21,
U0392,PL1026,shortlist,0,2024-08-29,
U0425,PL1029,click,0,2024-12-15,
U0451,PL1012,click,0,2024-07-01,
U0145,PL1019,view,0,2024-10-23,
U0384,PL1003,click,0,2024-11-12,
U0093,PL1018,click,0,2024-09-22,
U0382,PL1007,view,0,2024-08-08,
U0455,PL1042,view,0,2025-04-10,
U0157,PL1028,view,0,2024-04-28,
U0140,PL1058,shortlist,0,2025-07-29,
U0442,PL1029,view,0,2025-05-18,
U0136,PL1020,view,0,2024-09-15,
U0239,PL1028,click,0,2025-01-13,
U0216,PL1034,view,0,2024-11-13,
U0308,PL1051,view,0,2025-04-14,
U0012,PL1038,view,0,2025-04-03,
U0222,PL1037,view,0,2024-12-21,
U0325,PL1008,view,0,2024-06-21,
U0243,PL1024,shortlist,0,2025-08-13,
U0142,PL1044,view,0,2025-02-26,
U0444,PL1027,view,0,2025-07-20,
U0001,PL1034,click,0,2024-12-06,
U0193,PL1003,view,0,2024-06-07,
U0132,PL1056,view,0,2024-05-30,
U0403,PL1059,view,0,2025-04-21,
U0272,PL1040,shortlist,0,2025-06-05,
U0457,PL1027,click,0,2025-06-15,
U0298,PL1046,view,0,2025-03-04,
U0380,PL1050,view,0,2024-07-24,
U0411,PL1061,click,0,2024-09-27,
U0263,PL1029,view,0,2025-08-12,
U0127,PL1014,view,0,2024-08-15,
U0133,PL1046,click,0,2025-01-11,
U0201,PL1051,shortlist,0,2025-04-13,
U0449,PL1017,click,0,2025-08-21,
U0383,PL1039,click,0,2024-10-29,
U0080,PL1010,view,0,2025-05-28,
U0042,PL1026,click,0,2024-12-03,
U0040,PL1052,view,0,2025-06-14,
U0187,PL1057,view,0,2024-08-24,
U0043,PL1011,click,0,2025-09-02,
U0368,PL1004,click,0,2025-07-27,
U0329,PL1025,view,0,2024-09-23,
U0191,PL1024,view,0,2025-07-31,
U0061,PL1005,shortlist,0,2025-02-17,
U0055,PL1056,shortlist,0,2025-05-30,
U0325,PL1026,view,0,2025-02-05,
U0146,PL1049,view,0,2025-07-28,
U0165,PL1001,click,0,2024-10-25,
U0449,PL1018,view,0,2024-06-01,
U0291,PL1025,click,0,2024-11-01,
U0424,PL1005,view,0,2025-03-10,
U0174,PL1022,view,0,2024-08-05,
U0194,PL1033,click,0,2024-06-08,
U0128,PL1039,view,0,2025-09-15,
U0412,PL1039,view,0,2025-08-06,
U0311,PL1019,view,0,2025-04-12,
U0493,PL1034,view,0,2025-02-02,
U0243,PL1027,view,0,2025-06-25,
U0312,PL1031,view,0,2024-08-17,
U0354,PL1014,shortlist,0,2025-09-04,
U0349,PL1043,view,0,2025-06-23,
U0307,PL1021,click,0,2025-06-03,
U0159,PL1029,shortlist,0,2025-03-08,
U0186,PL1018,view,0,2025-03-09,
U0175,PL1042,click,0,2024-10-20,
U0097,PL1047,click,0,2025-02-13,
U0078,PL1057,click,0,2024-09-24,
U0489,PL1040,click,0,2024-10-31,
U0062,PL1047,click,0,2024-04-24,
U0057,PL1060,view,0,2024-06-08,
U0459,PL1038,view,0,2025-03-25,
U0353,PL1037,shortlist,0,2024-12-24,
U0316,PL1061,view,0,2024-06-21,
U0151,PL1044,view,0,2024-12-26,
U0406,PL1019,view,0,2025-08-14,
U0185,PL1029,view,0,2025-06-19,
U0313,PL1008,view,0,2025-08-29,
U0051,PL1024,view,0,2024-08-20,
U0461,PL1003,click,0,2025-06-25,
U0049,PL1028,click,0,2025-03-13,
U0258,PL1027,click,0,2024-10-08,
U0453,PL1016,click,0,2024-04-09,
U0066,PL1018,view,0,2025-09-03,
U0011,PL1046,click,0,2024-11-29,
U0221,PL1018,view,0,2024-07-18,
U0424,PL1056,click,0,2025-07-21,
U0291,PL1041,shortlist,0,2025-03-14,
U0051,PL1053,view,0,2025-06-07,
U0481,PL1018,view,0,2024-12-16,
U0317,PL1056,view,0,2025-02-13,
U0409,PL1050,view,0,2024-11-19,
U0363,PL1041,click,0,2024-05-09,
U0426,PL1003,click,0,2024-11-02,
U0347,PL1032,view,0,2025-06-17,
U0231,PL1037,view,0,2025-03-07,
U0409,PL1061,view,0,2024-08-30,
U0453,PL1007,view,0,2025-03-26,
U0246,PL1025,view,0,2025-05-15,
U0308,PL1032,view,0,2025-09-16,
U0331,PL1053,view,0,2025-03-04,
U0043,PL1040,view,0,2024-12-02,
U0167,PL1044,click,0,2025-01-30,
U0099,PL1027,view,0,2024-07-12,
U0444,PL1038,click,0,2025-04-10,
U0496,PL1034,shortlist,0,2024-10-27,
U0442,PL1013,view,0,2025-06-08,
U0101,PL1054,view,0,2024-05-26,
U0171,PL1035,view,0,2024-08-26,
U0182,PL1018,view,0,2024-08-19,
U0048,PL1017,view,0,2024-09-28,
U0126,PL1008,view,0,2025-05-13,
U0007,PL1014,view,0,2024-06-20,
U0411,PL1002,view,0,2024-08-25,
U0088,PL1015,view,0,2025-08-06,
U0090,PL1011,view,0,2025-09-07,
U0043,PL1005,click,0,2025-02-07,
U0248,PL1036,view,0,2025-07-14,
U0085,PL1043,click,0,2024-10-17,
U0266,PL1008,view,0,2025-05-10,
U0329,PL1016,view,0,2024-07-23,
U0487,PL1026,view,0,2024-06-30,
U0423,PL1004,click,0,2024-10-07,
U0380,PL1023,click,0,2024-05-06,
U0431,PL1020,click,0,2025-09-05,
U0059,PL1048,view,0,2025-09-29,
U0377,PL1023,view,0,2025-05-01,
U0370,PL1056,click,0,2025-07-10,
U0187,PL1011,view,0,2024-08-25,
U0146,PL1039,view,0,2024-09-30,
U0422,PL1038,view,0,2025-08-29,
U0140,PL1010,view,0,2025-08-24,
U0233,PL1041,view,0,2024-06-09,
U0349,PL1054,click,0,2024-08-20,
U0092,PL1019,view,0,2024-11-26,
U0025,PL1060,click,0,2025-04-01,
U0051,PL1057,click,0,2024-06-29,
U0084,PL1033,shortlist,0,2024-12-16,
U0117,PL1008,click,0,2025-01-20,
U0354,PL1029,shortlist,0,2025-02-23,
U0313,PL1011,view,0,2024-12-24,
U0456,PL1049,view,0,2024-08-06,
U0420,PL1002,view,0,2024-06-23,
U0395,PL1053,view,0,2025-06-26,
U0430,PL1015,view,0,2024-12-10,
U0193,PL1053,click,0,2024-09-29,
U0102,PL1054,click,0,2025-03-21,
U0120,PL1032,shortlist,0,2025-08-06,
U0254,PL1004,view,0,2024-10-20,
U0033,PL1050,view,0,2024-12-23,
U0395,PL1040,shortlist,0,2025-02-11,
U0382,PL1012,view,0,2025-08-27,
U0491,PL1019,click,0,2025-02-26,
U0096,PL1029,view,0,2025-03-20,
U0286,PL1060,view,0,2025-01-17,
U0077,PL1045,view,0,2024-06-30,
U0457,PL1028,view,0,2024-07-27,
U0108,PL1026,view,0,2024-12-13,
U0192,PL1035,view,0,2024-10-15,
U0096,PL1054,click,0,2024-12-17,
U0357,PL1030,view,0,2024-08-11,
U0243,PL1055,click,0,2025-04-19,
U0291,PL1004,view,0,2025-05-12,
U0283,PL1060,click,0,2024-04-18,
U0479,PL1033,view,0,2024-05-14,
U0131,PL1053,view,0,2024-05-29,
U0091,PL1044,click,0,2025-07-30,
U0244,PL1033,view,0,2024-08-02,
U0192,PL1006,view,0,2024-10-29,
U0372,PL1029,claim_approved,1,2025-09-21,195020.0
U0359,PL1002,click,0,2024-05-25,
U0368,PL1010,view,0,2025-04-11,
U0184,PL1051,view,0,2025-04-07,
U0416,PL1058,click,0,2024-09-05,
U0379,PL1048,click,0,2025-08-14,
U0061,PL1010,shortlist,0,2024-11-08,
U0493,PL1005,click,0,2025-02-18,
U0042,PL1016,view,0,2025-05-09,
U0440,PL1007,click,0,2024-07-25,
U0223,PL1009,view,0,2024-06-18,
U0217,PL1007,view,0,2025-08-27,
U0263,PL1040,shortlist,0,2024-07-06,
U0421,PL1008,view,0,2025-01-11,
U0490,PL1022,view,0,2025-01-29,
U0123,PL1025,view,0,2025-02-28,
U0434,PL1027,view,0,2024-12-02,
U0397,PL1060,view,0,2024-09-13,
U0084,PL1047,click,0,2024-04-18,
U0349,PL1060,click,0,2025-08-11,
U0342,PL1044,view,0,2024-12-23,
U0144,PL1008,click,0,2025-02-11,
U0376,PL1016,view,0,2024-05-16,
U0409,PL1015,view,0,2024-05-13,
U0459,PL1045,view,0,2024-10-08,
U0349,PL1011,view,0,2024-12-19,
U0182,PL1051,view,0,2025-01-01,
U0027,PL1034,view,0,2024-04-21,
U0301,PL1051,view,0,2025-07-29,
U0344,PL1026,view,0,2025-02-02,
U0448,PL1018,view,0,2024-11-16,
U0071,PL1044,view,0,2024-04-25,
U0493,PL1048,click,0,2025-07-01,
U0249,PL1015,view,0,2025-08-19,
U0266,PL1058,view,0,2024-10-10,
U0411,PL1018,click,0,2025-01-11,
U0216,PL1059,view,0,2024-08-27,
U0284,PL1035,shortlist,0,2024-05-08,
U0320,PL1045,click,0,2024-04-09,
U0414,PL1051,click,0,2024-07-26,
U0373,PL1025,shortlist,0,2025-05-11,
U0059,PL1054,click,0,2025-07-20,
U0205,PL1059,click,0,2024-06-26,
U0089,PL1024,click,0,2025-03-07,
U0214,PL1027,click,0,2025-05-13,
U0183,PL1034,view,0,2025-07-27,
U0042,PL1033,view,0,2024-07-14,
U0336,PL1043,shortlist,0,2025-01-16,
U0160,PL1048,view,0,2025-04-29,
U0369,PL1039,view,0,2025-01-03,
U0207,PL1026,view,0,2024-07-19,
U0230,PL1003,click,0,2024-05-04,
U0099,PL1038,view,0,2025-09-02,
U0283,PL1055,view,0,2025-05-03,
U0081,PL1043,view,0,2024-09-07,
U0062,PL1037,click,0,2025-06-12,
U0035,PL1030,click,0,2024-12-20,
U0266,PL1046,click,0,2025-05-14,
U0250,PL1016,view,0,2024-05-03,
U0283,PL1027,view,0,2024-10-22,
U0414,PL1041,view,0,2025-06-29,
U0494,PL1010,click,0,2025-06-27,
U0267,PL1055,view,0,2024-12-21,
U0279,PL1054,view,0,2024-11-30,
U0007,PL1033,view,0,2025-02-22,
U0320,PL1030,click,0,2025-06-17,
U0431,PL1011,view,0,2024-11-01,
U0486,PL1059,view,0,2025-08-06,
U0091,PL1003,view,0,2025-01-04,
U0348,PL1042,view,0,2025-08-21,
U0166,PL1009,view,0,2025-08-25,
U0450,PL1050,view,0,2024-05-19,
U0150,PL1001,view,0,2025-06-20,
U0067,PL1045,view,0,2024-06-28,
U0446,PL1011,view,0,2025-02-24,
U0282,PL1013,click,0,2025-05-17,
U0157,PL1060,shortlist,0,2024-12-22,
U0167,PL1048,view,0,2025-03-02,
U0487,PL1040,click,0,2024-07-13,
U0456,PL1016,shortlist,0,2024-08-03,
U0454,PL1028,view,0,2025-08-13,
U0022,PL1038,click,0,2025-06-12,
U0183,PL1027,click,0,2025-01-05,
U0438,PL1036,view,0,2024-06-16,
U0467,PL1039,view,0,2024-11-27,
U0093,PL1061,click,0,2025-07-24,
U0427,PL1039,click,0,2025-09-04,
U0211,PL1021,view,0,2025-09-10,
U0286,PL1044,view,0,2025-09-18,
U0205,PL1033,view,0,2024-05-20,
U0367,PL1037,view,0,2024-11-14,
U0016,PL1022,view,0,2024-05-27,
U0461,PL1008,view,0,2024-12-20,
U0021,PL1034,click,0,2024-12-14,
U0286,PL1039,view,0,2025-07-20,
U0443,PL1033,click,0,2024-05-19,
U0329,PL1023,view,0,2024-05-18,
U0099,PL1012,view,0,2024-10-25,
U0246,PL1034,click,0,2025-04-09,
U0207,PL1011,view,0,2025-07-05,
U0417,PL1016,click,0,2024-06-02,
U0327,PL1006,view,0,2024-08-19,
U0029,PL1012,view,0,2024-12-14,
U0290,PL1015,click,0,2025-01-19,
U0272,PL1039,view,0,2024-12-25,
U0261,PL1037,view,0,2025-01-30,
U0475,PL1011,view,0,2024-05-03,
U0334,PL1003,view,0,2025-07-23,
U0328,PL1058,click,0,2024-05-16,
U0350,PL1049,view,0,2025-01-20,
U0433,PL1050,shortlist,0,2024-11-09,
U0043,PL1025,view,0,2024-07-27,
U0473,PL1003,shortlist,0,2025-06-16,
U0002,PL1018,click,0,2025-07-05,
U0347,PL1059,view,0,2025-04-29,
U0062,PL1003,view,0,2025-05-24,
U0265,PL1045,view,0,2024-06-19,
U0267,PL1053,view,0,2024-08-14,
U0223,PL1045,click,0,2024-08-25,
U0435,PL1013,click,0,2025-06-14,
U0068,PL1055,view,0,2025-09-12,
U0182,PL1061,view,0,2025-04-17,
U0042,PL1050,view,0,2024-12-01,
U0081,PL1016,click,0,2025-06-16,
U0331,PL1028,shortlist,0,2024-08-25,
U0368,PL1016,view,0,2024-07-03,
U0343,PL1039,view,0,2025-03-07,
U0267,PL1043,view,0,2025-06-10,
U0301,PL1044,click,0,2024-11-17,
U0345,PL1022,view,0,2025-03-19,
U0410,PL1016,view,0,2024-08-01,
U0317,PL1045,view,0,2025-06-16,
U0085,PL1036,view,0,2025-04-25,
U0316,PL1021,view,0,2025-02-05,
U0295,PL1008,click,0,2025-06-17,
U0312,PL1026,view,0,2025-04-09,
U0065,PL1025,view,0,2024-11-19,
U0398,PL1057,view,0,2025-02-03,
U0339,PL1003,view,0,2025-09-25,
U0452,PL1006,click,0,2024-12-29,
U0031,PL1030,view,0,2025-07-16,
U0368,PL1035,shortlist,0,2025-04-15,
U0183,PL1028,view,0,2024-04-16,
U0061,PL1014,click,0,2024-12-04,
U0444,PL1024,view,0,2024-11-03,
U0331,PL1052,click,0,2025-03-05,
U0117,PL1014,view,0,2025-09-30,
U0030,PL1044,view,0,2024-09-25,
U0220,PL1011,click,0,2024-05-31,
U0338,PL1012,view,0,2025-01-23,
U0259,PL1004,view,0,2025-04-25,
U0340,PL1005,click,0,2025-05-14,
U0116,PL1020,view,0,2025-03-14,
U0338,PL1008,view,0,2025-08-10,
U0102,PL1050,click,0,2025-08-14,
U0498,PL1013,view,0,2025-04-13,
U0461,PL1048,view,0,2025-06-29,
U0390,PL1011,click,0,2024-04-09,
U0399,PL1013,click,0,2024-09-09,
U0200,PL1019,view,0,2024-05-21,
U0305,PL1039,click,0,2024-11-18,
U0198,PL1040,view,0,2025-04-05,
U0382,PL1042,click,0,2025-06-11,
U0270,PL1024,view,0,2024-09-25,
U0365,PL1023,click,0,2024-10-16,
U0346,PL1011,view,0,2024-10-23,
U0179,PL1023,click,0,2024-11-19,
U0247,PL1048,view,0,2024-11-05,
U0056,PL1060,click,0,2025-09-07,
U0239,PL1060,view,0,2025-08-15,
U0194,PL1032,shortlist,0,2024-11-25,
U0129,PL1013,view,0,2024-06-05,
U0192,PL1021,view,0,2025-06-06,
U0439,PL1018,click,0,2025-01-03,
U0230,PL1046,click,0,2025-06-19,
U0068,PL1014,view,0,2025-09-02,
U0072,PL1024,click,0,2025-08-20,
U0303,PL1030,view,0,2025-04-26,
U0268,PL1005,view,0,2025-08-23,
U0187,PL1013,view,0,2025-01-18,
U0156,PL1035,click,0,2025-05-18,
U0491,PL1039,click,0,2024-12-09,
U0339,PL1005,click,0,2025-08-19,
U0133,PL1041,view,0,2025-04-27,
U0344,PL1017,view,0,2025-07-27,
U0236,PL1039,view,0,2025-01-10,
U0152,PL1035,click,0,2024-04-17,
U0089,PL1025,view,0,2025-07-31,
U0005,PL1036,click,0,2024-10-26,
U0086,PL1059,view,0,2024-10-26,
U0058,PL1035,click,0,2025-04-05,
U0482,PL1022,click,0,2025-09-12,
U0298,PL1010,click,0,2024-08-10,
U0256,PL1025,view,0,2025-08-20,
U0279,PL1020,view,0,2025-05-24,
U0487,PL1043,click,0,2024-09-08,
U0063,PL1020,view,0,2024-09-25,
U0085,PL1016,view,0,2024-05-03,
U0282,PL1012,view,0,2024-07-21,
U0085,PL1014,view,0,2024-06-02,
U0214,PL1059,click,0,2025-01-21,
U0252,PL1038,view,0,2024-09-27,
U0023,PL1017,view,0,2025-07-22,
U0180,PL1046,view,0,2024-10-28,
U0209,PL1057,view,0,2024-12-31,
U0142,PL1012,shortlist,0,2025-06-26,
U0303,PL1007,view,0,2025-01-30,
U0187,PL1027,claim_denied,0,2025-06-09,856554.0
U0264,PL1046,click,0,2024-08-17,
U0357,PL1010,view,0,2025-08-13,
U0240,PL1008,view,0,2024-05-15,
U0046,PL1021,view,0,2025-01-05,
U0203,PL1033,view,0,2024-12-22,
U0052,PL1008,view,0,2024-04-11,
U0442,PL1015,view,0,2024-07-08,
U0233,PL1022,click,0,2024-06-08,
U0130,PL1049,view,0,2025-06-03,
U0053,PL1010,view,0,2024-07-28,
U0189,PL1033,view,0,2025-06-25,
U0288,PL1057,view,0,2024-08-27,
U0277,PL1005,click,0,2024-06-25,
U0455,PL1029,view,0,2024-05-23,
U0427,PL1046,view,0,2025-08-13,
U0202,PL1036,view,0,2024-04-17,
U0227,PL1009,click,0,2025-08-01,
U0057,PL1025,click,0,2024-06-28,
U0157,PL1054,click,0,2025-09-15,
U0253,PL1017,click,0,2025-04-29,
U0145,PL1028,click,0,2025-03-29,
U0416,PL1035,shortlist,0,2024-05-12,
U0081,PL1048,view,0,2024-07-25,
U0179,PL1058,view,0,2025-02-22,
U0108,PL1005,view,0,2024-11-15,
U0101,PL1038,view,0,2024-09-02,
U0237,PL1036,view,0,2025-03-19,
U0493,PL1011,click,0,2025-01-04,
U0193,PL1057,view,0,2025-04-13,
U0157,PL1029,view,0,2024-11-01,
U0253,PL1057,click,0,2025-09-02,
U0500,PL1023,click,0,2024-04-27,
U0241,PL1058,view,0,2025-03-17,
U0186,PL1027,view,0,2024-06-01,
U0314,PL1037,shortlist,0,2025-04-02,
U0298,PL1040,view,0,2025-05-17,
U0312,PL1009,click,0,2025-03-30,
U0046,PL1013,shortlist,0,2024-08-06,
U0382,PL1043,click,0,2025-09-11,
U0166,PL1005,view,0,2024-06-23,
U0296,PL1012,click,0,2025-03-10,
U0465,PL1011,click,0,2024-07-23,
U0092,PL1003,click,0,2025-09-19,
U0461,PL1060,view,0,2024-05-26,
U0014,PL1006,view,0,2024-11-01,
U0187,PL1009,click,0,2024-06-25,
U0200,PL1053,view,0,2025-09-05,
U0281,PL1025,view,0,2024-09-26,
U0477,PL1028,click,0,2024-08-15,
U0116,PL1060,view,0,2024-10-29,
U0090,PL1013,view,0,2024-04-20,
U0081,PL1031,view,0,2024-09-07,
U0253,PL1022,view,0,2025-06-22,
U0264,PL1042,click,0,2024-10-15,
U0403,PL1031,shortlist,0,2024-12-07,
U0401,PL1016,click,0,2025-07-12,
U0224,PL1025,click,0,2025-06-28,
U0275,PL1048,view,0,2024-04-20,
U0227,PL1042,view,0,2025-07-02,
U0387,PL1002,view,0,2024-04-19,
U0477,PL1013,view,0,2024-09-07,
U0345,PL1044,view,0,2025-06-08,
U0164,PL1026,view,0,2025-06-07,
U0441,PL1002,click,0,2024-09-07,
U0307,PL1036,view,0,2024-12-17,
U0235,PL1050,view,0,2024-12-18,
U0032,PL1033,click,0,2024-12-29,
U0075,PL1055,view,0,2024-04-10,
U0277,PL1004,click,0,2024-07-20,
U0107,PL1001,view,0,2024-06-05,
U0123,PL1005,click,0,2024-04-20,
U0285,PL1049,view,0,2024-07-20,
U0239,PL1042,view,0,2024-11-14,
U0297,PL1005,view,0,2024-06-03,
U0091,PL1046,view,0,2024-12-16,
U0258,PL1059,click,0,2024-09-17,
U0424,PL1049,view,0,2025-04-11,
U0445,PL1029,view,0,2025-05-05,
U0214,PL1034,view,0,2024-08-13,
U0266,PL1049,click,0,2024-07-15,
U0109,PL1054,view,0,2025-02-10,
U0083,PL1010,click,0,2025-03-16,
U0440,PL1043,click,0,2025-05-19,
U0274,PL1045,view,0,2024-09-15,
U0125,PL1037,view,0,2024-10-09,
U0296,PL1055,shortlist,0,2025-08-11,
U0341,PL1032,shortlist,0,2025-09-29,
U0345,PL1043,click,0,2024-12-07,
U0193,PL1029,shortlist,0,2024-11-14,
U0109,PL1058,view,0,2025-04-14,
U0258,PL1034,view,0,2025-01-10,
U0135,PL1002,view,0,2024-07-05,
U0382,PL1048,view,0,2025-04-24,
U0127,PL1004,view,0,2024-05-03,
U0382,PL1020,view,0,2025-08-13,
U0289,PL1003,view,0,2025-05-15,
U0264,PL1025,click,0,2025-07-23,
U0066,PL1009,shortlist,0,2025-05-18,
U0240,PL1046,click,0,2025-01-19,
U0064,PL1009,view,0,2025-07-17,
U0232,PL1046,shortlist,0,2025-04-15,
U0040,PL1045,shortlist,0,2025-02-03,
U0492,PL1032,click,0,2024-04-09,
U0404,PL1051,view,0,2025-03-08,
U0306,PL1058,view,0,2024-04-26,
U0254,PL1059,view,0,2024-10-31,
U0384,PL1045,view,0,2025-08-17,
U0386,PL1052,view,0,2025-07-26,
U0331,PL1040,click,0,2024-07-02,
U0433,PL1006,view,0,2024-06-05,
U0382,PL1047,view,0,2024-05-12,
U0040,PL1017,view,0,2025-09-02,
U0307,PL1032,view,0,2025-03-05,
U0225,PL1024,view,0,2025-03-22,
U0227,PL1057,view,0,2024-09-30,
U0030,PL1017,view,0,2024-11-26,
U0114,PL1004,click,0,2024-09-29,
U0148,PL1037,view,0,2025-08-21,
U0156,PL1018,click,0,2025-05-14,
U0404,PL1018,view,0,2024-12-08,
U0202,PL1054,view,0,2024-08-25,
U0284,PL1028,view,0,2025-09-03,
U0410,PL1044,view,0,2025-01-13,
U0330,PL1041,click,0,2025-04-22,
U0063,PL1008,view,0,2024-10-25,
U0143,PL1003,view,0,2025-09-19,
U0267,PL1011,click,0,2025-03-22,
U0105,PL1046,shortlist,0,2024-07-21,
U0381,PL1012,view,0,2024-04-09,
U0156,PL1020,view,0,2024-10-17,
U0088,PL1042,view,0,2024-07-10,
U0047,PL1056,view,0,2024-05-24,
U0484,PL1037,view,0,2024-06-19,
U0440,PL1030,view,0,2025-03-04,
U0085,PL1051,click,0,2024-06-25,
U0066,PL1053,click,0,2025-02-14,
U0078,PL1004,click,0,2025-01-21,
U0218,PL1034,click,0,2024-11-05,
U0140,PL1026,view,0,2025-03-30,
U0330,PL1035,click,0,2025-07-05,
U0465,PL1037,view,0,2025-07-15,
U0229,PL1058,view,0,2025-02-10,
U0481,PL1026,view,0,2024-04-25,
U0473,PL1003,view,0,2024-09-06,
U0438,PL1002,view,0,2024-09-18,
U0015,PL1021,view,0,2024-10-23,
U0355,PL1026,view,0,2025-06-01,
U0438,PL1025,view,0,2025-04-24,
U0020,PL1029,view,0,2025-01-11,
U0357,PL1060,click,0,2025-02-07,
U0044,PL1029,click,0,2024-11-06,
U0327,PL1035,view,0,2024-08-21,
U0006,PL1033,view,0,2025-04-07,
U0187,PL1030,view,0,2024-09-02,
U0294,PL1040,view,0,2025-07-04,
U0194,PL1030,view,0,2025-02-20,
U0270,PL1039,view,0,2025-08-17,
U0185,PL1023,click,0,2024-05-11,
U0326,PL1008,click,0,2024-12-12,
U0353,PL1060,shortlist,0,2025-08-27,
U0493,PL1060,shortlist,0,2025-05-12,
U0165,PL1035,view,0,2024-10-15,
U0364,PL1022,shortlist,0,2024-05-14,
U0108,PL1016,click,0,2024-10-26,
U0091,PL1026,view,0,2025-03-30,
U0097,PL1053,click,0,2025-03-22,
U0388,PL1027,view,0,2024-04-13,
U0122,PL1008,view,0,2025-04-12,
U0203,PL1053,view,0,2025-01-20,
U0316,PL1048,shortlist,0,2024-09-12,
U0199,PL1017,view,0,2025-07-28,
U0032,PL1056,view,0,2024-07-26,
U0431,PL1056,view,0,2025-05-04,
U0045,PL1061,view,0,2024-08-14,
U0478,PL1052,shortlist,0,2025-05-28,
U0308,PL1028,view,0,2025-07-03,
U0073,PL1017,click,0,2024-12-03,
U0406,PL1055,view,0,2025-05-22,
U0137,PL1048,view,0,2025-04-14,
U0342,PL1032,click,0,2025-05-13,
U0341,PL1060,click,0,2025-03-25,
U0185,PL1048,view,0,2025-08-22,
U0059,PL1003,click,0,2025-04-08,
U0116,PL1008,click,0,2024-06-24,
U0459,PL1013,view,0,2025-02-23,
U0022,PL1053,click,0,2024-07-19,
U0036,PL1010,view,0,2025-06-30,
U0076,PL1014,view,0,2025-07-10,
U0260,PL1009,click,0,2025-08-17,
U0078,PL1040,view,0,2024-04-30,
U0407,PL1005,view,0,2024-08-15,
U0025,PL1058,view,0,2024-08-15,
U0427,PL1050,click,0,2025-09-26,
U0305,PL1061,view,0,2024-07-05,
U0426,PL1051,click,0,2024-10-26,
U0192,PL1060,click,0,2025-01-22,
U0037,PL1054,view,0,2025-03-10,
U0335,PL1022,shortlist,0,2025-02-01,
U0499,PL1005,view,0,2025-09-27,
U0416,PL1008,click,0,2024-11-13,
U0489,PL1011,view,0,2024-10-09,
U0051,PL1021,enroll,1,2025-01-31,
U0474,PL1001,view,0,2025-09-25,
U0123,PL1021,click,0,2025-07-08,
U0377,PL1026,view,0,2024-06-19,
U0427,PL1038,click,0,2024-12-25,
U0422,PL1051,view,0,2024-08-16,
U0192,PL1009,view,0,2025-04-20,
U0339,PL1042,view,0,2024-11-15,
U0380,PL1010,shortlist,0,2024-10-02,
U0105,PL1004,view,0,2025-04-08,
U0381,PL1047,view,0,2024-11-02,
U0050,PL1034,view,0,2025-07-29,
U0017,PL1035,view,0,2024-07-27,
U0267,PL1009,view,0,2025-03-08,
U0303,PL1017,click,0,2025-01-26,
U0046,PL1001,view,0,2025-04-30,
U0443,PL1006,view,0,2025-01-07,
U0264,PL1004,view,0,2025-09-07,
U0364,PL1023,view,0,2025-03-23,
U0496,PL1011,click,0,2024-05-29,
U0122,PL1012,click,0,2024-11-14,
U0223,PL1056,view,0,2025-03-10,
U0135,PL1059,view,0,2024-05-14,
U0479,PL1020,click,0,2024-05-14,
U0363,PL1059,view,0,2024-08-08,
U0316,PL1021,view,0,2025-01-12,
U0082,PL1004,view,0,2025-01-04,
U0150,PL1047,view,0,2024-07-14,
U0156,PL1045,view,0,2025-03-19,
U0305,PL1039,click,0,2024-06-04,
U0086,PL1058,view,0,2025-04-28,
U0201,PL1025,click,0,2025-08-30,
U0412,PL1029,shortlist,0,2025-08-08,
U0104,PL1021,click,0,2025-05-21,
U0252,PL1008,view,0,2024-11-12,
U0425,PL1022,view,0,2024-08-13,
U0274,PL1054,click,0,2024-11-23,
U0036,PL1022,view,0,2024-11-28,
U0290,PL1020,view,0,2025-07-16,
U0351,PL1021,click,0,2025-07-07,
U0342,PL1024,view,0,2024-09-13,
U0047,PL1055,view,0,2024-06-05,
U0096,PL1027,click,0,2025-06-04,
U0213,PL1061,view,0,2024-12-08,
U0107,PL1040,view,0,2025-03-06,
U0023,PL1011,click,0,2024-04-13,
U0268,PL1049,view,0,2025-03-13,
U0137,PL1015,view,0,2025-05-09,
U0104,PL1061,view,0,2025-04-22,
U0388,PL1036,view,0,2024-11-02,
U0450,PL1022,view,0,2025-08-29,
U0439,PL1003,click,0,2024-11-18,
U0163,PL1003,click,0,2024-11-01,
U0428,PL1059,view,0,2024-09-18,
U0058,PL1050,click,0,2024-06-07,
U0061,PL1061,shortlist,0,2024-06-28,
U0133,PL1051,view,0,2024-12-19,
U0154,PL1047,click,0,2024-07-12,
U0321,PL1061,view,0,2024-05-13,
U0309,PL1011,view,0,2024-12-04,
U0278,PL1056,click,0,2024-08-05,
U0380,PL1012,click,0,2025-02-07,
U0494,PL1045,view,0,2025-07-21,
U0322,PL1020,view,0,2024-11-18,
U0150,PL1049,view,0,2025-06-06,
U0293,PL1059,view,0,2025-03-18,
U0221,PL1009,view,0,2025-04-07,
U0055,PL1035,view,0,2024-11-07,
U0007,PL1052,view,0,2025-08-01,
U0345,PL1054,click,0,2024-10-08,
U0030,PL1004,view,0,2024-08-12,
U0195,PL1033,view,0,2024-05-03,
U0198,PL1058,click,0,2025-01-24,
U0085,PL1041,view,0,2025-05-15,
U0462,PL1050,view,0,2024-04-23,
U0289,PL1048,view,0,2025-01-07,
U0206,PL1014,click,0,2025-03-13,
U0451,PL1016,view,0,2024-12-16,
U0184,PL1054,click,0,2025-06-12,
U0381,PL1018,view,0,2025-05-03,
U0485,PL1003,view,0,2024-08-16,
U0135,PL1013,view,0,2024-06-22,
U0465,PL1040,view,0,2024-06-14,
U0005,PL1036,view,0,2025-09-11,
U0255,PL1035,click,0,2024-09-22,
U0264,PL1053,view,0,2025-03-14,
U0111,PL1024,shortlist,0,2025-08-31,
U0094,PL1011,view,0,2024-11-22,
U0454,PL1027,view,0,2025-07-10,
U0410,PL1058,view,0,2024-11-07,
U0228,PL1044,view,0,2024-09-19,
U0132,PL1009,enroll,1,2025-08-29,
U0002,PL1019,view,0,2025-03-24,
U0162,PL1011,view,0,2024-05-05,
U0271,PL1058,view,0,2024-06-20,
U0245,PL1026,view,0,2024-08-08,
U0306,PL1014,view,0,2025-04-04,
U0346,PL1011,shortlist,0,2024-10-20,
U0323,PL1056,click,0,2025-03-26,
U0388,PL1011,view,0,2024-07-12,
U0055,PL1007,view,0,2025-09-26,
U0071,PL1054,view,0,2024-06-10,
U0303,PL1023,click,0,2025-03-24,
U0357,PL1041,click,0,2024-05-12,
U0187,PL1008,click,0,2025-02-12,
U0323,PL1011,view,0,2024-12-29,
U0156,PL1027,view,0,2025-07-04,
U0268,PL1045,view,0,2024-11-25,
U0454,PL1039,shortlist,0,2025-03-17,
U0093,PL1034,view,0,2025-08-08,
U0367,PL1016,view,0,2025-05-04,
U0249,PL1033,shortlist,0,2025-06-20,
U0008,PL1024,view,0,2025-04-16,
U0095,PL1037,view,0,2025-05-10,
U0220,PL1055,click,0,2024-06-05,
U0076,PL1017,view,0,2025-08-29,
U0284,PL1051,click,0,2024-08-05,
U0371,PL1042,click,0,2025-08-02,
U0155,PL1037,view,0,2024-08-07,
U0066,PL1042,view,0,2025-02-16,
U0113,PL1045,shortlist,0,2025-08-09,
U0370,PL1004,view,0,2024-12-18,
U0456,PL1012,click,0,2025-01-01,
U0180,PL1028,view,0,2025-07-12,
U0424,PL1041,view,0,2024-04-24,
U0226,PL1055,click,0,2025-05-19,
U0078,PL1014,view,0,2024-10-08,
U0155,PL1038,click,0,2024-07-16,
U0358,PL1005,enroll,1,2025-08-22,
U0046,PL1013,shortlist,0,2025-09-14,
U0171,PL1019,click,0,2025-07-21,
U0061,PL1022,view,0,2025-05-20,
U0296,PL1042,click,0,2025-02-10,
U0094,PL1017,view,0,2025-09-20,
U0167,PL1032,view,0,2024-06-04,
U0422,PL1031,view,0,2025-08-03,
U0206,PL1008,view,0,2025-09-30,
U0473,PL1032,view,0,2025-03-24,
U0233,PL1024,view,0,2024-11-23,
U0267,PL1034,view,0,2024-11-03,
U0431,PL1042,view,0,2025-07-10,
U0135,PL1004,view,0,2024-07-15,
U0259,PL1030,shortlist,0,2024-08-01,
U0027,PL1033,view,0,2024-09-23,
U0034,PL1041,view,0,2024-06-02,
U0029,PL1050,click,0,2025-03-13,
U0190,PL1060,view,0,2024-10-28,
U0390,PL1021,view,0,2024-09-04,
U0140,PL1010,shortlist,0,2025-05-02,
U0046,PL1040,view,0,2024-04-29,
U0155,PL1019,view,0,2024-12-20,
U0361,PL1047,click,0,2024-04-26,
U0458,PL1002,view,0,2024-12-30,
U0442,PL1012,view,0,2024-04-12,
U0347,PL1004,shortlist,0,2024-07-07,
U0496,PL1016,click,0,2024-10-18,
U0379,PL1023,click,0,2025-03-12,
U0121,PL1050,view,0,2024-05-20,
U0222,PL1013,click,0,2025-01-11,
U0306,PL1025,view,0,2025-02-08,
U0395,PL1014,view,0,2024-08-20,
U0196,PL1020,view,0,2025-02-13,
U0165,PL1006,view,0,2025-01-09,
U0116,PL1061,click,0,2025-08-25,
U0207,PL1046,view,0,2025-03-26,
U0061,PL1004,view,0,2024-09-19,
U0428,PL1012,click,0,2025-01-07,
U0290,PL1052,click,0,2024-04-11,
U0357,PL1043,view,0,2024-12-07,
U0130,PL1058,view,0,2025-06-04,
U0362,PL1008,view,0,2025-05-23,
U0105,PL1013,shortlist,0,2025-06-12,
U0439,PL1029,view,0,2025-08-31,
U0416,PL1014,click,0,2024-06-29,
U0266,PL1024,view,0,2024-05-21,
U0295,PL1042,click,0,2024-06-13,
U0344,PL1059,view,0,2025-01-11,
U0414,PL1024,view,0,2025-04-19,
U0367,PL1056,view,0,2024-12-22,
U0398,PL1034,view,0,2025-07-17,
U0145,PL1006,view,0,2025-06-04,
U0493,PL1028,view,0,2025-06-24,
U0449,PL1005,click,0,2025-08-17,
U0163,PL1009,view,0,2025-01-06,
U0371,PL1017,view,0,2025-02-03,
U0224,PL1007,view,0,2025-06-13,
U0459,PL1028,view,0,2024-12-28,
U0403,PL1045,view,0,2024-05-10,
U0003,PL1023,view,0,2024-07-21,
U0303,PL1052,view,0,2025-09-05,
U0497,PL1028,shortlist,0,2025-05-10,
U0359,PL1014,view,0,2024-06-25,
U0411,PL1017,shortlist,0,2024-12-15,
U0246,PL1045,click,0,2025-09-20,
U0379,PL1053,view,0,2025-08-27,
U0005,PL1020,click,0,2024-07-15,
U0041,PL1060,click,0,2025-08-02,
U0439,PL1022,view,0,2024-08-08,
U0116,PL1033,view,0,2024-05-08,
U0290,PL1026,view,0,2025-05-21,
U0301,PL1052,click,0,2025-02-13,
U0128,PL1034,view,0,2025-08-14,
U0091,PL1056,view,0,2024-05-17,
U0109,PL1034,view,0,2024-07-10,
U0276,PL1018,click,0,2025-07-13,
U0346,PL1021,view,0,2025-03-12,
U0154,PL1045,view,0,2025-01-15,
U0410,PL1042,click,0,2024-12-26,
U0215,PL1028,shortlist,0,2025-02-14,
U0033,PL1011,view,0,2025-06-14,
U0400,PL1061,view,0,2024-05-05,
U0337,PL1022,click,0,2025-02-27,
U0361,PL1056,shortlist,0,2024-05-11,
U0115,PL1045,shortlist,0,2025-02-08,
U0401,PL1061,claim_approved,1,2025-04-14,112190.0
U0294,PL1031,view,0,2024-07-02,
U0496,PL1058,click,0,2025-09-26,
U0075,PL1033,view,0,2024-06-16,
U0407,PL1043,shortlist,0,2024-12-28,
U0432,PL1012,click,0,2025-08-23,
U0416,PL1047,view,0,2024-06-17,
U0349,PL1008,view,0,2024-12-05,
U0291,PL1045,shortlist,0,2025-06-10,
U0022,PL1021,view,0,2025-01-25,
U0184,PL1044,click,0,2025-02-04,
U0044,PL1020,view,0,2024-12-20,
U0038,PL1047,click,0,2025-07-01,
U0393,PL1019,click,0,2024-10-18,
U0114,PL1044,shortlist,0,2024-12-16,
U0156,PL1038,shortlist,0,2024-11-17,
U0124,PL1010,click,0,2025-04-20,
U0465,PL1043,view,0,2024-10-22,
U0140,PL1026,shortlist,0,2025-08-14,
U0421,PL1034,view,0,2024-08-15,
U0316,PL1011,view,0,2024-06-03,
U0167,PL1006,view,0,2025-02-21,
U0464,PL1036,view,0,2025-02-03,
U0262,PL1019,click,0,2024-12-02,
U0477,PL1061,view,0,2025-03-12,
U0049,PL1061,view,0,2025-09-26,
U0361,PL1023,view,0,2025-05-17,
U0414,PL1005,view,0,2025-01-25,
U0254,PL1054,view,0,2025-07-19,
U0181,PL1055,view,0,2024-06-08,
U0199,PL1055,view,0,2025-02-03,
U0317,PL1049,view,0,2024-10-01,
U0101,PL1018,view,0,2024-11-29,
U0146,PL1008,click,0,2025-07-28,
U0090,PL1054,view,0,2024-10-17,
U0376,PL1058,view,0,2025-03-12,
U0334,PL1042,view,0,2025-01-27,
U0232,PL1016,shortlist,0,2024-05-07,
U0437,PL1057,click,0,2024-05-22,
U0457,PL1037,view,0,2025-08-18,
U0345,PL1035,shortlist,0,2025-09-01,
U0477,PL1016,view,0,2025-09-01,
U0357,PL1032,shortlist,0,2025-09-18,
U0392,PL1043,view,0,2025-05-09,
U0477,PL1051,view,0,2025-04-06,
U0351,PL1005,shortlist,0,2025-04-06,
U0482,PL1005,view,0,2025-02-11,
U0385,PL1014,view,0,2025-09-17,
U0075,PL1016,view,0,2024-06-29,
U0066,PL1024,view,0,2025-09-08,
U0167,PL1051,view,0,2024-12-11,
U0082,PL1057,view,0,2025-07-26,
U0037,PL1017,view,0,2025-09-22,
U0033,PL1042,click,0,2024-12-28,
U0365,PL1020,view,0,2024-04-30,
U0270,PL1058,view,0,2024-11-26,
U0323,PL1016,view,0,2025-01-12,
U0448,PL1024,click,0,2024-10-23,
U0046,PL1039,shortlist,0,2025-01-09,
U0422,PL1055,click,0,2024-11-02,
U0252,PL1010,click,0,2025-07-01,
U0269,PL1030,click,0,2025-08-23,
U0152,PL1054,view,0,2025-06-30,
U0171,PL1002,view,0,2025-01-13,
U0211,PL1030,click,0,2024-12-10,
U0017,PL1030,click,0,2024-05-30,
U0381,PL1051,shortlist,0,2024-08-08,
U0146,PL1023,view,0,2024-11-03,
U0473,PL1044,view,0,2025-07-04,
U0136,PL1038,view,0,2024-06-02,
U0206,PL1060,click,0,2025-04-09,
U0419,PL1024,click,0,2025-06-24,
U0383,PL1006,view,0,2024-07-29,
U0481,PL1003,click,0,2024-10-17,
U0017,PL1009,view,0,2024-10-06,
U0399,PL1027,view,0,2025-01-22,
U0093,PL1061,view,0,2025-04-08,
U0457,PL1028,view,0,2025-06-13,
U0189,PL1046,view,0,2024-05-02,
U0254,PL1003,click,0,2024-12-20,
U0126,PL1056,shortlist,0,2024-04-16,
U0298,PL1048,click,0,2024-07-30,
U0041,PL1039,view,0,2025-04-12,
U0059,PL1015,view,0,2025-04-13,
U0153,PL1029,view,0,2024-05-17,
U0235,PL1013,shortlist,0,2025-06-20,
U0260,PL1060,view,0,2024-08-13,
U0114,PL1016,click,0,2024-08-02,
U0174,PL1019,view,0,2025-02-08,
U0205,PL1016,view,0,2024-12-29,
U0065,PL1019,view,0,2024-11-16,
U0326,PL1017,click,0,2025-02-08,
U0477,PL1049,view,0,2024-06-21,
U0446,PL1046,view,0,2024-11-26,
U0312,PL1027,click,0,2024-06-14,
U0087,PL1031,view,0,2025-04-21,
U0355,PL1015,click,0,2025-02-18,
U0258,PL1001,click,0,2025-05-10,
U0172,PL1011,view,0,2025-06-04,
U0200,PL1055,click,0,2024-10-14,
U0184,PL1060,view,0,2024-12-03,
U0260,PL1058,click,0,2024-12-07,
U0276,PL1022,view,0,2025-03-18,
U0169,PL1017,view,0,2025-04-29,
U0030,PL1018,click,0,2025-05-02,
U0260,PL1003,click,0,2025-08-19,
U0438,PL1005,view,0,2024-04-28,
U0358,PL1022,click,0,2024-08-07,
U0280,PL1029,view,0,2025-08-03,
U0430,PL1007,view,0,2025-04-25,
U0270,PL1058,click,0,2025-06-18,
U0495,PL1057,view,0,2025-05-19,
U0267,PL1022,click,0,2024-10-20,
U0277,PL1021,shortlist,0,2025-02-13,
U0031,PL1053,view,0,2024-05-20,
U0210,PL1007,click,0,2025-07-01,
U0382,PL1019,view,0,2025-09-08,
U0369,PL1033,shortlist,0,2025-04-18,
U0438,PL1023,view,0,2024-09-03,
U0431,PL1015,view,0,2024-08-11,
U0342,PL1049,click,0,2024-07-21,
U0418,PL1027,shortlist,0,2025-09-15,
U0361,PL1016,click,0,2024-08-18,
U0062,PL1059,click,0,2024-06-04,
U0244,PL1021,view,0,2025-03-14,
U0097,PL1033,view,0,2025-07-17,
U0133,PL1040,view,0,2024-10-20,
U0231,PL1061,view,0,2024-08-06,
U0074,PL1050,shortlist,0,2025-01-31,
U0206,PL1046,view,0,2024-05-20,
U0180,PL1049,view,0,2025-05-16,
U0072,PL1044,view,0,2024-04-12,
U0156,PL1028,view,0,2025-06-30,
U0442,PL1004,click,0,2024-11-12,
U0441,PL1025,click,0,2024-05-15,
U0136,PL1049,click,0,2024-08-07,
U0369,PL1046,view,0,2024-08-30,
U0348,PL1052,click,0,2024-08-20,
U0247,PL1020,view,0,2025-06-12,
U0179,PL1051,view,0,2025-02-04,
U0232,PL1012,click,0,2024-08-05,
U0078,PL1013,shortlist,0,2024-04-15,
U0283,PL1041,claim_approved,1,2025-05-19,68406.0
U0359,PL1023,view,0,2024-06-04,
U0379,PL1019,view,0,2024-04-26,
U0489,PL1047,click,0,2025-03-01,
U0346,PL1050,shortlist,0,2025-06-03,
U0396,PL1022,click,0,2024-07-03,
U0221,PL1040,click,0,2024-04-20,
U0228,PL1015,click,0,2024-12-25,
U0248,PL1019,view,0,2024-09-11,
U0399,PL1060,view,0,2024-06-21,
U0040,PL1019,view,0,2025-05-14,
U0430,PL1047,click,0,2025-08-27,
U0443,PL1036,view,0,2025-03-10,
U0090,PL1009,view,0,2025-02-11,
U0335,PL1059,view,0,2024-04-09,
U0009,PL1055,click,0,2025-02-19,
U0378,PL1024,view,0,2024-06-14,
U0214,PL1035,view,0,2024-05-10,
U0469,PL1039,view,0,2025-04-25,
U0459,PL1038,view,0,2025-02-11,
U0152,PL1022,click,0,2024-12-28,
U0097,PL1043,view,0,2024-10-30,
U0481,PL1045,click,0,2025-04-09,
U0437,PL1019,view,0,2025-09-25,
U0197,PL1038,shortlist,0,2024-06-21,
U0078,PL1024,click,0,2025-09-26,
U0235,PL1054,view,0,2025-03-28,
U0413,PL1038,view,0,2024-11-21,
U0282,PL1012,view,0,2025-05-22,
U0247,PL1005,view,0,2025-05-11,
U0203,PL1008,view,0,2024-12-21,
U0437,PL1025,click,0,2024-05-02,
U0314,PL1014,view,0,2024-06-13,
U0089,PL1021,click,0,2025-01-31,
U0274,PL1061,view,0,2025-06-12,
U0445,PL1021,view,0,2024-04-25,
U0249,PL1053,view,0,2024-09-03,
U0419,PL1029,enroll,1,2024-09-09,
U0025,PL1054,shortlist,0,2025-01-09,
U0459,PL1053,view,0,2024-09-09,
U0401,PL1044,view,0,2025-07-24,
U0054,PL1009,view,0,2024-11-28,
U0476,PL1048,click,0,2024-10-12,
U0179,PL1042,view,0,2025-03-18,
U0003,PL1027,click,0,2024-07-04,
U0380,PL1020,view,0,2025-03-13,
U0453,PL1031,view,0,2025-07-03,
U0471,PL1010,view,0,2024-08-27,
U0182,PL1034,click,0,2024-07-30,
U0089,PL1020,shortlist,0,2025-09-09,
U0085,PL1003,view,0,2025-03-29,
U0103,PL1034,view,0,2024-11-03,
U0202,PL1039,shortlist,0,2025-07-13,
U0355,PL1021,view,0,2025-07-01,
U0476,PL1009,click,0,2024-08-21,
U0454,PL1010,view,0,2025-03-23,
U0391,PL1022,view,0,2024-08-30,
U0108,PL1044,click,0,2025-05-17,
U0372,PL1038,view,0,2024-04-20,
U0350,PL1055,click,0,2025-09-15,
U0153,PL1029,view,0,2024-07-11,
U0067,PL1018,view,0,2025-03-18,
U0133,PL1037,view,0,2025-01-01,
U0425,PL1048,view,0,2024-07-02,
U0418,PL1020,view,0,2024-09-08,
U0022,PL1006,view,0,2025-02-07,
U0418,PL1043,shortlist,0,2025-02-17,
U0217,PL1042,view,0,2024-10-16,
U0475,PL1015,view,0,2024-06-14,
U0038,PL1002,view,0,2024-11-22,
U0337,PL1059,view,0,2025-07-11,
U0025,PL1021,view,0,2024-08-15,
U0173,PL1043,click,0,2024-12-20,
U0485,PL1027,shortlist,0,2025-02-11,
U0256,PL1023,view,0,2024-09-21,
U0005,PL1011,view,0,2025-08-24,
U0440,PL1040,view,0,2025-08-20,
U0345,PL1004,view,0,2025-03-23,
U0100,PL1007,view,0,2025-05-24,
U0439,PL1052,click,0,2025-04-14,
U0324,PL1007,view,0,2025-07-24,
U0055,PL1029,click,0,2025-08-24,
U0355,PL1034,click,0,2024-06-08,
U0194,PL1058,view,0,2025-09-26,
U0131,PL1024,click,0,2025-01-08,
U0087,PL1015,view,0,2025-04-25,
U0199,PL1056,view,0,2024-06-11,
U0110,PL1029,view,0,2025-03-20,
U0257,PL1031,view,0,2024-08-27,
U0184,PL1036,view,0,2025-06-06,
U0423,PL1045,view,0,2024-09-02,
U0410,PL1053,click,0,2024-05-19,
U0386,PL1006,view,0,2024-11-05,
U0381,PL1020,shortlist,0,2024-08-18,
U0377,PL1056,click,0,2025-04-21,
U0104,PL1047,view,0,2025-09-07,
U0283,PL1034,click,0,2025-01-07,
U0496,PL1026,click,0,2025-02-20,
U0036,PL1004,view,0,2024-05-03,
U0251,PL1018,view,0,2024-06-14,
U0053,PL1045,click,0,2025-07-13,
U0252,PL1040,click,0,2024-05-31,
U0260,PL1036,click,0,2024-09-27,
U0032,PL1039,click,0,2025-06-23,
U0404,PL1012,click,0,2024-10-06,
U0349,PL1029,view,0,2024-08-18,
U0114,PL1026,view,0,2025-07-27,
U0458,PL1039,view,0,2024-11-14,
U0032,PL1027,shortlist,0,2024-06-08,
U0231,PL1058,click,0,2025-09-28,
U0091,PL1022,click,0,2024-11-27,
U0008,PL1010,click,0,2025-02-15,
U0199,PL1051,view,0,2025-02-15,
U0064,PL1055,click,0,2025-07-07,
U0188,PL1046,click,0,2025-04-20,
U0171,PL1043,view,0,2025-06-08,
U0354,PL1028,view,0,2024-12-22,
U0126,PL1020,view,0,2024-09-06,
U0359,PL1030,view,0,2024-08-15,
U0195,PL1032,view,0,2024-11-30,
U0074,PL1060,view,0,2024-12-24,
U0042,PL1034,view,0,2025-05-22,
U0368,PL1056,view,0,2025-06-27,
U0235,PL1042,click,0,2024-08-24,
U0496,PL1002,click,0,2025-06-09,
U0085,PL1020,shortlist,0,2025-08-04,
U0499,PL1003,view,0,2024-09-19,
U0182,PL1042,click,0,2024-06-16,
U0269,PL1027,view,0,2024-09-10,
U0287,PL1037,view,0,2024-08-05,
U0220,PL1049,view,0,2024-08-15,
U0218,PL1048,view,0,2025-02-16,
U0445,PL1029,view,0,2025-01-25,
U0093,PL1025,click,0,2025-09-06,
U0016,PL1034,view,0,2024-12-20,
U0285,PL1003,view,0,2024-12-18,
U0086,PL1018,view,0,2024-08-21,
U0123,PL1053,click,0,2024-11-04,
U0322,PL1050,view,0,2025-05-19,
U0230,PL1009,view,0,2025-06-04,
U0344,PL1046,click,0,2024-11-10,
U0078,PL1055,click,0,2024-10-11,
U0305,PL1042,view,0,2024-07-08,
U0269,PL1043,view,0,2025-02-20,
U0165,PL1058,view,0,2025-04-08,
U0385,PL1042,view,0,2024-05-29,
U0082,PL1007,view,0,2024-12-27,
U0316,PL1031,view,0,2025-07-13,
U0279,PL1005,view,0,2025-05-06,
U0176,PL1024,view,0,2025-07-30,
U0472,PL1047,view,0,2025-06-17,
U0374,PL1010,view,0,2025-06-04,
U0037,PL1049,view,0,2024-12-01,
U0222,PL1018,view,0,2025-05-09,
U0408,PL1031,view,0,2025-05-22,
U0482,PL1025,view,0,2024-06-09,
U0189,PL1012,click,0,2024-10-06,
U0114,PL1035,view,0,2024-06-14,
U0155,PL1019,view,0,2025-07-02,
U0289,PL1051,view,0,2025-08-25,
U0155,PL1029,view,0,2025-01-01,
U0425,PL1004,view,0,2025-02-03,
U0021,PL1010,click,0,2025-02-17,
U0221,PL1011,view,0,2024-11-06,
U0133,PL1051,view,0,2024-12-09,
U0416,PL1021,view,0,2025-05-31,
U0338,PL1057,shortlist,0,2025-08-05,
U0155,PL1015,view,0,2024-09-26,
U0289,PL1035,view,0,2024-12-21,
U0204,PL1030,view,0,2025-01-01,
U0122,PL1023,view,0,2024-12-17,
U0306,PL1058,click,0,2025-07-20,
U0431,PL1025,click,0,2025-09-20,
U0479,PL1013,enroll,1,2024-09-27,
U0381,PL1004,click,0,2024-09-07,
U0480,PL1045,click,0,2024-05-17,
U0254,PL1020,view,0,2025-09-03,
U0241,PL1060,view,0,2024-05-09,
U0309,PL1004,view,0,2024-08-15,
U0469,PL1024,view,0,2025-08-02,
U0165,PL1028,view,0,2024-12-29,
U0170,PL1006,click,0,2025-02-17,
U0007,PL1006,view,0,2025-03-21,
U0126,PL1027,click,0,2024-11-03,
U0238,PL1029,view,0,2024-04-24,
U0159,PL1058,view,0,2024-08-17,
U0246,PL1040,click,0,2024-07-30,
U0274,PL1003,view,0,2024-08-05,
U0400,PL1027,shortlist,0,2024-09-18,
U0241,PL1022,view,0,2025-08-22,
U0016,PL1050,click,0,2024-08-12,
U0195,PL1002,click,0,2025-03-16,
U0306,PL1034,click,0,2025-08-10,
U0174,PL1037,view,0,2024-05-17,
U0179,PL1036,click,0,2024-05-28,
U0024,PL1050,view,0,2024-06-22,
U0112,PL1037,view,0,2025-06-08,
U0262,PL1022,shortlist,0,2025-08-18,
U0062,PL1009,click,0,2025-08-09,
U0423,PL1059,view,0,2024-05-08,
U0466,PL1041,click,0,2024-05-18,
U0463,PL1036,view,0,2025-09-20,
U0292,PL1058,shortlist,0,2024-05-30,
U0020,PL1020,click,0,2025-03-05,
U0373,PL1036,view,0,2025-02-04,
U0358,PL1004,click,0,2024-07-17,
U0028,PL1033,click,0,2024-05-01,
U0204,PL1026,view,0,2024-09-24,
U0274,PL1004,click,0,2025-04-07,
U0036,PL1011,view,0,2024-04-16,
U0310,PL1015,click,0,2024-06-18,
U0268,PL1002,view,0,2025-07-16,
U0173,PL1046,view,0,2025-06-25,
U0329,PL1007,view,0,2024-05-06,
U0109,PL1048,click,0,2024-05-09,
U0099,PL1007,view,0,2025-01-19,
U0046,PL1057,view,0,2024-09-28,
U0349,PL1035,click,0,2024-09-29,
U0029,PL1035,view,0,2024-10-09,
U0209,PL1034,view,0,2024-07-30,
U0246,PL1051,view,0,2025-01-20,
U0363,PL1054,view,0,2024-09-13,
U0468,PL1047,view,0,2024-09-28,
U0389,PL1028,shortlist,0,2025-04-22,
U0344,PL1060,click,0,2025-07-08,
U0102,PL1017,shortlist,0,2024-07-07,
U0411,PL1003,click,0,2024-12-31,
U0119,PL1034,view,0,2025-02-19,
U0385,PL1050,shortlist,0,2025-04-29,
U0181,PL1013,view,0,2024-05-17,
U0285,PL1018,view,0,2025-01-30,
U0321,PL1020,view,0,2024-09-12,
U0217,PL1014,click,0,2025-01-30,
U0330,PL1018,view,0,2025-08-16,
U0471,PL1057,view,0,2024-05-22,
U0273,PL1001,click,0,2025-04-10,
U0166,PL1057,view,0,2024-12-25,
U0054,PL1021,view,0,2025-04-29,
U0470,PL1017,shortlist,0,2025-06-02,
U0283,PL1051,view,0,2024-10-21,
U0482,PL1055,view,0,2025-07-20,
U0050,PL1047,view,0,2024-04-10,
U0375,PL1034,click,0,2024-05-01,
U0042,PL1042,view,0,2025-07-27,
U0482,PL1006,view,0,2024-08-07,
U0286,PL1059,view,0,2024-06-21,
U0134,PL1003,view,0,2024-10-04,
U0456,PL1024,view,0,2025-09-01,
U0366,PL1051,view,0,2024-11-22,
U0033,PL1013,view,0,2024-05-12,
U0426,PL1049,view,0,2024-08-10,
U0009,PL1025,view,0,2024-12-07,
U0496,PL1006,click,0,2024-06-25,
U0468,PL1027,view,0,2025-03-25,
U0346,PL1037,view,0,2025-04-16,
U0291,PL1055,view,0,2024-08-15,
U0424,PL1048,click,0,2024-09-03,
U0361,PL1049,view,0,2024-12-12,
U0158,PL1034,view,0,2024-09-15,
U0088,PL1048,view,0,2024-12-14,
U0103,PL1021,click,0,2025-05-15,
U0257,PL1023,view,0,2025-08-26,
U0011,PL1029,view,0,2024-09-24,
U0047,PL1022,click,0,2025-03-13,
U0144,PL1043,click,0,2025-04-21,
U0212,PL1054,view,0,2025-05-02,
U0062,PL1041,view,0,2024-12-17,
U0354,PL1038,view,0,2024-10-23,
U0152,PL1015,view,0,2024-09-20,
U0189,PL1013,shortlist,0,2024-10-18,
U0458,PL1051,click,0,2025-06-29,
U0336,PL1043,shortlist,0,2024-10-03,
U0033,PL1015,view,0,2025-03-31,
U0421,PL1010,click,0,2025-03-19,
U0126,PL1057,view,0,2024-06-15,
U0111,PL1022,view,0,2024-09-05,
U0177,PL1012,click,0,2024-08-20,
U0227,PL1020,view,0,2025-05-25,
U0298,PL1040,view,0,2024-10-20,
U0088,PL1019,view,0,2025-01-05,
U0006,PL1040,click,0,2025-03-18,
U0215,PL1012,click,0,2024-10-19,
U0157,PL1041,view,0,2024-06-28,
U0162,PL1010,view,0,2025-06-02,
U0317,PL1042,view,0,2024-07-10,
U0103,PL1014,shortlist,0,2024-12-22,
U0108,PL1034,click,0,2025-07-30,
U0251,PL1039,view,0,2024-07-24,
U0087,PL1035,view,0,2025-06-23,
U0216,PL1032,view,0,2024-07-24,
U0059,PL1053,click,0,2024-12-11,
U0181,PL1036,click,0,2025-08-31,
U0222,PL1014,click,0,2025-08-14,
U0228,PL1044,click,0,2025-01-08,
U0221,PL1031,click,0,2024-06-30,
U0315,PL1051,view,0,2024-04-12,
U0214,PL1057,view,0,2024-11-27,
U0172,PL1023,click,0,2024-12-17,
U0297,PL1033,shortlist,0,2024-04-20,
U0287,PL1012,shortlist,0,2025-03-11,
U0192,PL1051,view,0,2025-05-02,
U0411,PL1025,view,0,2025-01-17,
U0427,PL1047,click,0,2025-07-13,
U0048,PL1044,view,0,2024-06-21,
U0160,PL1036,view,0,2025-06-10,
U0363,PL1056,click,0,2025-01-02,
U0182,PL1056,view,0,2024-08-03,
U0257,PL1016,click,0,2024-06-28,
U0007,PL1033,click,0,2025-04-10,
U0102,PL1061,view,0,2024-05-17,
U0037,PL1032,view,0,2024-07-11,
U0151,PL1012,view,0,2024-11-03,
U0118,PL1005,shortlist,0,2025-06-29,
U0290,PL1015,view,0,2024-08-26,
U0276,PL1027,click,0,2025-06-04,
U0365,PL1025,view,0,2025-02-10,
U0159,PL1055,view,0,2024-09-22,
U0301,PL1051,view,0,2025-04-02,
U0044,PL1057,view,0,2024-06-13,
U0012,PL1045,view,0,2025-06-04,
U0419,PL1047,shortlist,0,2024-04-13,
U0474,PL1019,view,0,2025-07-25,
U0403,PL1022,click,0,2025-08-13,
U0290,PL1027,view,0,2024-09-26,
U0061,PL1055,view,0,2024-04-12,
U0375,PL1044,click,0,2025-08-12,
U0465,PL1036,view,0,2025-08-05,
U0321,PL1056,click,0,2024-10-11,
U0283,PL1007,click,0,2025-04-26,
U0001,PL1045,click,0,2024-06-26,
U0324,PL1023,view,0,2024-10-10,
U0245,PL1029,view,0,2025-06-25,
U0247,PL1030,view,0,2024-05-24,
U0343,PL1031,click,0,2025-06-26,
U0081,PL1013,click,0,2024-12-26,
U0378,PL1057,view,0,2025-09-08,
U0300,PL1008,view,0,2024-08-22,
U0136,PL1041,click,0,2025-08-24,
U0421,PL1006,view,0,2024-09-08,
U0332,PL1054,view,0,2024-11-22,
U0482,PL1026,shortlist,0,2024-06-29,
U0103,PL1041,click,0,2024-11-13,
U0351,PL1018,view,0,2024-04-28,
U0241,PL1040,view,0,2024-11-11,
U0043,PL1046,shortlist,0,2025-02-13,
U0107,PL1025,click,0,2025-09-08,
U0314,PL1058,view,0,2025-08-31,
U0363,PL1042,view,0,2025-08-05,
U0448,PL1036,shortlist,0,2025-01-10,
U0352,PL1023,view,0,2024-06-27,
U0298,PL1043,click,0,2024-05-31,
U0030,PL1002,view,0,2024-12-17,
U0463,PL1049,shortlist,0,2024-10-15,
U0146,PL1019,view,0,2024-10-01,
U0167,PL1049,click,0,2024-04-22,
U0140,PL1042,view,0,2024-06-19,
U0490,PL1030,click,0,2025-09-23,
U0380,PL1014,view,0,2025-07-04,
U0424,PL1056,view,0,2024-11-27,
U0337,PL1054,view,0,2024-07-19,
U0387,PL1048,shortlist,0,2024-08-20,
U0223,PL1001,click,0,2024-06-07,
U0031,PL1013,view,0,2024-05-11,
U0217,PL1061,click,0,2024-11-04,
U0384,PL1037,view,0,2024-05-12,
U0106,PL1033,view,0,2024-04-21,
U0414,PL1023,view,0,2024-09-29,
U0484,PL1060,click,0,2025-03-19,
U0010,PL1033,view,0,2025-07-27,
U0066,PL1056,click,0,2025-02-19,
U0184,PL1027,shortlist,0,2025-03-28,
U0307,PL1032,view,0,2025-09-18,
U0340,PL1006,click,0,2024-08-02,
U0115,PL1051,view,0,2025-08-04,
U0386,PL1050,shortlist,0,2025-08-15,
U0330,PL1039,shortlist,0,2024-12-01,
U0147,PL1030,click,0,2025-08-21,
U0003,PL1004,view,0,2025-03-09,
U0300,PL1006,enroll,1,2024-11-01,
U0057,PL1028,click,0,2025-07-23,
U0499,PL1007,click,0,2024-10-01,
U0458,PL1038,view,0,2025-07-16,
U0062,PL1015,view,0,2025-04-29,
U0398,PL1019,click,0,2024-06-03,
U0142,PL1015,shortlist,0,2024-08-21,
U0178,PL1003,view,0,2024-08-18,
U0489,PL1012,view,0,2024-12-09,
U0190,PL1017,view,0,2025-05-10,
U0176,PL1010,click,0,2024-05-29,
U0120,PL1014,click,0,2025-07-29,
U0087,PL1052,view,0,2025-07-02,
U0250,PL1031,view,0,2024-09-02,
U0365,PL1056,view,0,2024-11-20,
U0055,PL1001,view,0,2024-10-08,
U0386,PL1045,click,0,2025-07-07,
U0341,PL1038,view,0,2025-02-07,
U0142,PL1026,click,0,2024-07-06,
U0329,PL1043,shortlist,0,2024-12-30,
U0239,PL1045,click,0,2024-06-30,
U0169,PL1025,shortlist,0,2024-07-28,
U0107,PL1035,click,0,2024-12-05,
U0162,PL1011,view,0,2025-08-07,
U0130,PL1045,view,0,2024-08-11,
U0017,PL1041,click,0,2025-03-30,
U0369,PL1004,view,0,2024-12-01,
U0009,PL1024,shortlist,0,2024-09-25,
U0014,PL1030,click,0,2024-06-02,
U0281,PL1003,click,0,2025-04-25,
U0046,PL1040,view,0,2024-08-25,
U0371,PL1036,view,0,2024-09-30,
U0005,PL1022,click,0,2025-07-10,
U0020,PL1047,view,0,2025-04-28,
U0070,PL1010,view,0,2024-07-04,
U0099,PL1024,view,0,2025-06-12,
U0159,PL1011,shortlist,0,2024-05-01,
U0040,PL1059,view,0,2024-10-29,
U0107,PL1039,click,0,2024-05-30,
U0339,PL1007,view,0,2024-12-09,
U0324,PL1015,click,0,2025-09-30,
U0160,PL1046,view,0,2024-07-06,
U0103,PL1037,view,0,2025-07-31,
U0174,PL1035,click,0,2024-11-29,
U0125,PL1059,view,0,2025-04-29,
U0060,PL1044,click,0,2024-08-07,
U0336,PL1023,view,0,2025-03-31,
U0149,PL1016,view,0,2024-12-30,
U0267,PL1013,shortlist,0,2024-07-02,
U0192,PL1046,view,0,2025-05-23,
U0107,PL1005,view,0,2025-06-05,
U0292,PL1006,view,0,2025-04-06,
U0341,PL1041,enroll,1,2024-08-14,
U0432,PL1045,view,0,2025-07-29,
U0245,PL1010,click,0,2024-08-25,
U0032,PL1056,click,0,2025-03-31,
U0334,PL1021,view,0,2025-06-05,
U0347,PL1012,click,0,2024-05-21,
U0421,PL1039,click,0,2025-05-15,
U0196,PL1013,view,0,2025-04-04,
U0070,PL1026,view,0,2024-10-21,
U0493,PL1052,view,0,2024-04-27,
U0074,PL1007,click,0,2025-07-02,
U0171,PL1048,shortlist,0,2024-05-05,
U0415,PL1025,click,0,2024-07-06,
U0467,PL1003,click,0,2025-08-02,
U0059,PL1032,click,0,2024-11-08,
U0462,PL1044,view,0,2025-08-21,
U0011,PL1019,view,0,2024-04-09,
U0235,PL1060,view,0,2024-08-27,
U0163,PL1059,view,0,2024-08-11,
U0191,PL1009,click,0,2025-07-09,
U0494,PL1038,view,0,2024-06-27,
U0124,PL1058,click,0,2024-07-18,
U0303,PL1011,view,0,2025-04-05,
U0249,PL1015,view,0,2024-09-15,
U0404,PL1017,click,0,2024-06-07,
U0308,PL1052,click,0,2024-08-15,
U0104,PL1036,click,0,2024-11-20,
U0349,PL1001,click,0,2024-05-31,
U0306,PL1060,view,0,2025-06-15,
U0024,PL1019,view,0,2024-04-28,
U0364,PL1058,view,0,2025-06-24,
U0013,PL1014,view,0,2025-09-07,
U0497,PL1038,click,0,2024-12-27,
U0357,PL1027,view,0,2024-04-24,
U0017,PL1028,click,0,2025-01-01,
U0377,PL1028,view,0,2025-04-27,
U0066,PL1058,click,0,2025-08-11,
U0111,PL1039,click,0,2024-04-11,
U0307,PL1030,view,0,2025-04-29,
U0497,PL1009,enroll,1,2025-09-07,
U0495,PL1014,view,0,2025-09-14,
U0098,PL1024,view,0,2025-07-03,
U0316,PL1029,view,0,2024-12-18,
U0176,PL1037,view,0,2025-02-16,
U0324,PL1020,click,0,2024-12-22,
U0159,PL1023,view,0,2025-03-17,
U0154,PL1014,shortlist,0,2025-08-23,
U0470,PL1028,view,0,2025-07-25,
U0035,PL1006,view,0,2024-12-04,
U0179,PL1035,view,0,2024-09-24,
U0201,PL1058,click,0,2024-08-05,
U0477,PL1056,view,0,2025-06-03,
U0178,PL1049,click,0,2025-02-02,
U0161,PL1035,view,0,2024-08-18,
U0318,PL1031,click,0,2025-07-30,
U0198,PL1052,click,0,2024-11-13,
U0152,PL1023,view,0,2025-06-30,
U0088,PL1005,view,0,2024-12-22,
U0379,PL1048,shortlist,0,2024-06-18,
U0327,PL1018,click,0,2025-09-30,
U0091,PL1048,view,0,2025-05-01,
U0134,PL1061,view,0,2024-04-28,
U0416,PL1044,view,0,2024-06-09,
U0271,PL1016,shortlist,0,2024-04-29,
U0195,PL1041,view,0,2025-06-29,
U0481,PL1046,view,0,2024-07-17,
U0457,PL1042,click,0,2024-08-27,
U0294,PL1027,click,0,2024-04-28,
U0009,PL1025,click,0,2025-07-02,
U0322,PL1044,shortlist,0,2025-01-24,
U0418,PL1021,view,0,2024-07-31,
U0297,PL1011,view,0,2025-08-17,
U0232,PL1017,click,0,2025-06-02,
U0350,PL1013,click,0,2025-01-06,
U0333,PL1059,view,0,2024-09-22,
U0454,PL1023,view,0,2024-08-28,
U0043,PL1020,click,0,2025-07-04,
U0064,PL1031,view,0,2025-03-13,
U0197,PL1033,click,0,2025-05-20,
U0224,PL1033,click,0,2024-07-10,
U0030,PL1045,click,0,2024-05-19,
U0183,PL1036,click,0,2024-10-12,
U0013,PL1028,view,0,2024-08-05,
U0018,PL1027,view,0,2024-10-19,
U0165,PL1019,click,0,2024-06-03,
U0335,PL1020,view,0,2025-07-27,
U0437,PL1017,view,0,2025-09-02,
U0392,PL1022,view,0,2024-08-03,
U0458,PL1042,click,0,2024-12-21,
U0272,PL1025,view,0,2024-07-15,
U0052,PL1014,click,0,2025-05-30,
U0459,PL1043,view,0,2024-07-22,
U0329,PL1043,view,0,2025-03-09,
U0155,PL1050,view,0,2024-04-28,
U0227,PL1008,view,0,2024-12-09,
U0350,PL1031,view,0,2024-04-11,
U0427,PL1003,click,0,2024-10-17,
U0144,PL1010,click,0,2024-10-06,
U0059,PL1031,click,0,2025-03-10,
U0149,PL1032,view,0,2025-07-14,
U0141,PL1004,view,0,2024-09-08,
U0137,PL1003,view,0,2024-08-14,
U0152,PL1008,view,0,2025-02-22,
U0400,PL1003,view,0,2025-06-11,
U0221,PL1003,view,0,2024-08-03,
U0500,PL1057,click,0,2024-06-08,
U0117,PL1042,view,0,2025-08-02,
U0189,PL1021,click,0,2025-02-18,
U0342,PL1052,click,0,2024-05-17,
U0442,PL1054,click,0,2024-05-20,
U0024,PL1043,view,0,2024-12-13,
U0081,PL1032,click,0,2024-09-09,
U0103,PL1052,view,0,2025-01-05,
U0084,PL1002,view,0,2025-05-15,
U0246,PL1027,view,0,2025-02-20,
U0412,PL1015,view,0,2024-06-30,
U0094,PL1052,click,0,2024-08-20,
U0102,PL1039,click,0,2025-01-07,
U0075,PL1038,view,0,2025-08-17,
U0084,PL1027,shortlist,0,2024-11-16,
U0139,PL1016,view,0,2024-12-16,
U0296,PL1016,view,0,2025-09-23,
U0298,PL1035,view,0,2025-03-29,
U0330,PL1047,click,0,2025-08-17,
U0101,PL1024,view,0,2024-11-21,
U0038,PL1046,click,0,2025-05-24,
U0059,PL1031,click,0,2025-03-05,
U0114,PL1007,view,0,2025-02-27,
U0324,PL1055,view,0,2024-07-10,
U0494,PL1010,view,0,2024-08-10,
U0482,PL1061,click,0,2024-07-24,
U0016,PL1030,click,0,2024-06-08,
U0207,PL1006,shortlist,0,2024-11-02,
U0292,PL1034,view,0,2025-08-18,
U0044,PL1053,click,0,2024-12-15,
U0041,PL1050,view,0,2024-10-18,
U0299,PL1014,view,0,2025-01-04,
U0468,PL1057,view,0,2025-06-01,
U0265,PL1040,shortlist,0,2024-10-30,
U0450,PL1044,view,0,2024-06-03,
U0297,PL1060,view,0,2024-07-16,
U0033,PL1006,view,0,2024-09-10,
U0287,PL1044,view,0,2025-05-09,
U0010,PL1027,view,0,2024-06-19,
U0080,PL1037,click,0,2024-04-22,
U0246,PL1014,view,0,2025-05-27,
U0429,PL1013,view,0,2024-04-26,
U0268,PL1051,click,0,2025-02-16,
U0188,PL1012,view,0,2024-08-21,
U0264,PL1013,click,0,2024-09-08,
U0371,PL1057,view,0,2024-11-23,
U0066,PL1013,click,0,2024-06-23,
U0492,PL1059,view,0,2024-06-11,
U0369,PL1052,view,0,2024-12-12,
U0246,PL1016,view,0,2024-04-30,
U0145,PL1012,view,0,2025-01-05,
U0142,PL1046,view,0,2024-11-12,
U0456,PL1032,view,0,2025-02-16,
U0146,PL1038,view,0,2024-10-17,
U0413,PL1032,view,0,2025-02-23,
U0332,PL1004,view,0,2024-05-23,
U0320,PL1055,view,0,2024-10-31,
U0178,PL1016,view,0,2025-02-21,
U0279,PL1036,click,0,2025-09-05,
U0197,PL1012,view,0,2024-05-01,
U0176,PL1010,shortlist,0,2025-07-11,
U0091,PL1049,click,0,2024-07-15,
U0332,PL1021,view,0,2024-08-02,
U0409,PL1058,view,0,2025-04-17,
U0473,PL1026,view,0,2024-04-16,
U0329,PL1006,shortlist,0,2025-09-21,
U0220,PL1012,view,0,2024-08-20,
U0146,PL1005,shortlist,0,2025-02-26,
U0416,PL1025,view,0,2024-08-01,
U0146,PL1043,click,0,2024-08-29,
U0223,PL1034,view,0,2025-08-20,
U0298,PL1016,view,0,2024-09-27,
U0481,PL1019,view,0,2025-05-14,
U0059,PL1040,view,0,2025-09-22,
U0005,PL1027,view,0,2024-06-18,
U0136,PL1008,view,0,2024-08-26,
U0175,PL1036,view,0,2025-06-15,
U0362,PL1019,view,0,2025-05-06,
U0311,PL1035,enroll,1,2025-06-21,
U0148,PL1004,shortlist,0,2025-06-15,
U0184,PL1060,view,0,2025-08-18,
U0480,PL1052,click,0,2025-03-07,
U0232,PL1012,view,0,2024-10-13,
U0141,PL1016,view,0,2025-05-19,
U0318,PL1040,shortlist,0,2025-08-27,
U0286,PL1044,view,0,2024-09-14,
U0428,PL1032,view,0,2025-08-29,
U0325,PL1045,shortlist,0,2025-05-11,
U0109,PL1016,click,0,2024-12-12,
U0270,PL1002,view,0,2025-07-01,
U0352,PL1053,shortlist,0,2025-07-18,
U0431,PL1057,view,0,2025-05-25,
U0131,PL1042,view,0,2025-04-25,
U0393,PL1024,click,0,2025-04-07,
U0198,PL1050,click,0,2024-11-13,
U0158,PL1006,click,0,2024-09-27,
U0461,PL1048,view,0,2024-04-26,
U0322,PL1018,view,0,2025-06-24,
U0136,PL1016,view,0,2025-06-03,
U0082,PL1019,shortlist,0,2024-09-28,
U0036,PL1013,view,0,2025-05-09,
U0465,PL1033,view,0,2025-09-08,
U0351,PL1035,click,0,2025-05-02,
U0165,PL1047,click,0,2025-04-17,
U0077,PL1054,view,0,2024-05-07,
U0134,PL1042,click,0,2025-06-03,
U0402,PL1019,click,0,2025-02-11,
U0370,PL1049,view,0,2025-01-30,
U0473,PL1056,view,0,2024-12-07,
U0419,PL1032,click,0,2025-01-04,
U0035,PL1008,click,0,2024-12-05,
U0259,PL1057,click,0,2025-08-06,
U0353,PL1047,click,0,2025-09-04,
U0353,PL1060,view,0,2025-08-23,
U0106,PL1009,shortlist,0,2025-05-03,
U0361,PL1034,view,0,2025-01-06,
U0337,PL1001,view,0,2024-06-05,
U0264,PL1031,click,0,2025-01-11,
U0439,PL1033,view,0,2025-01-05,
U0205,PL1039,click,0,2024-12-09,
U0441,PL1057,view,0,2024-07-08,
U0069,PL1010,view,0,2024-09-26,
U0146,PL1049,view,0,2024-12-11,
U0159,PL1009,click,0,2025-02-23,
U0011,PL1012,view,0,2024-09-27,
U0145,PL1030,click,0,2024-08-29,
U0085,PL1052,click,0,2024-07-07,
U0467,PL1019,click,0,2025-01-16,
U0411,PL1054,view,0,2025-05-27,
U0448,PL1017,view,0,2025-02-19,
U0079,PL1002,view,0,2025-01-12,
U0325,PL1054,view,0,2025-01-08,
U0262,PL1008,view,0,2024-08-09,
U0161,PL1037,click,0,2024-10-09,
U0328,PL1049,view,0,2024-06-29,
U0033,PL1060,click,0,2024-12-25,
U0168,PL1056,view,0,2024-07-11,
U0028,PL1020,view,0,2025-08-25,
U0299,PL1040,view,0,2025-03-03,
U0177,PL1002,shortlist,0,2024-09-25,
U0498,PL1015,view,0,2025-01-26,
U0496,PL1025,click,0,2025-06-23,
U0365,PL1007,click,0,2025-07-20,
U0171,PL1034,click,0,2025-04-02,
U0064,PL1032,view,0,2024-07-25,
U0361,PL1023,click,0,2025-06-22,
U0108,PL1013,click,0,2025-05-04,
U0421,PL1008,view,0,2025-01-16,
U0156,PL1050,view,0,2025-01-24,
U0306,PL1028,view,0,2025-08-12,
U0440,PL1044,view,0,2025-06-17,
U0100,PL1024,click,0,2024-06-01,
U0091,PL1040,click,0,2024-12-07,
U0386,PL1057,click,0,2025-07-25,
U0407,PL1019,view,0,2024-12-26,
U0232,PL1025,click,0,2025-05-19,
U0192,PL1038,shortlist,0,2025-02-04,
U0087,PL1016,click,0,2025-03-17,
U0255,PL1011,view,0,2025-01-20,
U0339,PL1034,view,0,2025-06-12,
U0406,PL1013,shortlist,0,2025-08-13,
U0448,PL1008,view,0,2025-05-20,
U0187,PL1029,view,0,2025-05-26,
U0181,PL1024,view,0,2024-05-01,
U0024,PL1021,view,0,2024-08-08,
U0164,PL1022,view,0,2025-06-23,
U0071,PL1029,view,0,2025-02-18,
U0123,PL1013,click,0,2024-11-09,
U0210,PL1054,view,0,2025-02-23,
U0016,PL1041,click,0,2024-11-30,
U0420,PL1009,view,0,2025-07-09,
U0144,PL1007,view,0,2024-10-06,
U0277,PL1027,view,0,2025-04-24,
U0233,PL1002,view,0,2024-10-10,
U0020,PL1010,click,0,2024-07-01,
U0113,PL1052,view,0,2024-12-02,
U0124,PL1039,view,0,2025-01-26,
U0427,PL1052,view,0,2024-09-19,
U0284,PL1006,view,0,2025-08-27,
U0415,PL1048,view,0,2025-07-18,
U0331,PL1011,click,0,2025-02-25,
U0238,PL1050,view,0,2024-08-14,
U0378,PL1059,click,0,2025-06-18,
U0342,PL1015,click,0,2024-05-10,
U0277,PL1024,shortlist,0,2025-05-26,
U0295,PL1047,click,0,2025-02-25,
U0305,PL1054,view,0,2024-09-19,
U0138,PL1016,view,0,2025-04-04,
U0454,PL1050,click,0,2025-07-06,
U0306,PL1039,click,0,2024-09-30,
U0185,PL1017,view,0,2024-10-26,
U0055,PL1051,click,0,2025-09-08,
U0471,PL1052,view,0,2024-07-02,
U0078,PL1014,view,0,2025-09-28,
U0456,PL1037,view,0,2025-06-17,
U0264,PL1027,click,0,2024-08-19,
U0172,PL1020,view,0,2025-05-03,
U0242,PL1008,view,0,2025-06-25,
U0120,PL1060,view,0,2024-12-03,
U0056,PL1022,view,0,2024-09-13,
U0020,PL1040,click,0,2024-07-01,
U0447,PL1017,view,0,2025-03-15,
U0088,PL1028,view,0,2025-06-09,
U0323,PL1027,click,0,2024-08-06,
U0453,PL1037,click,0,2025-02-04,
U0236,PL1054,click,0,2024-08-23,
U0236,PL1019,view,0,2024-07-22,
U0308,PL1050,view,0,2025-06-23,
U0136,PL1012,click,0,2024-10-18,
U0185,PL1053,click,0,2025-06-28,
U0295,PL1040,click,0,2025-08-03,
U0231,PL1005,view,0,2025-07-31,
U0103,PL1024,click,0,2025-02-25,
U0100,PL1037,view,0,2025-05-18,
U0399,PL1024,view,0,2024-12-28,
U0450,PL1023,view,0,2025-03-06,
U0307,PL1052,view,0,2025-01-27,
U0087,PL1004,click,0,2024-09-16,
U0195,PL1036,view,0,2024-11-20,
U0133,PL1060,view,0,2025-09-11,
U0153,PL1055,view,0,2024-08-17,
U0366,PL1006,click,0,2025-08-16,
U0221,PL1054,click,0,2024-06-19,
U0123,PL1050,view,0,2024-05-12,
U0162,PL1015,view,0,2025-06-09,
U0228,PL1056,view,0,2025-07-12,
U0233,PL1014,click,0,2025-04-26,
U0139,PL1023,click,0,2024-06-21,
U0356,PL1043,view,0,2025-05-26,
U0314,PL1034,view,0,2025-01-06,
U0019,PL1005,view,0,2024-11-01,
U0318,PL1047,view,0,2025-08-14,
U0362,PL1048,click,0,2025-07-01,
U0327,PL1021,view,0,2025-07-30,
U0374,PL1011,view,0,2025-02-04,
U0410,PL1042,view,0,2025-03-24,
U0376,PL1003,view,0,2025-08-06,
U0236,PL1055,view,0,2024-07-22,
U0082,PL1036,view,0,2025-07-17,
U0250,PL1031,view,0,2025-09-24,
U0230,PL1018,view,0,2024-08-28,
U0400,PL1017,click,0,2024-10-31,
U0353,PL1039,view,0,2024-05-29,
U0442,PL1028,click,0,2025-07-14,
U0284,PL1035,view,0,2024-07-16,
U0135,PL1019,view,0,2024-11-27,
U0072,PL1036,view,0,2024-05-15,
U0163,PL1033,click,0,2024-08-20,
U0358,PL1053,view,0,2025-05-15,
U0295,PL1023,click,0,2025-06-19,
U0089,PL1023,view,0,2024-06-13,
U0385,PL1050,view,0,2025-09-04,
U0049,PL1009,view,0,2024-12-19,
U0361,PL1021,click,0,2025-04-19,
U0436,PL1025,view,0,2024-11-08,
U0437,PL1016,view,0,2024-04-11,
U0155,PL1049,view,0,2024-05-21,
U0234,PL1023,view,0,2024-10-30,
U0404,PL1037,view,0,2024-12-30,
U0341,PL1037,view,0,2025-08-23,
U0297,PL1004,click,0,2024-08-07,
U0102,PL1007,click,0,2025-01-10,
U0107,PL1059,view,0,2024-06-04,
U0060,PL1058,view,0,2024-04-13,
U0087,PL1008,view,0,2024-10-30,
U0369,PL1024,click,0,2024-10-04,
U0330,PL1039,view,0,2024-10-04,
U0035,PL1003,view,0,2025-06-05,
U0414,PL1032,view,0,2025-02-11,
U0171,PL1012,click,0,2025-08-29,
U0350,PL1061,view,0,2024-12-15,
U0010,PL1018,enroll,1,2024-06-04,
U0307,PL1022,view,0,2024-07-12,
U0130,PL1014,view,0,2025-08-13,
U0345,PL1025,view,0,2025-09-21,
U0166,PL1002,view,0,2025-06-29,
U0194,PL1050,click,0,2025-04-16,
U0487,PL1053,view,0,2025-09-17,
U0472,PL1059,view,0,2024-08-10,
U0498,PL1028,view,0,2024-05-03,
U0123,PL1051,view,0,2025-09-05,
U0291,PL1034,view,0,2024-06-29,
U0071,PL1022,view,0,2025-03-22,
U0111,PL1047,click,0,2024-11-30,
U0287,PL1014,click,0,2025-04-19,
U0142,PL1021,view,0,2025-01-12,
U0465,PL1013,click,0,2024-11-19,
U0071,PL1021,click,0,2025-08-04,
U0016,PL1037,view,0,2024-12-24,
U0170,PL1007,shortlist,0,2025-05-15,
U0430,PL1017,shortlist,0,2025-05-25,
U0119,PL1060,view,0,2025-01-05,
U0132,PL1009,view,0,2025-01-03,
U0122,PL1016,view,0,2025-06-04,
U0112,PL1012,view,0,2025-04-19,
U0443,PL1012,click,0,2025-09-09,
U0498,PL1022,view,0,2025-07-30,
U0308,PL1031,view,0,2025-03-28,
U0284,PL1054,view,0,2024-05-03,
U0208,PL1008,shortlist,0,2025-02-08,
U0153,PL1039,click,0,2024-05-28,
U0478,PL1003,shortlist,0,2025-05-09,
U0196,PL1023,click,0,2024-10-21,
U0393,PL1016,view,0,2024-11-09,
U0401,PL1026,view,0,2024-05-28,
U0141,PL1050,shortlist,0,2025-01-26,
U0094,PL1005,view,0,2024-08-12,
U0142,PL1042,click,0,2025-01-17,
U0470,PL1017,view,0,2025-08-28,
U0164,PL1008,view,0,2025-08-18,
U0473,PL1058,shortlist,0,2025-08-05,
U0093,PL1005,view,0,2024-06-14,
U0376,PL1008,view,0,2025-03-13,
U0459,PL1033,view,0,2024-05-08,
U0427,PL1020,view,0,2024-11-09,
U0458,PL1015,view,0,2025-03-25,
U0277,PL1012,view,0,2025-01-13,
U0158,PL1036,view,0,2024-08-14,
U0183,PL1002,view,0,2024-11-08,
U0267,PL1001,click,0,2025-06-30,
U0218,PL1051,click,0,2024-07-11,
U0307,PL1039,view,0,2025-08-20,
U0155,PL1046,click,0,2025-03-15,
U0439,PL1010,view,0,2025-05-28,
U0088,PL1005,click,0,2025-08-11,
U0412,PL1007,click,0,2025-09-04,
U0003,PL1026,view,0,2024-10-05,
U0055,PL1027,view,0,2025-03-06,
U0490,PL1006,click,0,2024-06-03,
U0312,PL1041,view,0,2025-06-05,
U0120,PL1029,view,0,2025-01-26,
U0317,PL1044,view,0,2024-10-07,
U0116,PL1022,view,0,2025-06-26,
U0173,PL1061,click,0,2025-05-24,
U0433,PL1045,click,0,2025-07-10,
U0080,PL1037,view,0,2024-10-06,
U0346,PL1023,view,0,2025-02-17,
U0274,PL1010,view,0,2024-11-21,
U0039,PL1013,view,0,2025-09-07,
U0397,PL1036,click,0,2024-10-28,
U0294,PL1042,click,0,2025-09-26,
U0474,PL1008,click,0,2025-09-13,
U0282,PL1024,view,0,2025-07-17,
U0456,PL1060,click,0,2024-07-18,
U0321,PL1016,view,0,2025-09-19,
U0303,PL1017,click,0,2025-07-21,
U0154,PL1012,click,0,2025-04-04,
U0149,PL1004,click,0,2025-01-11,
U0054,PL1050,shortlist,0,2024-05-05,
U0232,PL1004,shortlist,0,2025-03-17,
U0455,PL1043,click,0,2025-04-26,
U0305,PL1028,click,0,2024-10-30,
U0068,PL1022,click,0,2025-05-09,
U0258,PL1013,view,0,2024-08-04,
U0248,PL1037,view,0,2025-07-16,
U0281,PL1025,view,0,2025-04-09,
U0449,PL1055,view,0,2024-04-23,
U0238,PL1047,click,0,2024-06-16,
U0382,PL1027,view,0,2025-03-14,
U0318,PL1024,click,0,2025-04-01,
U0070,PL1003,click,0,2024-04-15,
U0437,PL1026,shortlist,0,2024-11-07,
U0034,PL1011,click,0,2025-09-25,
U0035,PL1060,click,0,2025-08-14,
U0171,PL1001,click,0,2024-06-22,
U0398,PL1056,view,0,2024-05-23,
U0277,PL1059,view,0,2025-05-28,
U0465,PL1051,view,0,2024-08-06,
U0299,PL1014,view,0,2024-08-28,
U0294,PL1058,view,0,2025-02-09,
U0192,PL1006,enroll,1,2024-07-09,
U0174,PL1054,click,0,2025-01-13,
U0369,PL1027,view,0,2024-08-17,
U0016,PL1034,view,0,2025-06-19,
U0244,PL1039,click,0,2025-03-21,
U0348,PL1016,view,0,2024-06-02,
U0494,PL1042,click,0,2024-08-02,
U0464,PL1018,view,0,2025-05-30,
U0178,PL1011,click,0,2025-03-23,
U0135,PL1027,view,0,2024-11-04,
U0429,PL1016,view,0,2025-09-13,
U0330,PL1042,click,0,2025-02-07,
U0303,PL1027,view,0,2025-04-23,
U0470,PL1036,click,0,2024-05-22,
U0101,PL1035,click,0,2024-05-17,
U0395,PL1054,view,0,2025-02-22,
U0151,PL1049,view,0,2024-08-03,
U0497,PL1025,shortlist,0,2025-01-09,
U0178,PL1018,view,0,2024-12-13,
U0055,PL1045,click,0,2025-09-09,
U0128,PL1003,click,0,2025-04-30,
U0382,PL1048,view,0,2024-05-02,
U0158,PL1033,click,0,2024-11-27,
U0236,PL1013,view,0,2024-04-30,
U0410,PL1001,view,0,2025-09-02,
U0009,PL1042,enroll,1,2025-05-11,
U0121,PL1036,view,0,2024-11-06,
U0068,PL1001,view,0,2025-08-05,
U0461,PL1042,view,0,2025-05-28,
U0494,PL1022,view,0,2024-10-18,
U0464,PL1052,view,0,2025-02-03,
U0451,PL1059,view,0,2024-05-16,
U0091,PL1008,click,0,2025-03-25,
U0221,PL1042,click,0,2024-10-28,
U0393,PL1017,view,0,2025-02-25,
U0141,PL1011,view,0,2025-04-08,
U0091,PL1023,click,0,2025-07-03,
U0437,PL1016,view,0,2025-02-23,
U0177,PL1027,view,0,2025-01-12,
U0125,PL1003,view,0,2025-05-09,
U0063,PL1046,click,0,2024-12-03,
U0432,PL1036,view,0,2024-08-15,
U0113,PL1035,click,0,2025-04-08,
U0400,PL1053,view,0,2024-12-09,
U0111,PL1002,view,0,2025-01-19,
U0255,PL1037,view,0,2025-05-10,
U0178,PL1023,view,0,2025-02-28,
U0270,PL1052,view,0,2025-03-11,
U0414,PL1024,view,0,2025-04-07,
U0285,PL1041,click,0,2025-01-03,
U0498,PL1019,click,0,2025-02-03,
U0413,PL1053,shortlist,0,2024-09-27,
U0286,PL1060,view,0,2025-07-19,
U0286,PL1014,view,0,2024-12-31,
U0229,PL1022,view,0,2025-07-24,
U0324,PL1030,click,0,2025-01-27,
U0181,PL1039,view,0,2025-01-25,
U0494,PL1028,view,0,2024-06-06,
U0488,PL1022,click,0,2025-04-08,
U0030,PL1048,view,0,2024-10-05,
U0216,PL1012,shortlist,0,2025-05-17,
U0010,PL1024,view,0,2025-02-20,
U0410,PL1037,click,0,2024-04-08,
U0255,PL1058,click,0,2024-04-12,
U0240,PL1028,view,0,2025-05-01,
U0229,PL1018,view,0,2024-11-28,
U0333,PL1056,click,0,2025-06-18,
U0295,PL1001,click,0,2025-06-22,
U0288,PL1022,view,0,2025-05-30,
U0433,PL1045,view,0,2024-10-23,
U0303,PL1011,view,0,2025-07-28,
U0421,PL1022,view,0,2024-10-22,
U0488,PL1016,view,0,2024-11-12,
U0092,PL1016,click,0,2025-03-24,
U0144,PL1056,view,0,2025-09-09,
U0320,PL1042,click,0,2025-04-08,
U0324,PL1061,click,0,2024-10-21,
U0284,PL1015,click,0,2024-08-21,
U0438,PL1006,view,0,2024-11-24,
U0170,PL1057,view,0,2025-08-14,
U0174,PL1054,view,0,2024-04-28,
U0306,PL1023,click,0,2024-06-13,
U0136,PL1035,click,0,2024-08-05,
U0056,PL1009,view,0,2024-06-22,
U0418,PL1045,view,0,2024-06-01,
U0404,PL1026,view,0,2025-06-03,
U0112,PL1058,view,0,2025-06-17,
U0193,PL1030,click,0,2024-06-26,
U0004,PL1056,click,0,2024-05-21,
U0116,PL1032,view,0,2025-01-21,
U0421,PL1020,view,0,2025-03-24,
U0013,PL1059,click,0,2024-08-22,
U0299,PL1011,view,0,2024-08-01,
U0406,PL1026,click,0,2024-05-13,
U0419,PL1025,shortlist,0,2025-08-20,
U0083,PL1051,view,0,2024-09-09,
U0227,PL1033,view,0,2025-07-22,
U0253,PL1008,view,0,2024-06-24,
U0052,PL1025,click,0,2025-08-24,
U0058,PL1058,view,0,2024-07-21,
U0229,PL1027,view,0,2024-04-22,
U0156,PL1008,click,0,2025-02-11,
U0300,PL1052,click,0,2024-08-17,
U0084,PL1029,click,0,2024-10-30,
U0294,PL1014,view,0,2024-11-12,
U0367,PL1016,view,0,2025-09-01,
U0031,PL1045,enroll,1,2024-12-06,
U0370,PL1039,click,0,2025-04-17,
U0499,PL1029,view,0,2025-07-16,
U0026,PL1058,view,0,2025-08-08,
U0270,PL1031,click,0,2025-04-17,
U0270,PL1038,view,0,2024-07-23,
U0386,PL1059,view,0,2024-05-07,
U0412,PL1036,view,0,2025-09-14,
U0413,PL1024,view,0,2024-07-28,
U0340,PL1003,view,0,2025-03-03,
U0072,PL1023,view,0,2024-10-03,
U0041,PL1060,click,0,2025-05-03,
U0005,PL1020,click,0,2025-01-19,
U0425,PL1015,click,0,2025-07-16,
U0462,PL1042,click,0,2025-05-28,
U0285,PL1022,view,0,2025-07-24,
U0233,PL1046,view,0,2024-10-02,
U0461,PL1020,view,0,2025-06-19,
U0218,PL1030,click,0,2025-08-21,
U0429,PL1016,view,0,2025-01-02,
U0266,PL1038,shortlist,0,2024-06-30,
U0362,PL1038,enroll,1,2024-11-20,
U0410,PL1039,view,0,2025-05-30,
U0035,PL1004,view,0,2024-08-12,
U0391,PL1005,view,0,2024-11-20,
U0090,PL1015,view,0,2024-10-07,
U0249,PL1009,view,0,2024-11-14,
U0078,PL1038,view,0,2024-09-11,
U0160,PL1050,view,0,2025-01-05,
U0121,PL1014,view,0,2024-11-23,
U0431,PL1041,view,0,2025-04-16,
U0187,PL1027,view,0,2025-08-21,
U0366,PL1009,click,0,2024-09-15,
U0114,PL1045,click,0,2024-10-28,
U0396,PL1011,click,0,2024-10-29,
U0380,PL1002,click,0,2025-01-22,
U0242,PL1045,view,0,2025-08-07,
U0341,PL1032,view,0,2024-06-29,
U0260,PL1006,shortlist,0,2025-02-10,
U0151,PL1030,view,0,2025-03-25,
U0228,PL1031,view,0,2024-11-13,
U0400,PL1007,view,0,2025-02-27,
U0389,PL1030,click,0,2025-03-14,
U0102,PL1008,view,0,2025-08-29,
U0154,PL1050,view,0,2024-05-15,
U0130,PL1035,click,0,2025-04-11,
U0072,PL1021,click,0,2025-03-10,
U0394,PL1055,view,0,2025-04-27,
U0207,PL1032,click,0,2025-05-31,
U0218,PL1050,view,0,2025-02-08,
U0088,PL1056,view,0,2025-07-21,
U0011,PL1048,view,0,2024-05-28,
U0125,PL1015,click,0,2025-07-26,
U0281,PL1050,view,0,2025-03-15,
U0311,PL1033,click,0,2024-10-07,
U0470,PL1054,click,0,2025-06-16,
U0438,PL1055,click,0,2025-01-17,
U0197,PL1027,view,0,2025-06-06,
U0163,PL1057,view,0,2025-08-18,
U0497,PL1058,view,0,2024-09-27,
U0464,PL1029,click,0,2024-08-19,
U0004,PL1026,view,0,2025-04-03,
U0097,PL1021,view,0,2024-07-10,
U0006,PL1051,shortlist,0,2024-07-08,
U0433,PL1002,view,0,2024-08-06,
U0150,PL1051,view,0,2025-06-29,
U0384,PL1028,click,0,2024-12-24,
U0259,PL1008,shortlist,0,2024-05-02,
U0178,PL1023,click,0,2025-04-12,
U0052,PL1024,click,0,2025-07-21,
U0188,PL1008,view,0,2024-09-29,
U0277,PL1060,click,0,2024-12-18,
U0317,PL1020,click,0,2025-01-19,
U0255,PL1026,view,0,2024-10-16,
U0255,PL1005,view,0,2024-10-21,
U0063,PL1059,view,0,2025-06-14,
U0172,PL1020,click,0,2024-07-14,
U0054,PL1035,click,0,2025-07-14,
U0264,PL1051,click,0,2025-03-19,
U0086,PL1029,click,0,2025-06-11,
U0148,PL1030,click,0,2025-01-15,
U0340,PL1016,view,0,2024-04-29,
U0380,PL1015,click,0,2025-07-19,
U0487,PL1019,view,0,2024-06-08,
U0482,PL1016,view,0,2025-01-31,
U0214,PL1054,view,0,2025-08-24,
U0015,PL1053,view,0,2025-09-11,
U0385,PL1058,view,0,2025-03-07,
U0126,PL1024,shortlist,0,2024-11-03,
U0463,PL1018,view,0,2025-08-31,
U0158,PL1044,view,0,2024-07-07,
U0059,PL1024,view,0,2024-08-20,
U0408,PL1039,view,0,2024-05-27,
U0103,PL1030,view,0,2024-07-28,
U0124,PL1054,view,0,2025-09-29,
U0271,PL1027,view,0,2025-01-12,
U0195,PL1054,view,0,2024-10-26,
U0413,PL1026,shortlist,0,2024-07-17,
U0032,PL1034,view,0,2025-01-19,
U0395,PL1058,view,0,2024-05-05,
U0273,PL1021,click,0,2024-10-12,
U0486,PL1021,view,0,2024-12-12,
U0223,PL1022,shortlist,0,2025-09-23,
U0016,PL1014,view,0,2025-07-26,
U0258,PL1018,click,0,2024-12-09,
U0407,PL1009,view,0,2024-05-18,
U0156,PL1038,view,0,2024-10-25,
U0056,PL1045,shortlist,0,2024-05-15,
U0117,PL1020,click,0,2025-08-16,
U0176,PL1012,view,0,2024-09-17,
U0425,PL1019,click,0,2025-06-26,
U0117,PL1006,view,0,2024-11-28,
U0211,PL1009,view,0,2024-12-01,
U0067,PL1008,view,0,2025-04-21,
U0497,PL1035,click,0,2024-04-14,
U0367,PL1024,view,0,2024-12-26,
U0242,PL1052,view,0,2024-12-04,
U0417,PL1046,view,0,2025-04-14,
U0113,PL1010,click,0,2024-09-23,
U0222,PL1020,shortlist,0,2025-09-21,
U0150,PL1020,click,0,2025-09-06,
U0254,PL1059,view,0,2024-08-26,
U0456,PL1044,view,0,2025-08-08,
U0409,PL1040,view,0,2025-07-11,
U0310,PL1010,view,0,2025-03-14,
U0020,PL1053,view,0,2024-08-25,
U0170,PL1010,view,0,2025-07-08,
U0241,PL1051,view,0,2025-07-20,
U0426,PL1042,view,0,2025-01-17,
U0076,PL1020,shortlist,0,2024-10-15,
U0196,PL1052,click,0,2024-10-07,
U0082,PL1048,view,0,2025-02-28,
U0383,PL1051,click,0,2024-04-28,
U0227,PL1017,view,0,2024-10-22,
U0444,PL1009,click,0,2025-07-17,
U0130,PL1043,click,0,2025-07-24,
U0259,PL1012,click,0,2024-04-29,
U0155,PL1060,view,0,2024-08-27,
U0336,PL1050,click,0,2024-05-26,
U0217,PL1019,click,0,2025-07-21,
U0016,PL1017,click,0,2025-02-15,
U0493,PL1046,view,0,2025-06-02,
U0111,PL1029,click,0,2025-04-06,
U0412,PL1035,click,0,2025-03-01,
U0222,PL1030,view,0,2024-07-10,
U0078,PL1001,view,0,2024-08-10,
U0081,PL1023,click,0,2025-05-21,
U0210,PL1051,view,0,2025-08-30,
U0435,PL1045,view,0,2025-06-29,
U0091,PL1010,view,0,2025-09-11,
U0057,PL1002,view,0,2025-05-30,
U0087,PL1018,view,0,2024-08-05,
U0386,PL1018,shortlist,0,2025-02-13,
U0089,PL1017,view,0,2024-05-22,
U0331,PL1037,view,0,2024-10-07,
U0253,PL1010,view,0,2024-06-07,
U0414,PL1018,view,0,2025-06-24,
U0080,PL1040,view,0,2025-04-04,
U0495,PL1022,view,0,2024-12-23,
U0441,PL1012,shortlist,0,2025-02-24,
U0168,PL1027,shortlist,0,2024-06-09,
U0361,PL1046,view,0,2025-05-09,
U0120,PL1036,view,0,2025-05-08,
U0340,PL1003,view,0,2024-12-05,
U0456,PL1014,view,0,2024-04-11,
U0210,PL1007,view,0,2025-06-09,
U0143,PL1044,shortlist,0,2025-06-22,
U0195,PL1054,shortlist,0,2024-06-10,
U0347,PL1023,click,0,2024-08-14,
U0236,PL1034,view,0,2024-07-26,
U0367,PL1004,view,0,2025-06-10,
U0243,PL1001,view,0,2025-09-29,
U0312,PL1059,view,0,2025-05-11,
U0250,PL1058,view,0,2024-09-07,
U0123,PL1017,view,0,2024-06-16,
U0252,PL1006,click,0,2025-01-29,
U0481,PL1014,view,0,2024-12-10,
U0056,PL1052,view,0,2025-06-23,
U0453,PL1027,view,0,2025-09-11,
U0396,PL1025,view,0,2024-10-25,
U0100,PL1021,view,0,2025-05-23,
U0393,PL1002,view,0,2025-05-07,
U0089,PL1002,click,0,2025-08-21,
U0137,PL1044,view,0,2025-07-16,
U0284,PL1029,click,0,2024-12-05,
U0356,PL1001,view,0,2025-03-24,
U0470,PL1050,view,0,2024-06-09,
U0328,PL1048,click,0,2024-09-20,
U0212,PL1061,view,0,2025-05-14,
U0247,PL1016,click,0,2025-06-05,
U0055,PL1012,click,0,2025-06-27,
U0067,PL1049,click,0,2025-09-20,
U0218,PL1044,view,0,2025-07-14,
U0209,PL1035,view,0,2024-07-07,
U0481,PL1041,view,0,2024-10-27,
U0413,PL1028,view,0,2025-08-20,
U0157,PL1006,view,0,2024-11-20,
U0174,PL1051,view,0,2025-08-08,
U0398,PL1040,view,0,2025-02-17,
U0193,PL1059,view,0,2024-04-09,
U0266,PL1031,click,0,2025-03-12,
U0121,PL1038,view,0,2024-06-16,
U0294,PL1026,view,0,2024-06-19,
U0269,PL1009,click,0,2025-01-04,
U0271,PL1014,view,0,2025-02-17,
U0216,PL1051,view,0,2025-08-30,
U0293,PL1033,view,0,2025-02-22,
U0108,PL1019,view,0,2025-08-17,
U0122,PL1006,view,0,2025-05-19,
U0023,PL1040,click,0,2025-04-19,
U0094,PL1024,view,0,2024-09-21,
U0282,PL1024,view,0,2024-10-20,
U0427,PL1043,view,0,2024-07-23,
U0430,PL1020,view,0,2025-01-24,
U0038,PL1041,click,0,2025-08-09,
U0393,PL1004,click,0,2025-02-05,
U0470,PL1023,click,0,2025-06-10,
U0164,PL1020,view,0,2024-12-01,
U0465,PL1013,view,0,2025-09-17,
U0469,PL1050,click,0,2024-12-15,
U0378,PL1024,shortlist,0,2024-04-18,
U0475,PL1001,view,0,2025-09-10,
U0134,PL1006,view,0,2025-06-24,
U0304,PL1027,click,0,2024-11-10,
U0358,PL1025,click,0,2024-12-21,
U0312,PL1046,view,0,2025-03-07,
U0165,PL1007,view,0,2024-05-24,
U0391,PL1053,click,0,2025-03-13,
U0085,PL1038,view,0,2025-06-25,
U0422,PL1028,shortlist,0,2025-05-22,
U0484,PL1058,view,0,2025-04-14,
U0171,PL1044,click,0,2024-08-08,
U0483,PL1053,click,0,2025-05-24,
U0454,PL1020,click,0,2024-06-22,
U0349,PL1044,click,0,2024-08-24,
U0195,PL1048,view,0,2024-09-15,
U0386,PL1019,view,0,2025-08-15,
U0013,PL1052,click,0,2025-05-14,
U0491,PL1008,view,0,2024-09-01,
U0126,PL1041,view,0,2024-07-06,
U0082,PL1016,view,0,2025-02-21,
U0353,PL1015,claim_approved,1,2024-07-11,328484.0
U0348,PL1033,view,0,2025-07-04,
U0069,PL1049,click,0,2024-08-03,
U0422,PL1059,view,0,2025-02-03,
U0298,PL1054,view,0,2024-04-28,
U0215,PL1056,view,0,2025-08-17,
U0381,PL1055,view,0,2024-11-28,
U0197,PL1009,click,0,2024-06-25,
U0018,PL1037,click,0,2025-03-24,
U0363,PL1004,click,0,2025-07-20,
U0158,PL1030,click,0,2025-06-14,
U0489,PL1053,click,0,2025-01-23,
U0482,PL1010,view,0,2025-08-25,
U0313,PL1058,view,0,2025-08-19,
U0198,PL1053,view,0,2024-06-09,
U0217,PL1050,view,0,2025-01-16,
U0198,PL1011,view,0,2025-04-21,
U0014,PL1048,click,0,2025-05-05,
U0292,PL1002,view,0,2025-05-06,
U0124,PL1039,view,0,2024-04-11,
U0028,PL1020,click,0,2025-05-03,
U0304,PL1021,view,0,2025-06-07,
U0458,PL1051,shortlist,0,2025-04-29,
U0054,PL1015,view,0,2024-11-13,
U0392,PL1033,view,0,2025-06-29,
U0125,PL1030,shortlist,0,2024-07-06,
U0468,PL1005,click,0,2024-09-05,
U0155,PL1013,view,0,2024-08-22,
U0446,PL1004,click,0,2025-02-15,
U0492,PL1040,click,0,2024-12-30,
U0026,PL1007,click,0,2025-09-17,
U0243,PL1045,view,0,2025-06-06,
U0213,PL1004,click,0,2025-07-29,
U0121,PL1010,view,0,2024-12-11,
U0366,PL1001,view,0,2024-12-16,
U0434,PL1031,view,0,2024-12-13,
U0237,PL1053,shortlist,0,2025-05-05,
U0341,PL1055,view,0,2024-08-03,
U0356,PL1060,click,0,2025-05-02,
U0285,PL1048,click,0,2025-02-17,
U0471,PL1003,click,0,2025-08-08,
U0489,PL1037,shortlist,0,2024-11-15,
U0045,PL1029,click,0,2025-07-13,
U0160,PL1010,view,0,2024-10-21,
U0328,PL1042,view,0,2025-02-13,
U0225,PL1006,view,0,2025-05-20,
U0099,PL1054,click,0,2024-11-05,
U0433,PL1006,view,0,2024-12-03,
U0054,PL1049,click,0,2024-08-29,
U0164,PL1021,shortlist,0,2025-03-30,
U0047,PL1059,click,0,2025-09-08,
U0379,PL1052,view,0,2025-06-21,
U0443,PL1002,click,0,2024-06-09,
U0107,PL1032,view,0,2025-06-13,
U0203,PL1040,view,0,2025-01-14,
U0114,PL1040,click,0,2024-04-19,
U0157,PL1010,click,0,2024-10-23,
U0162,PL1026,shortlist,0,2025-09-20,
U0486,PL1052,view,0,2024-04-22,
U0259,PL1031,view,0,2024-10-21,
U0444,PL1041,click,0,2024-06-07,
U0026,PL1056,shortlist,0,2025-02-16,
U0426,PL1036,click,0,2024-09-29,
U0303,PL1012,view,0,2025-04-08,
U0104,PL1053,click,0,2024-09-29,
U0395,PL1042,click,0,2025-02-13,
U0142,PL1040,view,0,2024-09-22,
U0270,PL1047,view,0,2025-02-15,
U0228,PL1060,view,0,2025-08-04,
U0429,PL1055,view,0,2024-05-10,
U0299,PL1024,view,0,2024-08-18,
U0025,PL1043,click,0,2024-04-08,
U0299,PL1011,view,0,2024-05-18,
U0372,PL1005,click,0,2025-08-11,
U0169,PL1037,shortlist,0,2024-10-10,
U0327,PL1061,view,0,2025-02-03,
U0462,PL1036,view,0,2024-11-13,
U0387,PL1010,shortlist,0,2025-03-02,
U0429,PL1006,view,0,2024-08-04,
U0394,PL1049,view,0,2024-05-18,
U0157,PL1015,view,0,2025-09-08,
U0208,PL1005,click,0,2024-07-30,
U0303,PL1031,click,0,2025-06-23,
U0434,PL1001,click,0,2025-08-07,
U0343,PL1050,view,0,2024-04-30,
U0042,PL1051,view,0,2024-10-06,
U0365,PL1025,shortlist,0,2025-08-13,
U0412,PL1061,view,0,2024-09-20,
U0151,PL1059,click,0,2024-08-04,
U0342,PL1054,click,0,2024-12-31,
U0349,PL1006,view,0,2025-02-27,
U0162,PL1052,view,0,2025-04-21,
U0073,PL1030,click,0,2025-01-22,
U0159,PL1029,view,0,2024-04-24,
U0119,PL1054,view,0,2024-09-12,
U0476,PL1054,view,0,2025-07-27,
U0163,PL1030,view,0,2024-12-19,
U0092,PL1037,view,0,2024-08-19,
U0463,PL1005,shortlist,0,2025-07-29,
U0082,PL1039,click,0,2025-08-13,
U0385,PL1012,click,0,2024-06-04,
U0481,PL1030,click,0,2025-06-30,
U0395,PL1002,click,0,2025-08-02,
U0388,PL1019,view,0,2024-05-16,
U0295,PL1026,click,0,2024-07-18,
U0393,PL1031,click,0,2024-09-06,
U0421,PL1007,click,0,2025-08-15,
U0102,PL1026,click,0,2025-02-04,
U0316,PL1019,view,0,2025-02-12,
U0257,PL1009,click,0,2024-06-02,
U0127,PL1007,shortlist,0,2025-02-06,
U0056,PL1040,click,0,2025-05-05,
U0292,PL1035,click,0,2025-02-03,
U0240,PL1037,click,0,2024-06-18,
U0493,PL1012,view,0,2025-08-24,
U0370,PL1061,shortlist,0,2025-04-04,
U0455,PL1052,view,0,2024-07-04,
U0090,PL1003,click,0,2025-06-01,
U0029,PL1037,click,0,2025-07-07,
U0146,PL1006,shortlist,0,2024-11-20,
U0020,PL1047,view,0,2024-12-20,
U0489,PL1003,click,0,2024-06-26,
U0030,PL1035,click,0,2025-05-18,
U0252,PL1031,view,0,2025-04-10,
U0136,PL1017,view,0,2025-05-01,
U0493,PL1046,view,0,2024-04-18,
U0275,PL1008,view,0,2025-03-20,
U0197,PL1025,click,0,2025-09-21,
U0272,PL1043,view,0,2024-10-18,
U0056,PL1005,view,0,2024-08-06,
U0196,PL1021,view,0,2025-05-06,
U0324,PL1003,click,0,2025-09-21,
U0357,PL1013,view,0,2025-08-20,
U0119,PL1054,view,0,2025-05-01,
U0013,PL1037,view,0,2024-11-09,
U0107,PL1032,click,0,2024-07-15,
U0499,PL1055,click,0,2025-05-02,
U0250,PL1051,view,0,2024-06-26,
U0292,PL1040,view,0,2024-12-26,
U0115,PL1045,view,0,2025-01-06,
U0187,PL1055,view,0,2025-03-07,
U0039,PL1007,shortlist,0,2024-09-20,
U0158,PL1036,click,0,2024-09-26,
U0173,PL1060,view,0,2025-02-06,
U0178,PL1018,view,0,2024-09-03,
U0029,PL1002,click,0,2024-06-26,
U0127,PL1016,view,0,2025-05-30,
U0367,PL1061,view,0,2025-09-22,
U0348,PL1057,view,0,2024-06-17,
U0156,PL1014,click,0,2025-02-15,
U0029,PL1010,click,0,2025-05-08,
U0103,PL1018,shortlist,0,2024-07-19,
U0370,PL1054,click,0,2025-01-22,
U0025,PL1045,view,0,2024-05-05,
U0436,PL1043,click,0,2025-09-19,
U0070,PL1018,view,0,2024-08-25,
U0318,PL1017,shortlist,0,2025-05-09,
U0450,PL1036,view,0,2025-05-07,
U0404,PL1003,view,0,2024-07-01,
U0141,PL1028,shortlist,0,2024-05-13,
U0366,PL1007,view,0,2024-06-09,
U0093,PL1035,click,0,2024-10-10,
U0412,PL1022,view,0,2024-10-19,
U0230,PL1028,view,0,2025-03-31,
U0243,PL1046,click,0,2024-12-26,
U0421,PL1037,view,0,2025-03-23,
U0125,PL1039,view,0,2025-02-15,
U0102,PL1041,click,0,2024-08-27,
U0042,PL1026,view,0,2024-10-17,
U0399,PL1057,view,0,2025-04-21,
U0145,PL1013,click,0,2025-03-09,
U0367,PL1047,view,0,2024-09-16,
U0408,PL1040,view,0,2025-09-23,
U0223,PL1024,view,0,2025-03-30,
U0366,PL1040,view,0,2025-01-10,
U0469,PL1053,view,0,2025-02-20,
U0074,PL1015,view,0,2025-03-21,
U0465,PL1049,view,0,2024-09-20,
U0170,PL1023,view,0,2025-06-21,
U0344,PL1025,click,0,2025-04-28,
U0080,PL1024,view,0,2025-01-29,
U0149,PL1001,click,0,2024-05-24,
U0169,PL1045,view,0,2025-04-30,
U0124,PL1040,shortlist,0,2024-04-21,
U0447,PL1059,view,0,2024-07-19,
U0283,PL1004,shortlist,0,2024-08-06,
U0056,PL1053,view,0,2025-05-18,
U0080,PL1011,view,0,2024-11-09,
U0311,PL1054,click,0,2024-05-13,
U0093,PL1052,view,0,2024-07-10,
U0222,PL1055,view,0,2024-09-18,
U0064,PL1044,view,0,2025-08-10,
U0268,PL1052,click,0,2024-04-10,
U0016,PL1041,view,0,2025-03-13,
U0267,PL1046,view,0,2024-11-20,
U0435,PL1009,click,0,2024-08-13,
U0490,PL1038,view,0,2024-12-16,
U0446,PL1024,view,0,2025-02-26,
U0096,PL1009,click,0,2025-04-28,
U0333,PL1004,view,0,2025-05-11,
U0293,PL1059,view,0,2024-09-01,
U0378,PL1052,view,0,2025-01-12,
U0031,PL1053,view,0,2024-04-18,
U0201,PL1060,view,0,2025-02-25,
U0372,PL1033,view,0,2025-08-11,
U0450,PL1022,view,0,2024-09-10,
U0336,PL1049,view,0,2025-08-14,
U0236,PL1004,view,0,2024-06-19,
U0259,PL1037,click,0,2024-09-20,
U0145,PL1026,click,0,2025-02-03,
U0251,PL1049,view,0,2025-08-10,
U0329,PL1022,view,0,2024-08-19,
U0420,PL1027,click,0,2024-12-04,
U0337,PL1051,view,0,2024-07-08,
U0124,PL1042,click,0,2025-01-05,
U0138,PL1023,click,0,2025-02-20,
U0227,PL1055,click,0,2025-04-22,
U0305,PL1043,view,0,2024-09-26,
U0457,PL1006,click,0,2024-07-10,
U0253,PL1006,view,0,2025-03-24,
U0440,PL1056,view,0,2024-09-25,
U0060,PL1050,view,0,2024-09-16,
U0166,PL1022,view,0,2024-07-13,
U0303,PL1015,view,0,2024-06-12,
U0178,PL1004,shortlist,0,2025-07-30,
U0246,PL1024,view,0,2024-04-24,
U0290,PL1045,view,0,2025-03-30,
U0386,PL1059,view,0,2025-03-27,
U0325,PL1049,click,0,2024-12-28,
U0456,PL1029,shortlist,0,2025-03-29,
U0269,PL1019,click,0,2024-12-03,
U0148,PL1058,view,0,2024-11-04,
U0129,PL1016,click,0,2024-07-19,
U0323,PL1051,view,0,2024-07-20,
U0354,PL1059,click,0,2024-12-18,
U0396,PL1047,shortlist,0,2024-06-30,
U0303,PL1003,view,0,2025-03-22,
U0258,PL1050,click,0,2025-07-22,
U0180,PL1056,shortlist,0,2024-06-27,
U0331,PL1026,view,0,2025-07-09,
U0343,PL1047,click,0,2024-09-16,
U0147,PL1004,view,0,2024-10-09,
U0247,PL1013,click,0,2024-05-27,
U0460,PL1041,view,0,2025-04-02,
U0186,PL1047,view,0,2024-05-20,
U0001,PL1044,click,0,2024-05-17,
U0291,PL1051,view,0,2024-08-08,
U0431,PL1022,view,0,2025-03-14,
U0042,PL1040,view,0,2025-09-25,
U0216,PL1040,view,0,2025-03-08,
U0229,PL1053,click,0,2025-07-08,
U0300,PL1036,view,0,2025-08-22,
U0319,PL1028,view,0,2025-08-29,
U0052,PL1030,click,0,2024-07-11,
U0284,PL1022,click,0,2025-09-25,
U0351,PL1008,view,0,2025-07-12,
U0233,PL1011,view,0,2025-05-07,
U0168,PL1033,view,0,2025-01-21,
U0131,PL1055,view,0,2025-03-23,
U0408,PL1050,click,0,2024-07-18,
U0179,PL1026,view,0,2025-09-19,
U0346,PL1053,click,0,2024-05-11,
U0022,PL1037,click,0,2025-01-01,
U0463,PL1019,view,0,2024-06-05,
U0329,PL1048,view,0,2024-04-17,
U0148,PL1010,view,0,2024-05-27,
U0205,PL1004,view,0,2025-03-31,
U0173,PL1013,view,0,2025-03-25,
U0382,PL1046,view,0,2025-08-31,
U0262,PL1040,view,0,2024-07-12,
U0212,PL1019,view,0,2024-06-02,
U0422,PL1039,click,0,2025-05-15,
U0498,PL1042,view,0,2024-11-08,
U0242,PL1061,view,0,2025-08-12,
U0353,PL1004,shortlist,0,2024-08-10,
U0350,PL1026,click,0,2025-07-18,
U0404,PL1043,click,0,2025-09-24,
U0336,PL1022,view,0,2025-01-23,
U0480,PL1024,click,0,2024-07-23,
U0244,PL1052,view,0,2025-03-23,
U0446,PL1011,view,0,2024-06-17,
U0231,PL1019,click,0,2025-01-30,
U0280,PL1055,click,0,2025-09-24,
U0140,PL1025,shortlist,0,2024-09-22,
U0341,PL1055,view,0,2025-03-15,
U0058,PL1049,click,0,2025-03-29,
U0061,PL1042,view,0,2025-06-02,
U0060,PL1022,view,0,2024-04-27,
U0455,PL1030,shortlist,0,2025-02-08,
U0056,PL1027,view,0,2024-05-19,
U0488,PL1013,view,0,2024-10-17,
U0327,PL1018,view,0,2025-06-23,
U0478,PL1049,view,0,2025-03-28,
U0080,PL1054,view,0,2024-09-22,
U0288,PL1005,view,0,2025-08-22,
U0418,PL1038,click,0,2025-07-02,
U0142,PL1001,view,0,2024-08-14,
U0032,PL1033,view,0,2024-05-13,
U0060,PL1025,view,0,2024-09-29,
U0092,PL1019,view,0,2024-06-24,
U0004,PL1029,view,0,2024-12-22,
U0327,PL1044,view,0,2024-12-10,
U0156,PL1046,click,0,2025-04-03,
U0498,PL1002,view,0,2024-05-11,
U0203,PL1042,click,0,2024-11-25,
U0350,PL1051,click,0,2025-04-23,
U0074,PL1034,view,0,2024-11-06,
U0445,PL1050,shortlist,0,2024-06-28,
U0232,PL1028,view,0,2025-04-20,
U0332,PL1020,view,0,2025-03-09,
U0233,PL1008,click,0,2025-04-08,
U0335,PL1061,view,0,2024-12-20,
U0361,PL1021,view,0,2025-09-12,
U0240,PL1053,view,0,2025-07-26,
U0161,PL1047,view,0,2025-07-12,
U0098,PL1031,view,0,2024-05-25,
U0491,PL1053,click,0,2025-07-23,
U0276,PL1027,click,0,2024-10-08,
U0430,PL1049,view,0,2025-08-21,
U0224,PL1049,view,0,2025-03-03,
U0425,PL1028,view,0,2024-05-13,
U0119,PL1029,click,0,2024-10-18,
U0154,PL1054,view,0,2025-04-03,
U0071,PL1048,view,0,2025-08-01,
U0003,PL1013,view,0,2024-09-08,
U0376,PL1035,view,0,2025-04-25,
U0067,PL1034,view,0,2025-09-27,
U0044,PL1015,view,0,2024-11-21,
U0334,PL1030,click,0,2024-04-23,
U0174,PL1011,view,0,2025-06-06,
U0138,PL1021,view,0,2025-09-08,
U0447,PL1049,view,0,2024-10-15,
U0458,PL1021,view,0,2024-10-26,
U0182,PL1045,click,0,2024-12-30,
U0134,PL1050,click,0,2024-06-21,
U0002,PL1037,click,0,2025-06-15,
U0283,PL1043,view,0,2025-07-02,
U0268,PL1046,view,0,2025-09-22,
U0340,PL1059,view,0,2025-04-03,
U0432,PL1050,view,0,2025-06-05,
U0344,PL1030,click,0,2025-01-28,
U0434,PL1060,view,0,2025-02-23,
U0143,PL1048,view,0,2024-07-02,
U0290,PL1007,view,0,2024-11-03,
U0162,PL1026,view,0,2025-04-13,
U0096,PL1054,click,0,2024-07-14,
U0031,PL1025,view,0,2024-04-21,
U0176,PL1055,view,0,2025-04-04,
U0335,PL1038,shortlist,0,2024-07-02,
U0068,PL1024,view,0,2024-11-24,
U0278,PL1014,view,0,2025-02-06,
U0048,PL1029,click,0,2024-05-08,
U0051,PL1007,shortlist,0,2024-08-30,
U0335,PL1005,click,0,2025-03-19,
U0434,PL1021,view,0,2025-01-29,
U0191,PL1010,view,0,2024-08-31,
U0222,PL1027,click,0,2024-12-21,
U0032,PL1022,view,0,2024-09-13,
U0100,PL1032,view,0,2024-06-14,
U0020,PL1046,click,0,2024-12-03,
U0019,PL1052,view,0,2025-01-01,
U0457,PL1032,click,0,2024-04-28,
U0270,PL1021,view,0,2024-12-13,
U0353,PL1002,click,0,2025-03-16,
U0442,PL1053,view,0,2024-08-28,
U0103,PL1035,shortlist,0,2025-04-23,
U0337,PL1035,view,0,2025-05-25,
U0003,PL1008,click,0,2024-08-12,
U0058,PL1060,view,0,2024-06-25,
U0289,PL1014,shortlist,0,2024-08-08,
U0377,PL1002,click,0,2024-07-11,
U0364,PL1003,view,0,2025-04-08,
U0075,PL1052,view,0,2024-11-28,
U0064,PL1036,click,0,2024-04-24,
U0152,PL1016,view,0,2025-08-20,
U0455,PL1034,shortlist,0,2025-07-26,
U0482,PL1052,enroll,1,2024-06-05,
U0076,PL1019,view,0,2024-12-31,
U0457,PL1010,view,0,2025-01-15,
U0243,PL1012,shortlist,0,2025-08-14,
U0078,PL1020,view,0,2025-07-31,
U0392,PL1004,view,0,2025-05-03,
U0455,PL1016,view,0,2024-10-21,
U0239,PL1051,shortlist,0,2024-08-18,
U0319,PL1050,view,0,2024-08-13,
U0339,PL1056,click,0,2025-03-09,
U0215,PL1053,view,0,2024-04-08,
U0184,PL1001,view,0,2024-07-18,
U0339,PL1005,click,0,2025-01-05,
U0295,PL1051,click,0,2024-08-06,
U0446,PL1047,click,0,2025-02-07,
U0106,PL1019,view,0,2025-07-16,
U0071,PL1039,click,0,2025-07-08,
U0082,PL1027,click,0,2024-04-08,
U0371,PL1053,view,0,2024-08-08,
U0241,PL1004,view,0,2024-05-25,
U0499,PL1034,click,0,2025-03-23,
U0418,PL1024,click,0,2024-10-16,
U0308,PL1038,view,0,2024-10-29,
U0248,PL1036,view,0,2025-04-14,
U0015,PL1029,view,0,2025-02-05,
U0268,PL1034,click,0,2025-07-08,
U0340,PL1028,view,0,2024-12-13,
U0268,PL1022,view,0,2024-12-20,
U0083,PL1052,click,0,2024-10-20,
U0214,PL1040,click,0,2025-04-29,
U0409,PL1038,view,0,2025-05-04,
U0031,PL1017,view,0,2025-01-09,
U0145,PL1035,view,0,2024-11-27,
U0161,PL1003,click,0,2025-09-26,
U0095,PL1039,click,0,2025-03-16,
U0232,PL1050,click,0,2024-10-16,
U0021,PL1045,view,0,2025-07-23,
U0175,PL1028,click,0,2024-12-28,
U0449,PL1012,view,0,2025-09-19,
U0483,PL1055,view,0,2025-04-16,
U0282,PL1053,click,0,2025-06-30,
U0024,PL1010,view,0,2025-08-01,
U0057,PL1035,shortlist,0,2024-07-18,
U0235,PL1031,click,0,2025-05-14,
U0451,PL1024,click,0,2024-07-28,
U0104,PL1060,shortlist,0,2024-12-09,
U0144,PL1058,view,0,2025-04-09,
U0125,PL1010,view,0,2025-02-15,
U0463,PL1039,click,0,2024-06-08,
U0464,PL1023,view,0,2025-08-15,
U0202,PL1043,click,0,2025-04-20,
U0295,PL1033,view,0,2025-04-20,
U0237,PL1044,click,0,2024-09-13,
U0017,PL1018,click,0,2025-03-21,
U0105,PL1050,click,0,2024-10-05,
U0296,PL1027,view,0,2024-04-14,
U0228,PL1038,view,0,2025-04-28,
U0330,PL1016,click,0,2025-09-15,
U0362,PL1056,view,0,2024-11-09,
U0154,PL1054,view,0,2025-08-29,
U0279,PL1060,click,0,2025-08-21,
U0415,PL1053,view,0,2024-05-21,
U0405,PL1039,shortlist,0,2024-08-17,
U0041,PL1052,click,0,2024-07-30,
U0291,PL1018,view,0,2024-09-26,
U0053,PL1041,shortlist,0,2024-11-26,
U0307,PL1058,click,0,2024-06-12,
U0093,PL1013,view,0,2025-06-06,
U0258,PL1028,click,0,2025-06-17,
U0298,PL1014,view,0,2025-06-07,
U0366,PL1005,view,0,2025-08-25,
U0127,PL1028,view,0,2025-01-19,
U0171,PL1049,view,0,2025-02-12,
U0464,PL1003,view,0,2024-05-11,
U0231,PL1056,shortlist,0,2025-07-16,
U0434,PL1013,view,0,2024-10-17,
U0117,PL1008,click,0,2025-03-29,
U0189,PL1010,view,0,2024-06-22,
U0249,PL1041,view,0,2024-07-29,
U0342,PL1030,view,0,2024-05-23,
U0202,PL1038,view,0,2024-04-11,
U0014,PL1043,click,0,2024-10-24,
U0176,PL1032,view,0,2025-07-22,
U0210,PL1012,view,0,2025-09-15,
U0112,PL1024,view,0,2025-03-14,
U0084,PL1006,click,0,2025-08-17,
U0277,PL1057,view,0,2025-09-20,
U0188,PL1051,view,0,2024-11-03,
U0425,PL1020,click,0,2024-11-03,
U0406,PL1058,shortlist,0,2025-04-13,
U0396,PL1047,view,0,2024-06-03,
U0045,PL1017,view,0,2024-06-12,
U0262,PL1038,view,0,2024-12-28,
U0100,PL1011,click,0,2024-05-10,
U0312,PL1053,click,0,2024-07-29,
U0262,PL1033,view,0,2024-12-23,
U0205,PL1051,view,0,2024-08-31,
U0279,PL1052,view,0,2025-08-30,
U0300,PL1044,click,0,2024-11-21,
U0435,PL1061,view,0,2024-09-08,
U0352,PL1032,view,0,2025-04-08,
U0355,PL1051,view,0,2025-07-14,
U0381,PL1014,view,0,2025-03-29,
U0117,PL1036,view,0,2025-09-22,
U0416,PL1005,view,0,2024-11-22,
U0432,PL1060,click,0,2025-07-20,
U0361,PL1036,click,0,2024-12-22,
U0163,PL1025,view,0,2025-03-19,
U0033,PL1009,view,0,2025-07-07,
U0270,PL1021,view,0,2025-06-04,
U0190,PL1015,shortlist,0,2024-11-16,
U0313,PL1011,click,0,2025-06-25,
U0241,PL1018,click,0,2024-05-05,
U0171,PL1014,shortlist,0,2024-10-27,
U0309,PL1002,view,0,2025-08-11,
U0260,PL1003,click,0,2024-11-27,
U0349,PL1015,view,0,2024-06-09,
U0076,PL1037,view,0,2025-09-16,
U0297,PL1041,click,0,2024-10-07,
U0049,PL1033,view,0,2025-09-16,
U0096,PL1048,view,0,2025-06-16,
U0382,PL1054,click,0,2025-02-11,
U0165,PL1019,view,0,2025-09-29,
U0016,PL1008,shortlist,0,2024-08-12,
U0477,PL1027,shortlist,0,2024-04-14,
U0249,PL1047,view,0,2024-11-09,
U0020,PL1054,view,0,2025-01-02,
U0178,PL1052,view,0,2024-11-23,
U0015,PL1046,view,0,2025-01-03,
U0196,PL1030,view,0,2025-09-17,
U0209,PL1022,click,0,2024-09-14,
U0147,PL1016,view,0,2025-03-16,
U0441,PL1045,view,0,2025-02-05,
U0367,PL1059,view,0,2024-07-19,
U0075,PL1054,view,0,2025-03-10,
U0239,PL1036,view,0,2024-07-19,
U0409,PL1020,view,0,2025-06-09,
U0328,PL1004,click,0,2025-03-26,
U0274,PL1060,enroll,1,2024-06-05,
U0141,PL1007,view,0,2024-09-05,
U0256,PL1023,view,0,2024-09-09,
U0217,PL1046,click,0,2024-05-12,
U0441,PL1036,click,0,2024-09-09,
U0060,PL1012,view,0,2025-07-16,
U0126,PL1017,view,0,2024-07-23,
U0101,PL1061,view,0,2024-05-04,
U0343,PL1010,click,0,2025-03-22,
U0104,PL1048,view,0,2024-09-18,
U0236,PL1004,view,0,2025-04-30,
U0296,PL1061,click,0,2024-12-24,
U0482,PL1003,view,0,2025-07-14,
U0382,PL1007,view,0,2025-01-01,
U0112,PL1020,click,0,2025-02-22,
U0471,PL1032,view,0,2025-09-11,
U0454,PL1047,click,0,2024-04-21,
U0362,PL1055,view,0,2025-02-01,
U0421,PL1029,view,0,2025-05-04,
U0199,PL1024,view,0,2024-05-26,
U0319,PL1053,click,0,2025-07-19,
U0193,PL1036,view,0,2025-04-25,
U0451,PL1060,view,0,2024-12-15,
U0031,PL1058,click,0,2024-05-01,
U0389,PL1035,shortlist,0,2024-11-09,
U0444,PL1019,click,0,2024-06-25,
U0323,PL1023,view,0,2025-08-06,
U0088,PL1044,view,0,2025-01-06,
U0212,PL1012,view,0,2024-09-22,
U0250,PL1051,view,0,2024-11-28,
U0427,PL1018,click,0,2025-08-08,
U0062,PL1028,view,0,2024-12-22,
U0041,PL1012,click,0,2025-04-23,
U0443,PL1033,click,0,2025-07-09,
U0189,PL1055,click,0,2024-07-26,
U0451,PL1028,click,0,2024-12-17,
U0069,PL1033,click,0,2024-08-23,
U0130,PL1015,view,0,2024-11-13,
U0221,PL1046,view,0,2024-04-14,
U0272,PL1031,view,0,2025-07-04,
U0014,PL1060,shortlist,0,2024-06-04,
U0404,PL1044,click,0,2025-08-02,
U0485,PL1006,click,0,2025-07-16,
U0159,PL1003,click,0,2024-09-22,
U0291,PL1030,view,0,2025-08-30,
U0346,PL1027,view,0,2025-08-03,
U0317,PL1040,click,0,2025-06-08,
U0190,PL1006,view,0,2025-01-24,
U0402,PL1010,click,0,2024-05-26,
U0130,PL1006,view,0,2025-05-24,
U0079,PL1017,click,0,2025-07-21,
U0490,PL1019,view,0,2024-11-22,
U0225,PL1022,shortlist,0,2025-03-22,
U0063,PL1031,shortlist,0,2024-09-26,
U0412,PL1053,click,0,2025-02-13,
U0050,PL1011,view,0,2025-08-30,
U0376,PL1031,click,0,2024-10-08,
U0226,PL1011,click,0,2024-07-11,
U0094,PL1019,view,0,2024-08-12,
U0048,PL1014,click,0,2024-07-20,
U0174,PL1025,view,0,2024-12-11,
U0151,PL1019,shortlist,0,2024-07-10,
U0212,PL1038,view,0,2025-03-05,
U0499,PL1057,view,0,2025-08-29,
U0254,PL1035,shortlist,0,2025-05-20,
U0480,PL1054,click,0,2025-08-27,
U0068,PL1037,view,0,2025-06-16,
U0036,PL1050,view,0,2025-05-14,
U0391,PL1049,view,0,2024-11-15,
U0202,PL1032,shortlist,0,2025-07-27,
U0110,PL1021,view,0,2024-08-29,
U0310,PL1015,view,0,2024-12-30,
U0132,PL1021,view,0,2024-09-03,
U0415,PL1006,click,0,2025-03-05,
U0381,PL1023,view,0,2024-09-29,
U0265,PL1029,click,0,2024-10-29,
U0235,PL1011,view,0,2024-07-24,
U0143,PL1026,view,0,2025-03-19,
U0471,PL1030,view,0,2025-06-25,
U0049,PL1022,click,0,2024-12-17,
U0401,PL1016,view,0,2024-12-10,
U0047,PL1061,view,0,2024-10-08,
U0019,PL1007,click,0,2024-09-23,
U0488,PL1040,view,0,2024-05-26,
U0466,PL1037,click,0,2025-04-21,
U0206,PL1027,view,0,2025-03-08,
U0412,PL1028,view,0,2024-06-29,
U0389,PL1055,view,0,2025-02-15,
U0437,PL1017,click,0,2024-10-28,
U0188,PL1046,view,0,2024-08-07,
U0134,PL1052,view,0,2024-10-08,
U0149,PL1012,click,0,2025-05-02,
U0211,PL1042,click,0,2024-06-23,
U0466,PL1033,view,0,2024-11-27,
U0369,PL1058,view,0,2024-05-22,
U0200,PL1003,click,0,2025-06-16,
U0021,PL1029,click,0,2024-05-21,
U0386,PL1011,click,0,2024-05-21,
U0001,PL1048,click,0,2025-07-29,
U0246,PL1020,click,0,2025-02-19,
U0205,PL1042,view,0,2025-01-24,
U0077,PL1059,view,0,2025-08-17,
U0403,PL1046,view,0,2024-08-19,
U0427,PL1005,shortlist,0,2024-09-23,
U0282,PL1030,click,0,2025-07-30,
U0133,PL1007,view,0,2025-05-03,
U0269,PL1021,click,0,2024-06-17,
U0453,PL1025,click,0,2025-05-15,
U0128,PL1025,view,0,2024-12-27,
U0188,PL1039,view,0,2024-05-31,
U0259,PL1031,view,0,2025-08-14,
U0407,PL1030,view,0,2024-11-02,
U0361,PL1056,view,0,2025-01-05,
U0427,PL1005,view,0,2024-08-02,
U0363,PL1022,click,0,2025-08-01,
U0177,PL1027,view,0,2025-03-30,
U0418,PL1018,click,0,2024-05-04,
U0232,PL1022,view,0,2025-05-06,
U0340,PL1058,view,0,2025-03-03,
U0318,PL1054,view,0,2025-03-25,
U0115,PL1020,view,0,2024-07-14,
U0338,PL1021,click,0,2025-01-30,
U0227,PL1026,view,0,2024-11-27,
U0306,PL1019,view,0,2025-03-01,
U0379,PL1058,shortlist,0,2024-06-27,
U0482,PL1048,view,0,2025-06-03,
U0026,PL1017,view,0,2025-08-18,
U0225,PL1029,view,0,2025-06-16,
U0028,PL1032,click,0,2024-10-25,
U0285,PL1035,view,0,2025-09-26,
U0178,PL1041,view,0,2025-01-31,
U0021,PL1050,view,0,2025-02-11,
U0423,PL1021,shortlist,0,2024-08-08,
U0237,PL1030,click,0,2024-12-25,
U0477,PL1011,view,0,2024-05-15,
U0349,PL1004,view,0,2025-05-27,
U0007,PL1026,view,0,2024-05-15,
U0384,PL1044,view,0,2025-03-31,
U0303,PL1011,click,0,2025-02-02,
U0038,PL1060,view,0,2025-03-26,
U0155,PL1034,view,0,2025-08-16,
U0167,PL1003,click,0,2025-05-09,
U0060,PL1034,view,0,2024-07-04,
U0085,PL1027,click,0,2024-07-09,
U0383,PL1018,view,0,2024-06-25,
U0055,PL1007,view,0,2024-05-11,
U0391,PL1024,click,0,2024-07-22,
U0016,PL1014,shortlist,0,2025-08-18,
U0306,PL1044,view,0,2025-06-21,
U0315,PL1018,click,0,2024-08-23,
U0377,PL1017,click,0,2025-09-01,
U0172,PL1021,click,0,2024-07-10,
U0386,PL1022,view,0,2024-08-26,
U0185,PL1043,view,0,2025-05-17,
U0290,PL1020,view,0,2024-10-13,
U0138,PL1037,view,0,2025-03-07,
U0452,PL1026,view,0,2025-05-12,
U0373,PL1023,view,0,2024-10-11,
U0377,PL1010,click,0,2025-07-28,
U0391,PL1055,view,0,2025-07-22,
U0019,PL1054,view,0,2024-09-26,
U0294,PL1038,click,0,2025-05-23,
U0040,PL1050,shortlist,0,2024-10-20,
U0441,PL1046,view,0,2024-08-06,
U0168,PL1045,shortlist,0,2025-02-20,
U0484,PL1028,view,0,2025-02-23,
U0410,PL1032,view,0,2024-12-03,
U0427,PL1016,click,0,2024-09-06,
U0497,PL1022,click,0,2025-07-25,
U0477,PL1026,click,0,2025-05-01,
U0350,PL1025,click,0,2025-01-16,
U0325,PL1061,view,0,2025-07-17,
U0330,PL1056,click,0,2025-02-12,
U0230,PL1003,view,0,2025-09-17,
U0363,PL1037,view,0,2025-06-13,
U0396,PL1038,view,0,2024-11-20,
U0110,PL1053,click,0,2024-06-15,
U0059,PL1033,click,0,2025-07-26,
U0037,PL1032,view,0,2024-10-13,
U0344,PL1019,view,0,2024-07-06,
U0078,PL1022,view,0,2024-12-06,
U0443,PL1039,view,0,2025-07-04,
U0383,PL1018,click,0,2024-05-15,
U0300,PL1029,click,0,2025-09-21,
U0096,PL1013,click,0,2024-07-20,
U0078,PL1004,view,0,2025-03-03,
U0344,PL1018,view,0,2025-02-28,
U0428,PL1044,view,0,2024-12-19,
U0223,PL1026,view,0,2025-07-24,
U0023,PL1046,view,0,2024-11-02,
U0415,PL1010,shortlist,0,2025-08-04,
U0346,PL1060,view,0,2024-12-02,
U0451,PL1028,view,0,2024-05-16,
U0039,PL1017,view,0,2025-05-03,
U0347,PL1020,view,0,2024-07-25,
U0036,PL1032,view,0,2024-08-10,
U0480,PL1055,view,0,2024-09-26,
U0186,PL1049,click,0,2025-09-11,
U0157,PL1003,view,0,2025-03-24,
U0442,PL1034,click,0,2025-04-23,
U0015,PL1045,click,0,2025-05-26,
U0472,PL1050,shortlist,0,2024-08-11,
U0311,PL1021,view,0,2024-05-06,
U0496,PL1039,view,0,2025-09-20,
U0242,PL1035,shortlist,0,2025-03-28,
U0388,PL1031,click,0,2025-09-27,
U0263,PL1004,view,0,2025-08-24,
U0311,PL1039,view,0,2025-03-30,
U0075,PL1032,view,0,2024-11-04,
U0225,PL1011,click,0,2024-12-28,
U0239,PL1028,click,0,2025-01-31,
U0075,PL1049,view,0,2025-07-19,
U0008,PL1010,view,0,2024-10-16,
U0409,PL1024,view,0,2025-05-30,
U0263,PL1020,view,0,2025-07-03,
U0211,PL1054,click,0,2024-12-03,
U0158,PL1022,click,0,2025-09-15,
U0308,PL1043,view,0,2024-08-08,
U0071,PL1046,view,0,2024-06-24,
U0357,PL1028,click,0,2025-09-23,
U0257,PL1053,click,0,2025-07-30,
U0061,PL1052,view,0,2024-12-15,
U0263,PL1036,view,0,2025-02-24,
U0434,PL1004,view,0,2025-08-16,
U0047,PL1033,view,0,2025-03-30,
U0380,PL1020,view,0,2024-10-03,
U0117,PL1006,click,0,2025-07-17,
U0415,PL1028,click,0,2024-12-21,
U0079,PL1028,click,0,2025-05-14,
U0234,PL1004,view,0,2024-10-19,
U0305,PL1010,click,0,2024-12-22,
U0476,PL1028,view,0,2024-05-01,
U0359,PL1050,view,0,2024-05-24,
U0435,PL1006,click,0,2024-04-17,
U0296,PL1047,view,0,2025-02-01,
U0307,PL1019,view,0,2025-04-12,
U0372,PL1018,click,0,2024-11-01,
U0324,PL1020,click,0,2024-11-13,
U0324,PL1019,view,0,2024-08-20,
U0208,PL1057,view,0,2025-08-28,
U0298,PL1026,click,0,2025-08-15,
U0030,PL1053,click,0,2024-07-30,
U0344,PL1056,view,0,2024-07-20,
U0354,PL1012,view,0,2025-03-14,
U0088,PL1057,click,0,2025-04-19,
U0314,PL1022,view,0,2025-01-23,
U0230,PL1043,view,0,2024-11-17,
U0009,PL1025,view,0,2024-08-14,
U0381,PL1042,shortlist,0,2025-08-07,
U0394,PL1019,view,0,2025-03-28,
U0005,PL1026,shortlist,0,2024-07-08,
U0365,PL1002,view,0,2025-05-31,
U0308,PL1031,view,0,2025-08-05,
U0391,PL1028,click,0,2024-12-11,
U0075,PL1028,click,0,2025-02-07,
U0468,PL1040,click,0,2025-05-26,
U0214,PL1023,shortlist,0,2025-09-13,
U0103,PL1059,view,0,2024-06-18,
U0004,PL1032,click,0,2024-11-12,
U0268,PL1038,view,0,2025-02-25,
U0426,PL1049,view,0,2024-07-24,
U0245,PL1024,view,0,2025-05-14,
U0367,PL1011,view,0,2024-04-10,
U0174,PL1020,view,0,2024-09-27,
U0351,PL1059,view,0,2024-11-27,
U0458,PL1045,view,0,2024-05-27,
U0445,PL1038,view,0,2025-03-14,
U0498,PL1001,view,0,2024-06-09,
U0154,PL1024,view,0,2025-04-06,
U0450,PL1026,view,0,2024-04-13,
U0185,PL1022,shortlist,0,2025-04-04,
U0200,PL1059,view,0,2025-01-23,
U0184,PL1019,view,0,2025-01-14,
U0253,PL1027,view,0,2025-08-20,
U0413,PL1008,view,0,2024-07-09,
U0223,PL1048,view,0,2024-12-28,
U0013,PL1010,click,0,2025-02-08,
U0111,PL1021,view,0,2025-01-25,
U0301,PL1034,view,0,2025-02-23,
U0470,PL1022,click,0,2025-09-08,
U0286,PL1049,view,0,2025-01-19,
U0102,PL1035,shortlist,0,2025-09-15,
U0453,PL1015,view,0,2025-05-07,
U0046,PL1030,view,0,2024-08-24,
U0327,PL1040,click,0,2025-01-31,
U0286,PL1017,view,0,2024-10-21,
U0187,PL1033,view,0,2024-08-14,
U0379,PL1015,view,0,2025-08-19,
U0314,PL1022,view,0,2024-06-07,
U0389,PL1044,click,0,2025-05-02,
U0064,PL1029,view,0,2025-02-25,
U0140,PL1031,click,0,2024-09-03,
U0296,PL1011,click,0,2024-07-04,
U0050,PL1024,view,0,2024-09-10,
U0095,PL1004,click,0,2025-03-13,
U0014,PL1008,shortlist,0,2025-06-07,
U0391,PL1022,view,0,2025-03-11,
U0494,PL1055,view,0,2025-03-20,
U0280,PL1051,view,0,2025-04-09,
U0057,PL1057,view,0,2025-01-19,
U0068,PL1052,click,0,2025-01-16,
U0072,PL1060,shortlist,0,2024-07-30,
U0021,PL1004,view,0,2025-04-17,
U0472,PL1035,view,0,2025-07-31,
U0268,PL1031,view,0,2024-07-20,
U0412,PL1030,click,0,2024-05-02,
U0117,PL1002,view,0,2024-04-29,
U0107,PL1018,shortlist,0,2025-07-20,
U0095,PL1054,view,0,2025-01-08,
U0344,PL1061,click,0,2025-06-03,
U0215,PL1045,view,0,2025-06-14,
U0026,PL1012,click,0,2024-12-05,
U0208,PL1046,view,0,2024-04-18,
U0277,PL1014,view,0,2025-07-30,
U0104,PL1018,view,0,2025-05-30,
U0176,PL1050,view,0,2024-06-06,
U0085,PL1047,click,0,2024-11-17,
U0454,PL1039,click,0,2025-08-27,
U0180,PL1060,view,0,2024-10-22,
U0418,PL1029,view,0,2024-12-29,
U0227,PL1029,view,0,2024-05-29,
U0196,PL1024,click,0,2024-09-13,
U0407,PL1036,view,0,2025-09-04,
U0129,PL1006,click,0,2024-06-19,
U0141,PL1035,click,0,2025-03-19,
U0088,PL1033,view,0,2024-12-06,
U0399,PL1032,view,0,2024-10-14,
U0201,PL1013,view,0,2024-11-14,
U0408,PL1019,view,0,2025-07-20,
U0090,PL1027,view,0,2025-05-22,
U0280,PL1018,view,0,2025-08-01,
U0016,PL1001,view,0,2024-12-20,
U0448,PL1040,view,0,2024-12-11,
U0385,PL1042,click,0,2024-09-29,
U0451,PL1034,click,0,2024-05-09,
U0440,PL1036,view,0,2024-08-11,
U0404,PL1003,view,0,2024-07-17,
U0434,PL1020,view,0,2025-05-14,
U0441,PL1028,click,0,2024-07-27,
U0353,PL1009,view,0,2025-03-15,
U0038,PL1046,view,0,2025-04-29,
U0072,PL1028,click,0,2024-06-14,
U0143,PL1010,click,0,2024-12-24,
U0198,PL1009,click,0,2024-06-12,
U0195,PL1046,shortlist,0,2024-07-06,
U0265,PL1010,view,0,2024-12-19,
U0386,PL1056,shortlist,0,2025-05-28,
U0089,PL1015,view,0,2024-06-16,
U0045,PL1004,click,0,2025-07-09,
U0212,PL1034,click,0,2025-07-28,
U0322,PL1047,click,0,2024-08-10,
U0145,PL1051,view,0,2025-02-14,
U0233,PL1046,view,0,2025-04-29,
U0204,PL1002,view,0,2025-07-13,
U0179,PL1021,click,0,2024-08-11,
U0025,PL1029,view,0,2024-08-02,
U0413,PL1050,view,0,2025-03-07,
U0153,PL1041,view,0,2025-07-16,
U0307,PL1017,click,0,2024-04-13,
U0121,PL1023,view,0,2025-04-21,
U0240,PL1003,view,0,2025-02-26,
U0488,PL1025,shortlist,0,2024-05-28,
U0332,PL1017,view,0,2025-06-26,
U0213,PL1030,view,0,2025-05-10,
U0094,PL1058,view,0,2025-08-03,
U0249,PL1011,view,0,2025-09-04,
U0290,PL1004,click,0,2024-10-30,
U0132,PL1019,view,0,2024-10-07,
U0024,PL1023,view,0,2024-05-13,
U0010,PL1031,click,0,2024-08-23,
U0379,PL1040,view,0,2024-09-28,
U0495,PL1022,view,0,2025-03-27,
U0455,PL1008,view,0,2024-05-16,
U0435,PL1032,view,0,2025-08-09,
U0235,PL1061,view,0,2024-04-23,
U0409,PL1038,view,0,2025-05-03,
U0055,PL1056,click,0,2024-05-07,
U0051,PL1018,view,0,2025-01-14,
U0063,PL1038,view,0,2024-10-08,
U0186,PL1005,click,0,2024-05-19,
U0098,PL1016,view,0,2025-01-26,
U0203,PL1023,view,0,2025-03-26,
U0083,PL1056,view,0,2024-11-18,
U0062,PL1021,view,0,2025-07-09,
U0144,PL1006,click,0,2024-06-10,
U0415,PL1034,shortlist,0,2025-07-16,
U0239,PL1055,view,0,2024-12-19,
U0165,PL1042,view,0,2024-11-17,
U0137,PL1008,view,0,2024-09-19,
U0384,PL1061,view,0,2024-12-15,
U0176,PL1024,click,0,2024-10-04,
U0434,PL1023,view,0,2024-10-11,
U0271,PL1025,view,0,2025-09-01,
U0498,PL1054,view,0,2024-10-03,
U0180,PL1048,view,0,2024-07-19,
U0380,PL1002,shortlist,0,2024-08-11,
U0331,PL1057,click,0,2024-09-18,
U0305,PL1058,click,0,2024-04-28,
U0429,PL1034,click,0,2025-09-12,
U0251,PL1008,click,0,2025-08-20,
U0414,PL1002,view,0,2024-06-23,
U0276,PL1009,click,0,2024-06-28,
U0044,PL1056,view,0,2024-12-20,
U0333,PL1023,click,0,2025-04-25,
U0426,PL1019,view,0,2024-11-15,
U0292,PL1045,view,0,2025-03-17,
U0001,PL1058,view,0,2024-05-01,
U0318,PL1044,click,0,2024-05-27,
U0221,PL1024,view,0,2025-02-19,
U0274,PL1061,click,0,2025-01-18,
U0192,PL1024,click,0,2024-12-24,
U0196,PL1048,view,0,2025-08-26,
U0250,PL1025,click,0,2025-09-02,
U0274,PL1050,click,0,2025-09-23,
U0083,PL1043,click,0,2024-05-26,
U0442,PL1022,shortlist,0,2025-08-25,
U0413,PL1040,click,0,2024-11-08,
U0122,PL1052,view,0,2025-02-08,
U0169,PL1034,view,0,2024-07-27,
U0215,PL1033,click,0,2024-05-30,
U0171,PL1034,view,0,2024-05-22,
U0319,PL1058,click,0,2024-08-05,
U0111,PL1018,view,0,2024-07-25,
U0377,PL1045,view,0,2025-02-08,
U0135,PL1003,view,0,2024-07-25,
U0025,PL1025,view,0,2024-09-30,
U0394,PL1043,view,0,2025-09-04,
U0465,PL1034,view,0,2024-04-20,
U0224,PL1017,view,0,2024-06-22,
U0161,PL1040,click,0,2024-10-12,
U0403,PL1026,shortlist,0,2025-07-26,
U0131,PL1055,view,0,2024-05-19,
U0429,PL1039,view,0,2025-06-18,
U0184,PL1053,click,0,2025-04-22,
U0463,PL1017,view,0,2025-04-24,
U0045,PL1019,click,0,2024-04-23,
U0069,PL1001,view,0,2024-10-31,
U0462,PL1045,click,0,2025-09-09,
U0426,PL1039,view,0,2024-09-05,
U0377,PL1007,enroll,1,2024-06-05,
U0441,PL1023,view,0,2024-04-18,
U0174,PL1030,click,0,2025-02-19,
U0050,PL1007,view,0,2024-04-30,
U0021,PL1050,view,0,2024-06-15,
U0162,PL1044,view,0,2024-11-24,
U0384,PL1018,click,0,2025-04-24,
U0085,PL1030,click,0,2025-01-10,
U0204,PL1053,click,0,2025-07-17,
U0373,PL1009,click,0,2025-03-12,
U0376,PL1006,click,0,2025-05-22,
U0441,PL1020,click,0,2025-04-30,
U0183,PL1058,view,0,2025-08-23,
U0477,PL1041,shortlist,0,2024-05-26,
U0070,PL1025,click,0,2024-10-15,
U0049,PL1036,view,0,2025-01-31,
U0391,PL1016,view,0,2024-06-21,
U0422,PL1048,click,0,2025-09-20,
U0442,PL1044,click,0,2025-01-18,
U0434,PL1036,view,0,2025-03-16,
U0339,PL1013,view,0,2025-09-01,
U0356,PL1014,view,0,2024-12-05,
U0096,PL1027,view,0,2024-12-15,
U0361,PL1021,click,0,2024-07-11,
U0390,PL1031,shortlist,0,2025-06-11,
U0156,PL1003,click,0,2024-07-05,
U0109,PL1004,view,0,2024-10-30,
U0352,PL1060,click,0,2024-08-01,
U0041,PL1023,click,0,2025-03-29,
U0420,PL1031,click,0,2025-02-02,
U0171,PL1042,view,0,2024-05-02,
U0030,PL1032,view,0,2024-09-28,
U0327,PL1046,view,0,2024-06-07,
U0442,PL1014,view,0,2025-03-05,
U0451,PL1061,click,0,2024-06-30,
U0487,PL1048,click,0,2024-07-17,
U0312,PL1031,view,0,2025-01-10,
U0428,PL1025,click,0,2025-09-26,
U0291,PL1041,view,0,2025-02-02,
U0273,PL1015,click,0,2025-06-06,
U0129,PL1046,click,0,2024-04-17,
U0325,PL1056,click,0,2024-09-17,
U0004,PL1057,view,0,2025-01-07,
U0253,PL1040,view,0,2024-06-01,
U0008,PL1001,click,0,2024-11-17,
U0352,PL1012,view,0,2025-04-27,
U0065,PL1011,view,0,2024-09-20,
U0449,PL1013,shortlist,0,2024-06-29,
U0269,PL1033,view,0,2025-06-30,
U0363,PL1058,click,0,2024-12-27,
U0432,PL1059,click,0,2025-08-21,
U0400,PL1045,view,0,2025-01-07,
U0486,PL1028,view,0,2025-09-13,
U0140,PL1019,click,0,2024-12-18,
U0292,PL1024,view,0,2024-11-08,
U0240,PL1048,click,0,2024-09-24,
U0318,PL1025,click,0,2025-09-12,
U0094,PL1039,shortlist,0,2025-02-11,
U0183,PL1035,view,0,2025-03-11,
U0385,PL1041,view,0,2024-11-09,
U0379,PL1030,click,0,2024-07-31,
U0209,PL1033,view,0,2025-01-20,
U0326,PL1018,view,0,2024-12-30,
U0112,PL1054,view,0,2024-04-14,
U0432,PL1047,click,0,2025-04-18,
U0422,PL1051,click,0,2025-08-31,
U0019,PL1045,view,0,2025-07-27,
U0229,PL1033,view,0,2024-11-13,
U0174,PL1053,view,0,2024-09-22,
U0302,PL1009,click,0,2024-06-12,
U0271,PL1014,view,0,2025-03-20,
U0114,PL1004,view,0,2025-02-06,
U0248,PL1013,shortlist,0,2025-02-17,
U0450,PL1022,view,0,2025-01-30,
U0436,PL1017,view,0,2024-09-25,
U0422,PL1005,click,0,2025-07-20,
U0436,PL1036,click,0,2025-09-15,
U0160,PL1019,view,0,2025-04-14,
U0004,PL1057,view,0,2024-12-04,
U0492,PL1041,view,0,2025-07-05,
U0228,PL1008,click,0,2024-09-20,
U0230,PL1030,view,0,2025-08-04,
U0232,PL1041,click,0,2025-04-09,
U0383,PL1031,view,0,2025-02-07,
U0369,PL1043,view,0,2024-07-24,
U0027,PL1051,view,0,2025-04-05,
U0214,PL1027,view,0,2025-09-10,
U0217,PL1029,view,0,2024-07-07,
U0179,PL1042,view,0,2025-06-29,
U0273,PL1027,view,0,2024-08-11,
U0056,PL1056,click,0,2024-09-15,
U0302,PL1007,view,0,2025-09-20,
U0154,PL1022,click,0,2024-11-20,
U0301,PL1039,click,0,2024-07-22,
U0349,PL1018,view,0,2025-05-15,
U0333,PL1049,view,0,2024-06-03,
U0442,PL1007,shortlist,0,2025-01-28,
U0489,PL1002,click,0,2024-05-28,
U0352,PL1055,shortlist,0,2025-05-19,
U0377,PL1038,view,0,2025-07-13,
U0385,PL1007,view,0,2025-07-27,
U0308,PL1011,shortlist,0,2024-10-09,
U0031,PL1014,view,0,2025-05-30,
U0324,PL1060,click,0,2025-06-14,
U0031,PL1045,view,0,2024-05-18,
U0458,PL1022,view,0,2024-04-19,
U0180,PL1038,view,0,2025-06-11,
U0210,PL1005,view,0,2025-02-23,
U0397,PL1053,click,0,2024-11-02,
U0148,PL1004,click,0,2025-03-01,
U0308,PL1058,click,0,2024-09-02,
U0368,PL1042,view,0,2024-05-16,
U0234,PL1016,click,0,2025-03-07,
U0327,PL1027,click,0,2024-05-17,
U0216,PL1005,click,0,2025-08-09,
U0204,PL1024,click,0,2025-08-18,
U0098,PL1022,click,0,2025-02-09,
U0157,PL1050,view,0,2025-04-04,
U0129,PL1048,view,0,2024-06-10,
U0061,PL1007,view,0,2024-05-25,
U0268,PL1024,view,0,2025-03-05,
U0045,PL1010,view,0,2024-06-19,
U0474,PL1009,view,0,2025-04-14,
U0161,PL1027,view,0,2025-08-12,
U0083,PL1042,click,0,2024-06-18,
U0120,PL1009,click,0,2024-08-23,
U0319,PL1046,view,0,2024-05-24,
U0187,PL1046,click,0,2025-07-02,
U0357,PL1002,view,0,2025-01-10,
U0470,PL1038,view,0,2024-10-05,
U0104,PL1057,view,0,2024-11-26,
U0387,PL1013,shortlist,0,2024-09-24,
U0301,PL1049,view,0,2024-12-25,
U0223,PL1051,click,0,2024-06-23,
U0253,PL1044,view,0,2025-05-15,
U0144,PL1051,view,0,2025-03-04,
U0274,PL1055,view,0,2025-04-24,
U0278,PL1037,view,0,2025-01-14,
U0448,PL1041,view,0,2024-05-14,
U0066,PL1040,claim_approved,1,2024-06-05,1294161.0
U0011,PL1026,view,0,2025-02-26,
U0197,PL1009,view,0,2024-09-15,
U0224,PL1011,click,0,2024-10-31,
U0184,PL1041,view,0,2024-12-25,
U0338,PL1020,click,0,2025-07-04,
U0250,PL1020,click,0,2024-11-25,
U0196,PL1003,click,0,2025-03-03,
U0123,PL1044,view,0,2025-04-02,
U0169,PL1010,view,0,2025-05-07,
U0121,PL1030,click,0,2025-08-12,
U0470,PL1056,view,0,2024-06-19,
U0366,PL1012,view,0,2024-06-08,
U0178,PL1042,click,0,2025-05-26,
U0438,PL1043,click,0,2024-06-07,
U0070,PL1025,view,0,2025-03-17,
U0027,PL1058,view,0,2025-08-12,
U0313,PL1037,view,0,2025-04-26,
U0029,PL1011,click,0,2025-07-26,
U0439,PL1005,click,0,2025-07-18,
U0133,PL1043,view,0,2025-05-11,
U0415,PL1007,view,0,2025-09-26,
U0431,PL1016,view,0,2025-05-10,
U0441,PL1050,click,0,2025-07-13,
U0284,PL1019,click,0,2025-02-20,
U0296,PL1055,click,0,2025-02-18,
U0220,PL1012,click,0,2024-10-28,
U0280,PL1010,click,0,2024-09-15,
U0475,PL1008,view,0,2025-09-28,
U0074,PL1027,shortlist,0,2024-10-17,
U0080,PL1058,click,0,2025-03-02,
U0371,PL1059,click,0,2024-09-11,
U0495,PL1054,click,0,2025-06-22,
U0005,PL1036,view,0,2025-08-22,
U0049,PL1026,click,0,2024-08-25,
U0141,PL1002,shortlist,0,2025-02-19,
U0240,PL1061,view,0,2024-11-07,
U0267,PL1017,view,0,2024-04-26,
U0452,PL1050,click,0,2025-08-10,
U0049,PL1056,view,0,2024-09-01,
U0275,PL1051,click,0,2025-02-22,
U0267,PL1045,click,0,2025-04-15,
U0393,PL1031,view,0,2024-07-11,
U0112,PL1035,view,0,2024-06-09,
U0122,PL1026,view,0,2024-07-02,
U0399,PL1007,view,0,2025-04-29,
U0399,PL1019,view,0,2024-06-09,
U0126,PL1014,view,0,2024-12-24,
U0193,PL1058,click,0,2025-01-25,
U0279,PL1003,click,0,2024-06-28,
U0110,PL1036,view,0,2025-06-27,
U0465,PL1032,view,0,2024-05-01,
U0063,PL1004,view,0,2024-05-18,
U0444,PL1004,view,0,2025-08-23,
U0365,PL1037,click,0,2024-06-13,
U0040,PL1036,click,0,2025-04-02,
U0492,PL1035,click,0,2024-10-18,
U0024,PL1039,view,0,2024-08-09,
U0304,PL1030,shortlist,0,2025-07-08,
U0201,PL1002,view,0,2024-12-25,
U0225,PL1014,view,0,2025-02-07,
U0262,PL1050,view,0,2025-04-24,
U0190,PL1016,view,0,2024-11-08,
U0426,PL1039,click,0,2024-09-21,
U0129,PL1008,view,0,2024-08-31,
U0033,PL1024,view,0,2025-05-10,
U0071,PL1028,view,0,2024-09-04,
U0444,PL1025,view,0,2025-02-20,
U0056,PL1029,view,0,2025-03-22,
U0164,PL1024,view,0,2024-11-15,
U0289,PL1056,view,0,2025-07-19,
U0185,PL1057,view,0,2024-07-09,
U0126,PL1020,view,0,2025-07-03,
U0055,PL1044,view,0,2024-12-21,
U0189,PL1004,click,0,2025-07-14,
U0292,PL1029,view,0,2024-05-25,
U0237,PL1050,click,0,2024-05-07,
U0264,PL1013,view,0,2024-12-29,
U0001,PL1034,view,0,2024-10-20,
U0433,PL1061,view,0,2025-07-08,
U0401,PL1017,view,0,2025-07-26,
U0331,PL1027,view,0,2025-01-20,
U0275,PL1049,view,0,2024-05-08,
U0036,PL1023,view,0,2024-12-26,
U0154,PL1015,view,0,2025-03-09,
U0425,PL1037,view,0,2025-07-06,
U0114,PL1002,view,0,2025-09-24,
U0042,PL1020,view,0,2024-12-19,
U0035,PL1006,click,0,2025-05-13,
U0048,PL1011,click,0,2025-02-06,
U0127,PL1011,view,0,2024-07-22,
U0195,PL1007,view,0,2024-04-25,
U0072,PL1028,view,0,2024-08-02,
U0433,PL1053,view,0,2024-11-03,
U0228,PL1021,click,0,2025-02-22,
U0036,PL1039,click,0,2025-04-19,
U0033,PL1032,view,0,2024-10-01,
U0042,PL1052,view,0,2024-04-20,
U0101,PL1051,click,0,2025-03-23,
U0224,PL1003,view,0,2024-05-24,
U0318,PL1057,click,0,2024-06-01,
U0095,PL1020,view,0,2024-07-29,
U0102,PL1006,click,0,2025-08-10,
U0241,PL1006,click,0,2025-02-03,
U0471,PL1030,shortlist,0,2025-06-13,
U0248,PL1044,click,0,2025-08-06,
U0129,PL1025,view,0,2025-09-15,
U0476,PL1018,view,0,2025-09-08,
U0200,PL1029,click,0,2024-08-01,
U0267,PL1009,view,0,2025-04-02,
U0369,PL1006,view,0,2024-11-27,
U0314,PL1052,view,0,2024-10-10,
U0467,PL1021,view,0,2025-04-07,
U0127,PL1008,view,0,2025-03-14,
U0149,PL1045,click,0,2025-08-12,
U0357,PL1015,view,0,2025-04-21,
U0258,PL1050,view,0,2024-05-11,
U0016,PL1052,view,0,2024-12-31,
U0488,PL1041,click,0,2024-06-08,
U0231,PL1059,view,0,2025-09-04,
U0415,PL1014,view,0,2025-04-12,
U0474,PL1057,view,0,2025-02-19,
U0333,PL1048,view,0,2025-04-25,
U0470,PL1045,click,0,2024-10-10,
U0142,PL1005,click,0,2025-01-03,
U0211,PL1006,view,0,2024-08-08,
U0316,PL1045,click,0,2025-04-21,
U0129,PL1057,view,0,2025-09-08,
U0322,PL1014,view,0,2024-05-21,
U0031,PL1018,view,0,2025-01-11,
U0390,PL1021,click,0,2024-12-17,
U0381,PL1048,view,0,2024-10-30,
U0162,PL1032,click,0,2024-04-26,
U0408,PL1017,view,0,2025-06-13,
U0236,PL1023,view,0,2024-05-31,
U0454,PL1019,view,0,2025-08-25,
U0011,PL1036,click,0,2024-06-23,
U0011,PL1034,view,0,2024-08-10,
U0287,PL1029,click,0,2024-08-12,
U0152,PL1020,view,0,2025-07-02,
U0179,PL1001,click,0,2025-06-20,
U0329,PL1013,view,0,2025-08-09,
U0008,PL1026,view,0,2024-12-29,
U0010,PL1056,click,0,2025-09-17,
U0262,PL1019,view,0,2024-04-14,
U0023,PL1032,view,0,2024-10-08,
U0044,PL1023,click,0,2024-12-24,
U0276,PL1041,view,0,2025-02-04,
U0266,PL1057,view,0,2024-08-19,
U0149,PL1050,view,0,2025-04-13,
U0377,PL1015,view,0,2024-08-20,
U0290,PL1015,view,0,2024-08-20,
U0124,PL1036,view,0,2024-09-18,
U0293,PL1013,view,0,2024-05-23,
U0264,PL1021,view,0,2024-11-05,
U0188,PL1025,click,0,2024-09-20,
U0081,PL1019,view,0,2024-07-18,
U0381,PL1030,click,0,2025-04-02,
U0276,PL1013,view,0,2024-09-21,
U0032,PL1019,view,0,2025-01-16,
U0354,PL1015,view,0,2024-06-16,
U0047,PL1042,view,0,2025-02-07,
U0280,PL1023,view,0,2024-11-29,
U0494,PL1053,view,0,2025-08-20,
U0398,PL1009,view,0,2024-06-26,
U0490,PL1021,shortlist,0,2025-03-27,
U0297,PL1053,view,0,2025-05-11,
U0294,PL1037,click,0,2025-06-08,
U0363,PL1054,view,0,2024-09-13,
U0011,PL1045,view,0,2025-06-28,
U0311,PL1021,click,0,2024-07-28,
U0131,PL1029,view,0,2024-12-02,
U0196,PL1031,view,0,2025-06-23,
U0130,PL1055,click,0,2024-10-26,
U0038,PL1031,view,0,2025-05-05,
U0086,PL1017,click,0,2024-09-29,
U0074,PL1021,view,0,2025-08-30,
U0073,PL1039,click,0,2025-05-27,
U0424,PL1032,click,0,2025-01-22,
U0182,PL1059,view,0,2025-06-15,
U0134,PL1002,click,0,2024-11-11,
U0132,PL1060,view,0,2025-04-12,
U0406,PL1005,view,0,2025-06-30,
U0308,PL1035,click,0,2025-04-08,
U0443,PL1060,view,0,2024-11-01,
U0083,PL1044,view,0,2025-08-05,
U0409,PL1050,click,0,2024-11-12,
U0386,PL1029,view,0,2024-11-19,
U0387,PL1060,view,0,2025-04-29,
U0480,PL1015,view,0,2024-08-30,
U0404,PL1050,click,0,2025-02-01,
U0377,PL1030,click,0,2024-12-04,
U0328,PL1045,view,0,2024-11-16,
U0044,PL1047,shortlist,0,2025-02-19,
U0177,PL1059,click,0,2025-06-02,
U0169,PL1049,click,0,2025-06-28,
U0311,PL1025,click,0,2024-07-04,
U0498,PL1013,view,0,2024-11-05,
U0118,PL1006,click,0,2025-02-25,
U0044,PL1031,click,0,2024-08-06,
U0065,PL1001,view,0,2025-07-22,
U0072,PL1047,view,0,2024-09-18,
U0115,PL1039,view,0,2025-08-11,
U0480,PL1031,click,0,2025-06-18,
U0303,PL1015,view,0,2024-12-30,
U0202,PL1041,view,0,2025-05-07,
U0053,PL1017,click,0,2024-07-13,
U0287,PL1048,shortlist,0,2025-01-07,
U0032,PL1023,click,0,2025-07-25,
U0481,PL1028,view,0,2025-09-08,
U0131,PL1053,click,0,2025-07-25,
U0248,PL1050,view,0,2024-10-30,
U0200,PL1045,click,0,2025-05-22,
U0356,PL1031,view,0,2025-01-10,
U0294,PL1009,view,0,2025-01-02,
U0424,PL1024,view,0,2024-05-17,
U0241,PL1014,click,0,2025-03-29,
U0163,PL1009,view,0,2025-02-25,
U0461,PL1004,view,0,2025-09-10,
U0188,PL1008,view,0,2024-10-07,
U0286,PL1011,view,0,2024-05-16,
U0320,PL1004,view,0,2025-03-19,
U0012,PL1002,view,0,2025-02-20,
U0206,PL1030,claim_approved,1,2025-03-12,68372.0
U0157,PL1038,click,0,2025-04-12,
U0097,PL1042,view,0,2025-07-03,
U0143,PL1011,view,0,2025-05-01,
U0409,PL1029,view,0,2024-08-15,
U0065,PL1008,view,0,2025-01-01,
U0343,PL1058,click,0,2024-12-02,
U0344,PL1009,view,0,2025-05-21,
U0169,PL1057,view,0,2025-01-27,
U0226,PL1037,click,0,2025-08-10,
U0391,PL1020,view,0,2024-04-13,
U0039,PL1020,view,0,2024-05-12,
U0417,PL1029,view,0,2024-08-20,
U0348,PL1017,view,0,2024-04-08,
U0286,PL1042,view,0,2024-04-23,
U0147,PL1033,view,0,2025-03-06,
U0400,PL1017,view,0,2025-08-23,
U0142,PL1018,click,0,2025-01-26,
U0335,PL1016,view,0,2024-09-27,
U0312,PL1043,click,0,2024-10-26,
U0015,PL1028,click,0,2024-09-29,
U0070,PL1060,shortlist,0,2025-08-08,
U0485,PL1041,click,0,2024-08-09,
U0311,PL1020,view,0,2024-11-02,
U0207,PL1044,shortlist,0,2024-06-28,
U0079,PL1006,view,0,2024-11-23,
U0395,PL1046,view,0,2024-11-01,
U0308,PL1040,click,0,2025-07-08,
U0020,PL1036,view,0,2024-05-14,
U0406,PL1021,view,0,2024-06-22,
U0229,PL1018,click,0,2025-05-27,
U0208,PL1009,click,0,2025-05-14,
U0438,PL1004,view,0,2024-12-18,
U0450,PL1049,view,0,2025-07-12,
U0091,PL1001,view,0,2025-04-16,
U0285,PL1032,view,0,2024-09-28,
U0397,PL1032,click,0,2024-05-10,
U0230,PL1040,view,0,2024-08-29,
U0228,PL1004,view,0,2024-06-07,
U0291,PL1013,view,0,2025-04-25,
U0157,PL1041,view,0,2025-04-22,
U0296,PL1033,view,0,2024-12-09,
U0422,PL1055,shortlist,0,2025-06-11,
U0155,PL1061,view,0,2024-07-11,
U0488,PL1012,click,0,2025-03-02,
U0051,PL1023,view,0,2025-08-01,
U0292,PL1003,view,0,2025-01-17,
U0360,PL1012,view,0,2024-05-30,
U0119,PL1059,click,0,2024-12-04,
U0414,PL1032,view,0,2024-04-17,
U0054,PL1015,view,0,2025-04-20,
U0465,PL1061,view,0,2024-08-10,
U0125,PL1001,view,0,2024-08-21,
U0142,PL1058,view,0,2025-02-23,
U0178,PL1007,click,0,2025-06-09,
U0203,PL1012,click,0,2025-09-29,
U0346,PL1016,view,0,2025-08-22,
U0138,PL1056,view,0,2025-03-03,
U0124,PL1012,view,0,2025-05-06,
U0393,PL1030,click,0,2024-06-24,
U0499,PL1056,view,0,2025-07-18,
U0182,PL1053,view,0,2025-09-10,
U0373,PL1014,view,0,2024-12-20,
U0364,PL1023,view,0,2025-03-27,
U0132,PL1039,view,0,2025-08-31,
U0124,PL1058,view,0,2025-04-15,
U0032,PL1010,view,0,2025-01-15,
U0120,PL1039,shortlist,0,2025-08-24,
U0481,PL1013,click,0,2024-05-11,
U0106,PL1024,view,0,2024-08-26,
U0133,PL1020,click,0,2025-06-23,
U0162,PL1037,click,0,2025-05-05,
U0459,PL1061,view,0,2025-05-31,
U0427,PL1040,view,0,2025-02-10,
U0318,PL1004,view,0,2025-05-24,
U0070,PL1002,view,0,2025-02-02,
U0180,PL1044,view,0,2025-04-04,
U0032,PL1030,view,0,2024-04-15,
U0044,PL1001,click,0,2025-02-22,
U0493,PL1052,click,0,2025-08-19,
U0049,PL1037,view,0,2025-04-30,
U0089,PL1036,view,0,2024-12-05,
U0390,PL1020,view,0,2024-05-17,
U0253,PL1050,click,0,2025-02-19,
U0470,PL1018,view,0,2025-03-23,
U0107,PL1011,view,0,2024-04-19,
U0121,PL1059,shortlist,0,2025-03-14,
U0467,PL1058,view,0,2025-09-30,
U0073,PL1034,click,0,2025-05-25,
U0020,PL1061,click,0,2025-09-30,
U0222,PL1020,click,0,2025-08-21,
U0092,PL1019,view,0,2024-10-18,
U0004,PL1017,click,0,2025-07-16,
U0212,PL1061,view,0,2024-07-19,
U0188,PL1036,view,0,2025-06-09,
U0067,PL1014,click,0,2025-08-11,
U0499,PL1038,view,0,2025-01-27,
U0469,PL1058,shortlist,0,2024-08-07,
U0359,PL1040,click,0,2024-04-09,
U0451,PL1023,view,0,2024-12-13,
U0298,PL1022,click,0,2024-11-20,
U0254,PL1052,shortlist,0,2024-04-26,
U0295,PL1011,view,0,2025-06-06,
U0210,PL1047,click,0,2025-05-17,
U0467,PL1007,shortlist,0,2025-03-23,
U0094,PL1019,click,0,2024-06-22,
U0336,PL1016,view,0,2025-05-29,
U0244,PL1046,view,0,2024-07-16,
U0059,PL1049,view,0,2024-08-22,
U0324,PL1016,view,0,2025-05-28,
U0303,PL1057,view,0,2025-02-24,
U0406,PL1051,click,0,2025-07-22,
U0094,PL1057,shortlist,0,2024-05-27,
U0456,PL1001,click,0,2024-05-01,
U0381,PL1043,click,0,2025-04-22,
U0320,PL1039,view,0,2025-06-06,
U0202,PL1061,click,0,2024-11-30,
U0303,PL1015,view,0,2024-09-18,
U0075,PL1037,click,0,2024-12-29,
U0086,PL1047,view,0,2025-07-03,
U0499,PL1049,click,0,2025-09-06,
U0413,PL1031,view,0,2024-11-18,
U0438,PL1052,view,0,2025-01-09,
U0350,PL1026,view,0,2025-09-07,
U0036,PL1053,click,0,2025-05-30,
U0358,PL1008,shortlist,0,2024-10-14,
U0318,PL1018,click,0,2025-01-24,
U0265,PL1038,click,0,2024-07-20,
U0322,PL1049,view,0,2025-01-02,
U0113,PL1028,view,0,2025-01-31,
U0231,PL1030,view,0,2024-06-25,
U0103,PL1007,view,0,2025-07-18,
U0178,PL1058,view,0,2025-03-19,
U0366,PL1034,view,0,2024-11-24,
U0145,PL1005,view,0,2024-07-06,
U0059,PL1051,view,0,2025-05-21,
U0182,PL1031,view,0,2025-04-13,
U0207,PL1049,view,0,2025-05-23,
U0184,PL1050,shortlist,0,2024-09-11,
U0137,PL1050,view,0,2025-07-03,
U0167,PL1053,view,0,2025-09-13,
U0465,PL1001,view,0,2024-08-19,
U0486,PL1059,view,0,2025-07-06,
U0065,PL1047,view,0,2024-10-21,
U0101,PL1055,view,0,2025-07-16,
U0120,PL1034,view,0,2025-07-19,
U0329,PL1051,view,0,2025-07-07,
U0009,PL1039,view,0,2025-04-26,
U0481,PL1061,view,0,2024-07-13,
U0269,PL1003,view,0,2024-11-23,
U0243,PL1027,view,0,2024-09-12,
U0322,PL1040,click,0,2024-05-10,
U0081,PL1031,view,0,2024-05-17,
U0061,PL1020,shortlist,0,2024-04-09,
U0349,PL1038,view,0,2025-01-29,
U0372,PL1015,view,0,2025-04-18,
U0345,PL1014,click,0,2025-06-12,
U0422,PL1038,view,0,2025-03-08,
U0462,PL1030,view,0,2024-06-06,
U0214,PL1039,click,0,2024-05-11,
U0297,PL1057,view,0,2025-04-23,
U0341,PL1015,view,0,2025-09-17,
U0348,PL1034,view,0,2025-02-28,
U0092,PL1025,view,0,2024-04-24,
U0189,PL1027,click,0,2025-03-08,
U0131,PL1036,shortlist,0,2025-06-24,
U0019,PL1036,click,0,2025-05-01,
U0327,PL1027,click,0,2025-06-19,
U0267,PL1021,view,0,2025-07-05,
U0359,PL1006,click,0,2024-08-09,
U0035,PL1043,view,0,2024-08-08,
U0033,PL1004,view,0,2024-05-26,
U0389,PL1035,view,0,2025-02-24,
U0085,PL1009,view,0,2025-05-11,
U0252,PL1038,click,0,2024-12-19,
U0076,PL1022,view,0,2025-09-22,
U0480,PL1040,view,0,2024-08-22,
U0378,PL1039,click,0,2025-09-22,
U0321,PL1019,click,0,2025-07-24,
U0136,PL1054,click,0,2024-07-27,
U0179,PL1002,view,0,2024-10-09,
U0236,PL1059,view,0,2024-04-27,
U0490,PL1053,view,0,2024-06-25,
U0276,PL1052,view,0,2025-06-29,
U0053,PL1055,click,0,2024-05-03,
U0411,PL1004,view,0,2024-09-23,
U0358,PL1055,view,0,2025-07-18,
U0372,PL1031,view,0,2025-08-30,
U0092,PL1023,shortlist,0,2025-01-22,
U0361,PL1040,view,0,2025-05-27,
U0189,PL1026,view,0,2024-10-26,
U0050,PL1015,click,0,2025-01-19,
U0250,PL1043,view,0,2024-09-26,
U0216,PL1013,shortlist,0,2024-12-05,
U0239,PL1037,click,0,2025-05-11,
U0441,PL1057,click,0,2025-05-29,
U0219,PL1003,view,0,2025-06-22,
U0471,PL1050,enroll,1,2024-11-14,
U0032,PL1034,view,0,2024-12-03,
U0072,PL1048,click,0,2025-01-29,
U0144,PL1028,click,0,2025-02-01,
U0013,PL1052,view,0,2024-09-27,
U0444,PL1045,click,0,2024-12-11,
U0173,PL1009,view,0,2024-06-25,
U0094,PL1029,view,0,2024-12-25,
U0207,PL1017,view,0,2025-08-23,
U0430,PL1054,click,0,2024-10-12,
U0177,PL1060,view,0,2024-11-11,
U0086,PL1059,shortlist,0,2025-08-20,
U0345,PL1034,click,0,2025-04-12,
U0195,PL1045,view,0,2025-02-10,
U0487,PL1035,view,0,2024-08-15,
U0182,PL1049,view,0,2025-01-30,
U0023,PL1043,view,0,2025-02-13,
U0348,PL1020,view,0,2024-12-23,
U0482,PL1004,view,0,2024-09-23,
U0109,PL1030,view,0,2024-08-20,
U0069,PL1007,view,0,2025-05-24,
U0205,PL1001,view,0,2024-08-09,
U0130,PL1001,view,0,2024-09-15,
U0076,PL1037,view,0,2025-01-14,
U0088,PL1033,view,0,2024-08-14,
U0428,PL1061,shortlist,0,2024-08-24,
U0413,PL1043,click,0,2025-05-05,
U0437,PL1036,view,0,2025-07-17,
U0444,PL1054,click,0,2024-08-11,
U0050,PL1059,click,0,2025-02-15,
U0115,PL1017,view,0,2025-02-06,
U0023,PL1053,view,0,2024-10-19,
U0022,PL1024,click,0,2025-02-07,
U0464,PL1004,view,0,2025-09-20,
U0311,PL1057,view,0,2025-01-09,
U0334,PL1055,click,0,2025-08-06,
U0198,PL1015,shortlist,0,2025-07-14,
U0318,PL1032,view,0,2025-05-27,
U0014,PL1042,click,0,2025-04-25,
U0438,PL1011,view,0,2025-05-30,
U0180,PL1028,click,0,2024-12-06,
U0263,PL1057,shortlist,0,2024-11-27,
U0087,PL1060,view,0,2025-07-10,
U0329,PL1015,click,0,2025-06-13,
U0136,PL1027,click,0,2024-08-04,
U0344,PL1048,view,0,2024-07-21,
U0235,PL1010,view,0,2025-08-13,
U0048,PL1050,view,0,2025-04-25,
U0204,PL1060,view,0,2025-08-20,
U0392,PL1035,click,0,2024-08-07,
U0036,PL1025,view,0,2025-01-04,
U0153,PL1007,view,0,2024-11-16,
U0080,PL1012,view,0,2025-06-27,
U0256,PL1030,click,0,2025-07-08,
U0110,PL1034,shortlist,0,2024-04-30,
U0044,PL1060,view,0,2025-09-29,
U0178,PL1033,enroll,1,2024-08-22,
U0317,PL1024,view,0,2025-01-19,
U0366,PL1033,view,0,2024-07-14,
U0159,PL1050,view,0,2025-09-12,
U0384,PL1038,view,0,2024-11-29,
U0386,PL1038,view,0,2025-08-21,
U0204,PL1053,view,0,2024-12-16,
U0258,PL1004,view,0,2025-09-10,
U0194,PL1045,view,0,2025-01-09,
U0420,PL1028,shortlist,0,2024-10-20,
U0044,PL1049,view,0,2025-08-06,
U0398,PL1008,click,0,2024-07-31,
U0235,PL1007,click,0,2025-03-03,
U0183,PL1058,view,0,2024-06-11,
U0131,PL1034,view,0,2025-07-30,
U0047,PL1040,view,0,2025-05-01,
U0428,PL1057,click,0,2025-04-14,
U0153,PL1019,view,0,2025-04-15,
U0480,PL1011,view,0,2025-04-17,
U0422,PL1035,view,0,2024-10-28,
U0348,PL1052,shortlist,0,2025-07-29,
U0155,PL1023,click,0,2025-01-06,
U0359,PL1055,view,0,2024-11-04,
U0341,PL1060,click,0,2024-05-15,
U0223,PL1006,view,0,2025-09-18,
U0493,PL1015,click,0,2024-05-14,
U0062,PL1034,view,0,2025-03-29,
U0119,PL1014,click,0,2024-11-06,
U0475,PL1023,click,0,2025-08-08,
U0440,PL1005,view,0,2024-11-30,
U0438,PL1059,view,0,2025-01-13,
U0462,PL1025,click,0,2025-03-31,
U0496,PL1031,shortlist,0,2024-10-25,
U0339,PL1051,view,0,2024-09-26,
U0224,PL1030,view,0,2024-08-24,
U0325,PL1002,click,0,2024-08-23,
U0234,PL1061,click,0,2024-09-09,
U0242,PL1038,view,0,2024-09-28,
U0271,PL1002,view,0,2024-10-27,
U0039,PL1051,view,0,2024-10-23,
U0014,PL1045,click,0,2025-04-20,
U0202,PL1024,click,0,2024-11-13,
U0167,PL1018,shortlist,0,2024-09-24,
U0474,PL1028,view,0,2025-06-25,
U0308,PL1016,click,0,2025-09-28,
U0423,PL1045,view,0,2025-03-24,
U0322,PL1030,shortlist,0,2024-06-29,
U0393,PL1015,view,0,2025-05-11,
U0157,PL1058,view,0,2025-01-09,
U0476,PL1004,view,0,2024-07-31,
U0370,PL1028,view,0,2024-12-22,
U0101,PL1055,view,0,2024-04-30,
U0477,PL1001,view,0,2024-06-08,
U0145,PL1057,view,0,2024-11-07,
U0274,PL1049,click,0,2024-12-12,
U0082,PL1044,view,0,2024-07-01,
U0196,PL1060,view,0,2025-07-19,
U0179,PL1002,click,0,2024-08-24,
U0468,PL1042,view,0,2024-12-23,
U0246,PL1055,click,0,2025-04-05,
U0162,PL1040,view,0,2024-06-12,
U0262,PL1052,view,0,2024-11-24,
U0189,PL1023,view,0,2024-07-25,
U0221,PL1013,view,0,2024-10-21,
U0193,PL1019,view,0,2024-06-06,
U0073,PL1049,enroll,1,2025-02-20,
U0493,PL1027,shortlist,0,2025-03-13,
U0135,PL1047,view,0,2025-03-22,
U0197,PL1059,shortlist,0,2025-04-25,
U0342,PL1007,view,0,2025-02-21,
U0401,PL1051,view,0,2025-05-31,
U0381,PL1018,click,0,2024-09-19,
U0070,PL1041,view,0,2025-09-07,
U0343,PL1060,view,0,2024-10-26,
U0275,PL1049,view,0,2024-04-16,
U0260,PL1014,click,0,2025-08-24,
U0237,PL1056,view,0,2024-12-28,
U0484,PL1033,view,0,2024-11-16,
U0080,PL1016,view,0,2025-04-23,
U0431,PL1044,view,0,2024-05-02,
U0388,PL1012,click,0,2025-06-03,
U0459,PL1018,enroll,1,2025-01-11,
U0317,PL1046,view,0,2025-01-04,
U0369,PL1050,view,0,2024-06-07,
U0048,PL1014,view,0,2024-07-24,
U0446,PL1010,view,0,2024-10-31,
U0180,PL1025,view,0,2025-01-17,
U0420,PL1047,shortlist,0,2024-09-19,
U0322,PL1059,click,0,2024-06-19,
U0206,PL1017,view,0,2025-04-05,
U0076,PL1061,click,0,2025-09-03,
U0160,PL1059,view,0,2024-07-12,
U0387,PL1053,view,0,2024-08-12,
U0487,PL1045,click,0,2025-06-11,
U0067,PL1061,view,0,2024-09-14,
U0328,PL1047,view,0,2024-05-25,
U0296,PL1051,click,0,2025-05-18,
U0320,PL1051,view,0,2025-04-12,
U0038,PL1005,click,0,2024-04-29,
U0200,PL1027,view,0,2025-02-02,
U0159,PL1024,view,0,2024-11-29,
U0338,PL1055,view,0,2025-06-23,
U0445,PL1058,click,0,2025-06-20,
U0314,PL1037,view,0,2024-07-12,
U0067,PL1057,click,0,2024-08-06,
U0347,PL1007,click,0,2025-02-15,
U0321,PL1034,click,0,2024-06-11,
U0403,PL1059,click,0,2024-04-29,
U0376,PL1039,view,0,2024-12-07,
U0264,PL1053,view,0,2025-07-04,
U0156,PL1036,click,0,2025-07-19,
U0383,PL1037,view,0,2024-06-07,
U0322,PL1059,click,0,2025-07-15,
U0477,PL1041,view,0,2025-07-10,
U0348,PL1009,view,0,2025-04-16,
U0169,PL1028,view,0,2025-06-20,
U0333,PL1061,click,0,2024-10-19,
U0028,PL1023,click,0,2025-09-30,
U0087,PL1046,click,0,2024-07-17,
U0267,PL1031,view,0,2024-10-15,
U0478,PL1016,click,0,2024-12-10,
U0098,PL1008,click,0,2025-05-01,
U0366,PL1038,click,0,2024-09-15,
U0478,PL1042,view,0,2025-09-03,
U0029,PL1003,view,0,2024-10-09,
U0046,PL1027,click,0,2025-01-11,
U0289,PL1005,view,0,2025-09-18,
U0198,PL1059,shortlist,0,2025-06-18,
U0451,PL1032,click,0,2024-10-13,
U0182,PL1048,click,0,2024-04-19,
U0423,PL1002,view,0,2024-05-18,
U0254,PL1014,click,0,2024-04-24,
U0355,PL1027,click,0,2024-11-24,
U0101,PL1041,click,0,2024-05-31,
U0059,PL1024,click,0,2025-02-07,
U0032,PL1050,click,0,2024-09-07,
U0030,PL1061,click,0,2025-03-05,
U0494,PL1035,shortlist,0,2025-05-09,
U0481,PL1054,click,0,2025-01-11,
U0268,PL1060,view,0,2025-05-23,
U0422,PL1025,view,0,2024-11-02,
U0002,PL1026,view,0,2025-02-28,
U0314,PL1045,view,0,2025-07-09,
U0217,PL1015,view,0,2024-04-29,
U0103,PL1028,view,0,2025-07-29,
U0457,PL1048,click,0,2025-09-25,
U0307,PL1045,shortlist,0,2024-05-26,
U0177,PL1001,view,0,2025-04-08,
U0002,PL1026,view,0,2025-09-18,
U0453,PL1053,view,0,2024-07-27,
U0483,PL1019,view,0,2024-11-23,
U0368,PL1047,shortlist,0,2024-06-03,
U0227,PL1052,view,0,2025-09-07,
U0338,PL1043,shortlist,0,2024-10-18,
U0338,PL1049,click,0,2025-06-20,
U0134,PL1006,view,0,2024-09-09,
U0009,PL1027,click,0,2024-08-02,
U0164,PL1024,click,0,2024-08-04,
U0176,PL1022,view,0,2025-07-03,
U0305,PL1006,click,0,2024-06-14,
U0361,PL1005,view,0,2024-07-16,
U0464,PL1059,view,0,2025-06-24,
U0246,PL1050,click,0,2024-10-18,
U0318,PL1055,click,0,2024-07-24,
U0100,PL1043,view,0,2025-06-25,
U0425,PL1051,view,0,2024-09-06,
U0206,PL1034,view,0,2024-11-20,
U0154,PL1017,view,0,2025-03-09,
U0231,PL1036,view,0,2025-08-21,
U0173,PL1021,view,0,2024-11-27,
U0380,PL1053,view,0,2024-12-18,
U0120,PL1015,view,0,2025-03-28,
U0387,PL1054,view,0,2025-05-11,
U0336,PL1020,click,0,2025-02-16,
U0460,PL1035,view,0,2024-12-20,
U0454,PL1050,view,0,2025-08-14,
U0084,PL1010,view,0,2025-01-06,
U0372,PL1032,view,0,2025-01-28,
U0043,PL1040,shortlist,0,2024-09-07,
U0092,PL1004,view,0,2025-06-17,
U0339,PL1049,view,0,2024-04-27,
U0477,PL1043,view,0,2025-06-02,
U0026,PL1012,click,0,2025-08-14,
U0115,PL1030,click,0,2025-04-22,
U0201,PL1035,click,0,2024-10-30,
U0404,PL1031,view,0,2025-06-29,
U0115,PL1023,view,0,2024-11-09,
U0468,PL1020,view,0,2024-07-22,
U0499,PL1012,view,0,2024-12-26,
U0356,PL1036,view,0,2024-07-28,
U0430,PL1005,view,0,2025-07-22,
U0203,PL1044,click,0,2024-09-12,
U0413,PL1011,click,0,2024-08-20,
U0141,PL1050,view,0,2025-09-03,
U0394,PL1038,click,0,2024-09-15,
U0495,PL1001,shortlist,0,2025-05-27,
U0111,PL1050,click,0,2025-04-21,
U0317,PL1057,view,0,2024-04-18,
U0426,PL1007,click,0,2025-05-07,
U0292,PL1029,view,0,2024-07-07,
U0140,PL1050,view,0,2025-02-09,
U0062,PL1040,view,0,2025-04-26,
U0327,PL1024,view,0,2024-06-13,
U0019,PL1005,view,0,2024-07-18,
U0101,PL1043,view,0,2025-04-01,
U0377,PL1006,view,0,2024-10-02,
U0301,PL1006,click,0,2025-07-19,
U0297,PL1022,view,0,2025-05-23,
U0146,PL1033,click,0,2025-09-29,
U0013,PL1034,view,0,2025-07-18,
U0266,PL1039,view,0,2025-08-22,
U0030,PL1027,view,0,2024-08-31,
U0047,PL1048,view,0,2024-09-11,
U0444,PL1060,click,0,2024-04-11,
U0173,PL1006,click,0,2024-06-18,
U0446,PL1019,click,0,2024-10-17,
U0069,PL1037,view,0,2024-09-24,
U0097,PL1014,shortlist,0,2024-04-12,
U0328,PL1049,view,0,2024-05-21,
U0043,PL1024,click,0,2025-06-29,
U0306,PL1057,view,0,2025-02-04,
U0138,PL1032,click,0,2025-03-22,
U0278,PL1006,click,0,2024-11-20,
U0306,PL1016,view,0,2024-11-05,
U0157,PL1018,view,0,2025-01-19,
U0343,PL1026,view,0,2025-02-07,
U0202,PL1035,view,0,2025-04-09,
U0338,PL1024,view,0,2024-12-27,
U0027,PL1047,view,0,2024-06-19,
U0209,PL1021,view,0,2024-12-15,
U0050,PL1011,view,0,2025-09-01,
U0272,PL1050,click,0,2024-11-21,
U0413,PL1032,view,0,2024-07-01,
U0423,PL1038,view,0,2025-06-12,
U0436,PL1011,shortlist,0,2025-01-08,
U0291,PL1009,view,0,2024-04-14,
U0176,PL1055,click,0,2024-12-30,
U0331,PL1034,view,0,2025-06-14,
U0142,PL1047,view,0,2024-07-09,
U0052,PL1030,click,0,2025-07-31,
U0236,PL1051,view,0,2025-01-22,
U0435,PL1015,view,0,2024-10-08,
U0304,PL1032,click,0,2025-07-04,
U0128,PL1006,click,0,2024-07-26,
U0084,PL1032,view,0,2025-04-23,
U0306,PL1005,view,0,2025-07-23,
U0473,PL1006,shortlist,0,2025-01-20,
U0441,PL1042,click,0,2025-04-17,
U0262,PL1038,view,0,2025-01-18,
U0299,PL1035,view,0,2025-08-04,
U0100,PL1007,view,0,2025-05-11,
U0377,PL1014,shortlist,0,2024-06-10,
U0296,PL1002,view,0,2025-04-15,
U0359,PL1023,view,0,2025-04-03,
U0109,PL1050,view,0,2024-11-15,
U0046,PL1026,shortlist,0,2024-05-27,
U0117,PL1040,view,0,2025-05-14,
U0095,PL1015,view,0,2025-03-28,
U0278,PL1007,view,0,2024-11-05,
U0209,PL1052,view,0,2025-08-23,
U0121,PL1004,view,0,2024-10-31,
U0353,PL1014,view,0,2024-07-13,
U0400,PL1004,click,0,2025-09-14,
U0097,PL1032,view,0,2025-08-14,
U0210,PL1031,click,0,2025-01-09,
U0032,PL1058,click,0,2025-04-12,
U0014,PL1051,view,0,2025-09-27,
U0300,PL1045,view,0,2024-11-23,
U0497,PL1013,click,0,2025-07-19,
U0477,PL1025,view,0,2025-04-28,
U0266,PL1059,view,0,2025-04-19,
U0023,PL1033,view,0,2025-05-05,
U0002,PL1012,view,0,2025-05-03,
U0018,PL1009,click,0,2024-12-07,
U0273,PL1011,view,0,2024-09-20,
U0427,PL1034,view,0,2024-11-07,
U0485,PL1020,view,0,2025-07-30,
U0149,PL1002,view,0,2025-09-19,
U0371,PL1030,view,0,2024-12-20,
U0161,PL1048,view,0,2024-11-23,
U0399,PL1058,view,0,2024-08-08,
U0224,PL1052,view,0,2024-05-22,
U0377,PL1057,click,0,2024-09-28,
U0266,PL1003,view,0,2025-01-22,
U0147,PL1010,view,0,2024-10-05,
U0120,PL1057,view,0,2024-11-10,
U0447,PL1017,click,0,2025-03-11,
U0335,PL1046,view,0,2025-02-04,
U0287,PL1035,shortlist,0,2024-05-21,
U0140,PL1041,click,0,2024-07-24,
U0275,PL1032,click,0,2025-02-10,
U0378,PL1010,view,0,2024-07-12,
U0499,PL1048,view,0,2024-10-09,
U0235,PL1011,click,0,2024-09-13,
U0117,PL1007,enroll,1,2024-05-01,
U0228,PL1024,shortlist,0,2024-06-07,
U0157,PL1013,view,0,2025-09-04,
U0247,PL1044,shortlist,0,2024-11-08,
U0454,PL1048,click,0,2024-07-03,
U0296,PL1036,click,0,2024-04-22,
U0342,PL1029,click,0,2024-07-18,
U0363,PL1057,view,0,2025-01-14,
U0080,PL1023,view,0,2024-08-16,
U0370,PL1042,view,0,2024-09-23,
U0005,PL1030,view,0,2025-05-12,
U0220,PL1037,view,0,2025-07-15,
U0001,PL1035,click,0,2024-11-19,
U0089,PL1027,view,0,2024-09-05,
U0357,PL1057,view,0,2025-09-23,
U0148,PL1004,shortlist,0,2024-11-07,
U0360,PL1047,view,0,2024-12-02,
U0377,PL1020,view,0,2024-11-16,
U0390,PL1019,click,0,2024-06-17,
U0329,PL1006,view,0,2025-05-21,
U0259,PL1031,view,0,2025-04-18,
U0017,PL1024,view,0,2024-06-08,
U0075,PL1023,view,0,2024-06-19,
U0441,PL1047,view,0,2025-05-14,
U0074,PL1013,view,0,2024-07-15,
U0449,PL1045,view,0,2024-05-04,
U0096,PL1017,view,0,2025-07-06,
U0083,PL1035,click,0,2024-10-14,
U0368,PL1018,view,0,2025-08-31,
U0233,PL1017,shortlist,0,2024-05-22,
U0391,PL1023,click,0,2024-11-21,
U0437,PL1060,click,0,2025-04-18,
U0414,PL1030,view,0,2024-07-14,
U0382,PL1018,view,0,2025-09-30,
U0450,PL1028,view,0,2025-09-10,
U0107,PL1001,shortlist,0,2025-05-07,
U0036,PL1010,click,0,2025-01-08,
U0284,PL1006,click,0,2025-02-07,
U0297,PL1007,view,0,2025-08-13,
U0006,PL1014,view,0,2024-04-25,
U0297,PL1023,view,0,2024-04-11,
U0125,PL1051,click,0,2024-09-19,
U0006,PL1026,view,0,2025-01-10,
U0109,PL1018,view,0,2025-04-09,
U0270,PL1050,view,0,2024-11-16,
U0081,PL1008,view,0,2024-11-23,
U0093,PL1058,click,0,2024-07-11,
U0244,PL1053,view,0,2024-11-16,
U0270,PL1043,view,0,2024-10-04,
U0039,PL1052,view,0,2024-07-07,
U0274,PL1006,view,0,2025-05-04,
U0079,PL1056,click,0,2025-08-10,
U0114,PL1035,click,0,2025-08-13,
U0101,PL1034,view,0,2025-05-31,
U0480,PL1018,view,0,2024-10-05,
U0035,PL1025,click,0,2025-02-27,
U0341,PL1016,shortlist,0,2024-12-14,
U0356,PL1017,view,0,2024-08-05,
U0033,PL1053,click,0,2024-09-28,
U0016,PL1016,view,0,2024-06-28,
U0165,PL1022,view,0,2025-09-20,
U0367,PL1032,view,0,2024-04-26,
U0200,PL1031,view,0,2024-09-01,
U0016,PL1047,view,0,2024-04-10,
U0495,PL1026,view,0,2024-07-06,
U0478,PL1060,view,0,2025-05-11,
U0433,PL1039,click,0,2025-05-15,
U0330,PL1028,view,0,2024-07-30,
U0371,PL1004,view,0,2024-04-25,
U0340,PL1022,shortlist,0,2025-07-29,
U0310,PL1050,view,0,2025-02-07,
U0214,PL1011,click,0,2025-07-30,
U0221,PL1021,view,0,2025-09-28,
U0058,PL1046,view,0,2025-03-10,
U0300,PL1031,click,0,2025-01-04,
U0215,PL1057,enroll,1,2025-03-11,
U0085,PL1047,click,0,2024-06-01,
U0304,PL1034,click,0,2025-03-03,
U0347,PL1048,view,0,2025-03-16,
U0265,PL1039,view,0,2025-01-12,
U0195,PL1022,shortlist,0,2025-06-20,
U0268,PL1045,click,0,2025-02-11,
U0486,PL1051,click,0,2025-02-25,
U0438,PL1052,click,0,2025-06-10,
U0055,PL1047,click,0,2025-02-15,
U0221,PL1053,view,0,2025-07-01,
U0107,PL1031,view,0,2025-09-13,
U0457,PL1034,click,0,2025-08-17,
U0318,PL1058,view,0,2024-10-03,
U0110,PL1020,view,0,2025-02-24,
U0432,PL1030,view,0,2024-11-05,
U0017,PL1014,click,0,2024-09-14,
U0396,PL1055,view,0,2024-04-19,
U0236,PL1031,view,0,2025-06-29,
U0279,PL1013,claim_approved,1,2025-05-20,127813.0
U0412,PL1041,view,0,2024-07-17,
U0085,PL1005,view,0,2024-06-19,
U0448,PL1021,view,0,2025-01-07,
U0221,PL1040,shortlist,0,2025-02-10,
U0095,PL1039,click,0,2024-12-13,
U0285,PL1052,view,0,2025-08-04,
U0067,PL1004,view,0,2025-05-18,
U0315,PL1018,click,0,2024-04-24,
U0489,PL1048,view,0,2024-05-30,
U0350,PL1003,click,0,2025-05-19,
U0427,PL1052,view,0,2025-03-31,
U0072,PL1027,view,0,2024-08-14,
U0449,PL1042,shortlist,0,2024-11-20,
U0185,PL1053,view,0,2024-06-18,
U0417,PL1039,click,0,2024-08-20,
U0149,PL1032,view,0,2025-06-03,
U0300,PL1021,view,0,2024-11-21,
U0399,PL1006,view,0,2024-06-24,
U0290,PL1028,shortlist,0,2025-04-12,
U0379,PL1016,view,0,2024-12-27,
U0388,PL1012,view,0,2025-01-08,
U0031,PL1023,click,0,2024-11-27,
U0341,PL1016,view,0,2024-09-06,
U0002,PL1015,click,0,2025-09-10,
U0471,PL1056,view,0,2024-08-04,
U0071,PL1004,view,0,2024-07-26,
U0295,PL1009,click,0,2025-05-12,
U0408,PL1018,click,0,2024-09-06,
U0433,PL1048,click,0,2025-05-08,
U0268,PL1016,view,0,2024-04-21,
U0048,PL1018,click,0,2024-05-21,
U0494,PL1059,view,0,2025-03-02,
U0191,PL1047,view,0,2024-08-12,
U0171,PL1031,click,0,2024-08-06,
U0119,PL1015,view,0,2025-02-15,
U0319,PL1032,click,0,2025-06-12,
U0201,PL1038,view,0,2024-04-15,
U0345,PL1031,click,0,2025-01-07,
U0442,PL1016,view,0,2024-06-05,
U0027,PL1027,click,0,2024-07-13,
U0109,PL1005,click,0,2024-04-12,
U0072,PL1022,click,0,2025-02-05,
U0240,PL1023,view,0,2024-11-17,
U0440,PL1021,click,0,2025-04-22,
U0249,PL1022,click,0,2025-02-27,
U0468,PL1001,view,0,2025-02-03,
U0215,PL1051,click,0,2025-08-28,
U0192,PL1056,view,0,2024-07-02,
U0413,PL1008,view,0,2025-01-10,
U0010,PL1004,click,0,2024-06-23,
U0288,PL1010,view,0,2025-05-27,
U0172,PL1004,view,0,2024-05-19,
U0277,PL1020,view,0,2024-12-09,
U0387,PL1030,click,0,2024-11-13,
U0066,PL1056,click,0,2024-11-20,
U0095,PL1001,click,0,2025-04-08,
U0014,PL1056,click,0,2025-09-29,
U0321,PL1029,view,0,2024-08-01,
U0067,PL1038,click,0,2024-06-07,
U0294,PL1039,click,0,2025-07-24,
U0490,PL1003,view,0,2024-12-28,
U0342,PL1023,click,0,2024-07-24,
U0317,PL1039,shortlist,0,2025-07-02,
U0309,PL1017,view,0,2024-09-24,
U0316,PL1039,click,0,2025-07-23,
U0301,PL1003,view,0,2025-07-24,
U0132,PL1014,view,0,2024-10-25,
U0482,PL1059,view,0,2024-10-05,
U0364,PL1057,click,0,2024-12-11,
U0419,PL1040,view,0,2024-12-25,
U0260,PL1053,click,0,2024-12-01,
U0453,PL1049,view,0,2025-08-06,
U0219,PL1004,shortlist,0,2024-08-26,
U0489,PL1050,click,0,2025-05-21,
U0257,PL1018,click,0,2025-08-31,
U0343,PL1026,view,0,2024-12-03,
U0372,PL1010,view,0,2025-08-23,
U0217,PL1027,view,0,2025-02-14,
U0421,PL1016,click,0,2024-04-15,
U0226,PL1011,click,0,2024-09-23,
U0230,PL1042,click,0,2024-10-26,
U0105,PL1003,click,0,2024-11-11,
U0070,PL1032,shortlist,0,2024-09-21,
U0482,PL1052,click,0,2024-08-20,
U0245,PL1030,click,0,2024-06-02,
U0287,PL1042,click,0,2025-06-25,
U0089,PL1024,click,0,2024-08-21,
U0469,PL1010,view,0,2024-08-03,
U0453,PL1039,view,0,2024-04-15,
U0435,PL1012,click,0,2025-06-25,
U0110,PL1045,view,0,2024-09-26,
U0003,PL1026,view,0,2024-06-14,
U0060,PL1004,view,0,2025-01-22,
U0249,PL1041,view,0,2025-06-08,
U0011,PL1039,view,0,2024-08-12,
U0392,PL1008,click,0,2024-04-26,
U0211,PL1044,view,0,2024-09-06,
U0232,PL1050,shortlist,0,2024-11-01,
U0110,PL1051,click,0,2025-01-26,
U0176,PL1037,view,0,2024-12-04,
U0241,PL1016,click,0,2025-08-01,
U0027,PL1029,view,0,2025-08-07,
U0353,PL1032,view,0,2025-01-17,
U0092,PL1004,click,0,2025-06-04,
U0289,PL1024,view,0,2024-04-28,
U0238,PL1051,view,0,2025-02-08,
U0203,PL1056,view,0,2024-11-20,
U0071,PL1052,click,0,2025-08-02,
U0356,PL1033,click,0,2025-08-14,
U0286,PL1051,click,0,2024-04-25,
U0105,PL1025,click,0,2025-05-16,
U0181,PL1031,view,0,2025-09-16,
U0072,PL1026,click,0,2024-08-07,
U0018,PL1019,view,0,2025-01-02,
U0162,PL1048,click,0,2025-07-01,
U0205,PL1026,view,0,2025-09-16,
U0008,PL1057,click,0,2025-02-13,
U0207,PL1036,click,0,2025-04-30,
U0215,PL1031,click,0,2024-05-14,
U0307,PL1052,view,0,2025-08-26,
U0018,PL1012,shortlist,0,2024-12-17,
U0141,PL1054,view,0,2025-08-08,
U0388,PL1014,view,0,2025-04-07,
U0059,PL1036,view,0,2025-09-18,
U0100,PL1025,view,0,2024-06-19,
U0495,PL1040,click,0,2024-08-27,
U0475,PL1058,click,0,2025-02-07,
U0444,PL1004,view,0,2025-04-14,
U0002,PL1035,click,0,2024-08-26,
U0165,PL1049,click,0,2024-12-03,
U0323,PL1039,view,0,2024-08-20,
U0488,PL1013,view,0,2024-05-16,
U0392,PL1053,click,0,2024-07-17,
U0121,PL1007,view,0,2024-06-25,
U0081,PL1005,view,0,2025-05-08,
U0441,PL1007,shortlist,0,2024-11-15,
U0424,PL1005,view,0,2024-07-03,
U0369,PL1023,view,0,2025-05-28,
U0173,PL1009,view,0,2025-08-05,
U0045,PL1005,view,0,2025-08-13,
U0158,PL1030,shortlist,0,2024-06-04,
U0206,PL1041,view,0,2025-04-30,
U0248,PL1059,view,0,2025-04-23,
U0463,PL1016,view,0,2024-04-29,
U0291,PL1052,view,0,2024-05-27,
U0278,PL1017,view,0,2024-06-03,
U0281,PL1060,view,0,2024-05-05,
U0405,PL1005,view,0,2024-06-12,
U0136,PL1030,view,0,2024-07-09,
U0001,PL1032,click,0,2025-05-22,
U0337,PL1022,view,0,2025-03-16,
U0428,PL1007,view,0,2025-07-07,
U0241,PL1056,view,0,2024-08-04,
U0109,PL1042,click,0,2025-07-20,
U0083,PL1026,view,0,2024-10-28,
U0165,PL1060,view,0,2024-05-30,
U0395,PL1045,view,0,2025-04-23,
U0386,PL1046,view,0,2024-11-08,
U0062,PL1005,view,0,2024-10-31,
U0118,PL1023,view,0,2024-08-20,
U0251,PL1042,view,0,2025-07-03,
U0032,PL1004,view,0,2024-06-14,
U0419,PL1010,shortlist,0,2024-09-04,
U0021,PL1002,shortlist,0,2024-06-22,
U0095,PL1014,view,0,2025-04-29,
U0010,PL1009,view,0,2024-11-02,
U0002,PL1059,view,0,2024-12-09,
U0350,PL1006,view,0,2025-01-16,
U0174,PL1046,view,0,2024-12-18,
U0432,PL1039,click,0,2024-05-29,
U0290,PL1032,view,0,2025-05-05,
U0107,PL1035,click,0,2024-09-17,
U0408,PL1029,view,0,2024-12-20,
U0311,PL1002,view,0,2025-05-28,
U0046,PL1022,view,0,2025-06-24,
U0282,PL1042,view,0,2025-09-25,
U0040,PL1059,click,0,2024-09-28,
U0091,PL1025,click,0,2024-06-23,
U0005,PL1039,view,0,2025-02-20,
U0060,PL1017,view,0,2024-10-17,
U0360,PL1030,click,0,2024-11-03,
U0275,PL1034,shortlist,0,2024-07-18,
U0393,PL1009,click,0,2024-07-27,
U0124,PL1035,click,0,2025-08-07,
U0157,PL1038,view,0,2024-10-16,
U0313,PL1029,view,0,2025-05-14,
U0471,PL1058,view,0,2024-08-25,
U0090,PL1039,view,0,2025-05-13,
U0002,PL1005,shortlist,0,2025-09-19,
U0328,PL1044,view,0,2024-10-20,
U0426,PL1032,view,0,2025-01-08,
U0024,PL1020,click,0,2024-10-11,
U0286,PL1043,shortlist,0,2025-06-12,
U0313,PL1036,view,0,2024-10-10,
U0404,PL1010,click,0,2024-11-13,
U0154,PL1023,view,0,2024-09-17,
U0324,PL1025,view,0,2024-11-21,
U0138,PL1011,click,0,2024-06-13,
U0058,PL1026,click,0,2024-12-04,
U0089,PL1003,shortlist,0,2024-09-06,
U0089,PL1004,view,0,2024-06-15,
U0019,PL1061,view,0,2024-07-31,
U0399,PL1052,click,0,2024-08-08,
U0054,PL1014,view,0,2024-12-06,
U0220,PL1022,view,0,2025-03-08,
U0272,PL1021,view,0,2025-08-30,
U0274,PL1030,view,0,2025-01-05,
U0102,PL1043,view,0,2024-07-18,
U0188,PL1055,shortlist,0,2025-01-06,
U0324,PL1025,click,0,2025-01-10,
U0073,PL1012,view,0,2025-09-18,
U0209,PL1044,click,0,2024-04-22,
U0085,PL1025,shortlist,0,2025-09-06,
U0225,PL1027,view,0,2024-05-07,
U0360,PL1009,view,0,2025-02-12,
U0166,PL1056,click,0,2025-03-25,
U0143,PL1010,view,0,2025-05-19,
U0388,PL1057,click,0,2024-12-10,
U0145,PL1057,view,0,2024-11-14,
U0445,PL1022,view,0,2025-01-17,
U0468,PL1033,click,0,2024-07-31,
U0459,PL1053,view,0,2025-04-19,
U0036,PL1022,view,0,2024-10-24,
U0217,PL1058,view,0,2025-08-21,
U0240,PL1021,view,0,2024-08-28,
U0158,PL1031,click,0,2025-07-21,
U0418,PL1045,view,0,2025-06-30,
U0251,PL1002,view,0,2025-04-05,
U0324,PL1037,shortlist,0,2025-08-29,
U0263,PL1023,click,0,2024-07-14,
U0152,PL1058,view,0,2025-05-26,
U0367,PL1050,view,0,2024-07-12,
U0493,PL1042,click,0,2025-01-24,
U0424,PL1023,view,0,2025-05-30,
U0098,PL1050,view,0,2024-08-14,
U0368,PL1001,view,0,2024-08-08,
U0319,PL1026,view,0,2025-01-11,
U0158,PL1059,click,0,2025-01-21,
U0152,PL1013,view,0,2024-10-15,
U0409,PL1021,view,0,2025-06-30,
U0206,PL1052,view,0,2024-06-14,
U0026,PL1035,view,0,2025-05-16,
U0085,PL1004,click,0,2025-08-13,
U0303,PL1019,view,0,2025-08-14,
U0046,PL1005,view,0,2025-09-28,
U0162,PL1057,view,0,2025-03-20,
U0048,PL1007,claim_approved,1,2024-08-29,73130.0
U0195,PL1022,view,0,2025-06-13,
U0331,PL1052,view,0,2024-09-26,
U0455,PL1003,view,0,2025-08-26,
U0499,PL1050,click,0,2025-05-11,
U0497,PL1020,shortlist,0,2025-05-11,
U0212,PL1038,view,0,2024-04-11,
U0384,PL1048,shortlist,0,2024-09-24,
U0375,PL1038,click,0,2024-11-15,
U0342,PL1033,view,0,2025-04-10,
U0358,PL1001,view,0,2025-02-15,
U0355,PL1052,view,0,2024-10-21,
U0124,PL1055,view,0,2024-06-24,
U0450,PL1033,view,0,2024-07-12,
U0055,PL1008,shortlist,0,2024-10-28,
U0353,PL1053,view,0,2024-10-26,
U0365,PL1047,view,0,2024-07-11,
U0408,PL1061,view,0,2024-05-01,
U0434,PL1056,view,0,2025-03-21,
U0276,PL1045,view,0,2024-05-20,
U0424,PL1034,click,0,2024-08-05,
U0171,PL1045,view,0,2024-11-30,
U0416,PL1060,shortlist,0,2025-05-28,
U0146,PL1011,view,0,2025-01-20,
U0106,PL1004,view,0,2025-08-08,
U0030,PL1017,click,0,2024-05-21,
U0315,PL1023,view,0,2024-08-03,
U0248,PL1020,view,0,2025-08-01,
U0412,PL1023,view,0,2025-01-02,
U0022,PL1019,click,0,2025-02-03,
U0250,PL1045,view,0,2024-07-01,
U0190,PL1057,view,0,2025-09-17,
U0155,PL1021,view,0,2025-02-19,
U0449,PL1043,view,0,2024-12-04,
U0372,PL1048,view,0,2024-04-19,
U0491,PL1044,click,0,2024-09-20,
U0263,PL1038,view,0,2024-07-05,
U0254,PL1031,click,0,2024-08-08,
U0368,PL1001,shortlist,0,2024-07-12,
U0091,PL1026,view,0,2024-04-20,
U0475,PL1057,click,0,2024-11-15,
U0119,PL1059,view,0,2024-11-09,
U0457,PL1061,view,0,2025-08-08,
U0141,PL1002,view,0,2024-11-26,
U0396,PL1012,view,0,2024-12-17,
U0187,PL1045,click,0,2025-07-06,
U0339,PL1022,click,0,2025-07-05,
U0373,PL1060,click,0,2024-10-18,
U0032,PL1015,click,0,2025-08-02,
U0133,PL1005,view,0,2024-04-20,
U0279,PL1004,view,0,2024-10-03,
U0353,PL1036,click,0,2025-03-21,
U0310,PL1039,view,0,2025-02-01,
U0421,PL1023,view,0,2024-04-22,
U0354,PL1045,view,0,2024-07-29,
U0154,PL1034,view,0,2025-01-26,
U0326,PL1055,shortlist,0,2025-06-18,
U0395,PL1004,click,0,2024-10-06,
U0189,PL1031,click,0,2025-01-18,
U0393,PL1025,shortlist,0,2024-12-06,
U0271,PL1010,view,0,2024-11-28,
U0088,PL1041,view,0,2024-06-17,
U0442,PL1011,view,0,2024-11-06,
U0309,PL1019,view,0,2024-11-27,
U0080,PL1001,click,0,2024-05-24,
U0381,PL1002,view,0,2025-05-01,
U0081,PL1041,click,0,2025-08-12,
U0098,PL1038,click,0,2025-05-01,
U0100,PL1018,view,0,2025-01-08,
U0459,PL1051,shortlist,0,2024-08-19,
U0226,PL1054,view,0,2024-11-07,
U0459,PL1045,view,0,2025-05-13,
U0428,PL1059,click,0,2025-02-01,
U0111,PL1007,click,0,2024-08-16,
U0223,PL1016,view,0,2024-06-22,
U0285,PL1034,view,0,2024-06-05,
U0058,PL1050,click,0,2024-07-10,
U0023,PL1049,click,0,2024-06-12,
U0439,PL1036,view,0,2025-09-09,
U0285,PL1025,shortlist,0,2024-09-10,
U0344,PL1045,view,0,2024-12-30,
U0155,PL1055,click,0,2025-01-26,
U0170,PL1023,view,0,2025-09-11,
U0419,PL1046,click,0,2024-08-15,
U0177,PL1002,view,0,2025-01-03,
U0405,PL1030,view,0,2025-04-08,
U0052,PL1005,shortlist,0,2024-06-29,
U0147,PL1014,view,0,2024-04-12,
U0223,PL1060,click,0,2025-07-22,
U0329,PL1058,click,0,2024-04-19,
U0235,PL1008,view,0,2024-11-04,
U0038,PL1007,view,0,2025-03-07,
U0416,PL1041,click,0,2024-08-22,
U0410,PL1009,view,0,2024-05-19,
U0216,PL1021,click,0,2024-04-18,
U0412,PL1020,click,0,2024-08-31,
U0075,PL1045,view,0,2024-11-17,
U0182,PL1020,shortlist,0,2024-09-21,
U0071,PL1018,view,0,2024-09-11,
U0193,PL1011,shortlist,0,2024-11-18,
U0397,PL1011,view,0,2025-05-24,
U0331,PL1021,view,0,2025-09-25,
U0197,PL1033,view,0,2025-01-20,
U0159,PL1032,click,0,2024-05-11,
U0073,PL1041,shortlist,0,2024-04-15,
U0288,PL1007,view,0,2025-01-27,
U0032,PL1045,view,0,2024-08-21,
U0475,PL1005,view,0,2024-04-14,
U0094,PL1058,click,0,2024-05-16,
U0194,PL1040,view,0,2024-07-10,
U0354,PL1015,view,0,2024-07-08,
U0035,PL1048,click,0,2025-03-23,
U0225,PL1041,view,0,2025-06-18,
U0448,PL1004,view,0,2025-05-12,
U0470,PL1018,click,0,2024-06-29,
U0121,PL1039,view,0,2025-06-06,
U0139,PL1015,view,0,2024-12-17,
U0348,PL1037,view,0,2025-03-22,
U0451,PL1020,click,0,2024-10-24,
U0338,PL1036,click,0,2024-04-17,
U0252,PL1037,view,0,2025-01-20,
U0245,PL1046,view,0,2024-09-09,
U0103,PL1018,shortlist,0,2025-03-27,
U0352,PL1034,click,0,2025-01-26,
U0154,PL1026,click,0,2025-01-11,
U0349,PL1004,click,0,2024-07-12,
U0368,PL1049,shortlist,0,2024-11-12,
U0193,PL1044,view,0,2025-05-25,
U0356,PL1042,view,0,2025-06-19,
U0142,PL1024,view,0,2025-06-26,
U0285,PL1022,view,0,2024-06-13,
U0207,PL1035,view,0,2025-05-25,
U0307,PL1057,view,0,2024-07-06,
U0220,PL1001,view,0,2025-06-21,
U0491,PL1031,view,0,2024-11-12,
U0311,PL1008,click,0,2024-10-28,
U0460,PL1030,view,0,2024-12-11,
U0077,PL1009,click,0,2024-12-31,
U0358,PL1054,click,0,2024-07-24,
U0168,PL1011,view,0,2024-09-24,
U0245,PL1021,shortlist,0,2025-06-30,
U0319,PL1009,click,0,2024-10-22,
U0472,PL1031,view,0,2025-01-13,
U0130,PL1019,click,0,2025-03-08,
U0221,PL1061,click,0,2024-05-31,
U0432,PL1011,view,0,2025-06-20,
U0003,PL1039,click,0,2024-06-13,
U0467,PL1005,view,0,2025-07-07,
U0335,PL1053,view,0,2024-09-12,
U0049,PL1017,click,0,2024-09-04,
U0318,PL1041,view,0,2025-07-26,
U0131,PL1057,view,0,2025-06-25,
U0032,PL1004,view,0,2024-07-30,
U0447,PL1059,click,0,2025-08-28,
U0293,PL1004,view,0,2024-09-13,
U0053,PL1019,view,0,2024-09-02,
U0063,PL1019,click,0,2025-03-27,
U0013,PL1005,view,0,2024-08-02,
U0472,PL1055,view,0,2025-08-17,
U0080,PL1015,shortlist,0,2025-08-14,
U0478,PL1057,click,0,2025-06-21,
U0409,PL1008,shortlist,0,2025-04-12,
U0261,PL1049,view,0,2025-09-12,
U0214,PL1013,view,0,2024-10-05,
U0006,PL1053,view,0,2025-05-03,
U0224,PL1023,view,0,2025-09-25,
U0473,PL1018,click,0,2024-10-26,
U0479,PL1006,view,0,2025-08-21,
U0248,PL1044,view,0,2025-05-13,
U0375,PL1044,click,0,2024-10-21,
U0045,PL1043,view,0,2025-08-22,
U0003,PL1055,view,0,2025-08-23,
U0446,PL1028,view,0,2025-03-25,
U0445,PL1040,click,0,2025-07-07,
U0057,PL1001,view,0,2025-09-24,
U0460,PL1060,shortlist,0,2024-05-29,
U0103,PL1036,view,0,2024-06-17,
U0015,PL1020,view,0,2025-03-12,
U0051,PL1028,view,0,2024-10-25,
U0478,PL1052,view,0,2024-12-06,
U0045,PL1003,click,0,2024-07-04,
U0252,PL1053,view,0,2025-03-31,
U0056,PL1013,view,0,2025-04-13,
U0112,PL1026,view,0,2024-09-26,
U0201,PL1048,click,0,2025-04-25,
U0207,PL1041,view,0,2025-08-20,
U0382,PL1040,view,0,2025-09-10,
U0056,PL1059,shortlist,0,2025-05-19,
U0087,PL1049,shortlist,0,2024-12-15,
U0150,PL1033,click,0,2024-06-27,
U0378,PL1004,view,0,2025-02-27,
U0411,PL1022,click,0,2025-04-02,
U0276,PL1052,click,0,2025-05-09,
U0452,PL1024,view,0,2024-10-12,
U0223,PL1022,click,0,2024-10-21,
U0499,PL1001,shortlist,0,2025-03-17,
U0062,PL1004,view,0,2025-07-28,
U0335,PL1037,view,0,2025-03-15,
U0217,PL1061,click,0,2025-08-18,
U0068,PL1010,shortlist,0,2025-01-02,
U0204,PL1006,view,0,2025-08-03,
U0369,PL1040,click,0,2025-07-09,
U0178,PL1061,view,0,2024-07-12,
U0110,PL1014,view,0,2024-09-07,
U0246,PL1007,click,0,2024-12-30,
U0121,PL1028,view,0,2024-07-05,
U0101,PL1009,view,0,2025-09-08,
U0469,PL1014,click,0,2024-12-26,
U0403,PL1016,view,0,2024-09-29,
U0044,PL1053,click,0,2024-07-24,
U0436,PL1018,view,0,2024-07-17,
U0427,PL1043,click,0,2024-04-08,
U0393,PL1032,view,0,2024-06-17,
U0369,PL1020,view,0,2024-07-01,
U0276,PL1014,view,0,2025-06-11,
U0105,PL1049,click,0,2025-04-27,
U0063,PL1030,shortlist,0,2025-07-04,
U0489,PL1053,click,0,2025-05-21,
U0015,PL1049,view,0,2025-03-03,
U0308,PL1034,view,0,2025-05-07,
U0346,PL1019,click,0,2025-09-04,
U0337,PL1034,click,0,2025-01-23,
U0386,PL1041,click,0,2024-07-31,
U0179,PL1032,view,0,2025-03-10,
U0299,PL1007,view,0,2024-08-22,
U0409,PL1005,view,0,2024-12-20,
U0090,PL1029,view,0,2025-09-22,
U0123,PL1009,view,0,2024-04-23,
U0364,PL1010,view,0,2025-04-06,
U0219,PL1014,view,0,2024-07-19,
U0352,PL1021,click,0,2025-08-14,
U0348,PL1001,claim_approved,1,2024-12-20,217220.0
U0021,PL1055,click,0,2024-12-18,
U0196,PL1011,shortlist,0,2025-03-28,
U0174,PL1023,click,0,2025-06-23,
U0300,PL1016,view,0,2024-12-12,
U0154,PL1025,view,0,2025-03-23,
U0172,PL1030,view,0,2025-08-12,
U0451,PL1061,click,0,2025-01-16,
U0099,PL1049,click,0,2025-04-21,
U0396,PL1017,view,0,2025-09-27,
U0125,PL1014,shortlist,0,2024-09-01,
U0490,PL1010,shortlist,0,2024-05-21,
U0462,PL1037,view,0,2025-07-26,
U0281,PL1024,view,0,2024-10-16,
U0454,PL1051,view,0,2024-11-22,
U0420,PL1035,claim_approved,1,2025-08-03,323837.0
U0349,PL1026,view,0,2024-04-11,
U0206,PL1054,shortlist,0,2024-07-03,
U0434,PL1019,click,0,2025-06-24,
U0138,PL1024,view,0,2024-05-01,
U0151,PL1006,shortlist,0,2024-07-08,
U0120,PL1030,view,0,2024-07-30,
U0103,PL1047,view,0,2025-06-20,
U0200,PL1026,view,0,2025-08-19,
U0385,PL1041,view,0,2024-07-20,
U0392,PL1039,view,0,2024-12-23,
U0032,PL1043,click,0,2024-08-31,
U0129,PL1030,view,0,2025-06-27,
U0017,PL1007,shortlist,0,2024-07-23,
U0387,PL1027,enroll,1,2024-04-30,
U0076,PL1043,view,0,2024-07-10,
U0117,PL1055,view,0,2024-06-17,
U0316,PL1011,view,0,2024-04-18,
U0086,PL1012,click,0,2024-05-24,
U0410,PL1017,shortlist,0,2024-12-25,
U0177,PL1037,click,0,2025-01-01,
U0438,PL1023,view,0,2025-07-20,
U0405,PL1042,view,0,2024-06-09,
U0451,PL1047,view,0,2024-07-22,
U0465,PL1020,click,0,2025-06-27,
U0066,PL1026,view,0,2024-12-12,
U0166,PL1036,click,0,2025-01-11,
U0190,PL1008,click,0,2025-08-04,
U0020,PL1030,click,0,2025-02-03,
U0099,PL1056,view,0,2025-03-16,
U0236,PL1038,view,0,2024-05-18,
U0192,PL1008,click,0,2024-04-21,
U0455,PL1041,click,0,2024-05-12,
U0499,PL1045,shortlist,0,2024-09-27,
U0016,PL1056,view,0,2024-04-08,
U0070,PL1026,view,0,2024-07-31,
U0450,PL1033,view,0,2025-03-14,
U0463,PL1058,click,0,2024-10-30,
U0434,PL1015,view,0,2025-02-27,
U0412,PL1010,click,0,2024-12-16,
U0073,PL1022,view,0,2024-11-22,
U0099,PL1051,view,0,2025-03-07,
U0197,PL1043,view,0,2025-04-13,
U0053,PL1051,click,0,2024-05-27,
U0011,PL1006,click,0,2024-05-09,
U0415,PL1059,view,0,2024-12-31,
U0389,PL1053,click,0,2025-06-30,
U0233,PL1027,click,0,2025-03-02,
U0157,PL1041,view,0,2025-06-04,
U0247,PL1001,view,0,2024-06-18,
U0025,PL1052,view,0,2024-07-10,
U0007,PL1054,view,0,2024-04-20,
U0311,PL1022,view,0,2024-12-10,
U0447,PL1037,view,0,2024-05-07,
U0398,PL1026,view,0,2024-08-12,
U0222,PL1039,click,0,2025-07-06,
U0256,PL1022,view,0,2024-09-06,
U0107,PL1028,click,0,2024-06-12,
U0103,PL1035,click,0,2025-08-30,
U0406,PL1012,click,0,2024-11-26,
U0356,PL1053,claim_approved,1,2025-09-25,304858.0
U0271,PL1020,click,0,2024-09-20,
U0291,PL1006,view,0,2024-07-12,
U0087,PL1004,view,0,2025-03-24,
U0328,PL1033,view,0,2025-08-28,
U0083,PL1046,view,0,2024-12-16,
U0465,PL1033,click,0,2024-06-07,
U0135,PL1010,click,0,2025-08-06,
U0150,PL1011,view,0,2024-10-20,
U0432,PL1028,view,0,2025-07-14,
U0431,PL1018,view,0,2024-08-03,
U0051,PL1018,view,0,2024-06-07,
U0352,PL1052,view,0,2024-10-09,
U0116,PL1048,click,0,2025-01-28,
U0104,PL1051,view,0,2024-11-14,
U0040,PL1047,view,0,2025-01-13,
U0221,PL1010,view,0,2025-06-11,
U0404,PL1014,view,0,2024-09-01,
U0445,PL1025,view,0,2025-09-03,
U0400,PL1058,view,0,2025-03-07,
U0154,PL1028,view,0,2025-08-30,
U0324,PL1041,shortlist,0,2025-05-13,
U0088,PL1046,view,0,2025-02-13,
U0173,PL1045,view,0,2025-07-17,
U0414,PL1026,view,0,2025-04-13,
U0140,PL1039,shortlist,0,2024-08-26,
U0249,PL1001,click,0,2025-06-02,
U0037,PL1050,view,0,2025-04-12,
U0203,PL1021,click,0,2024-08-21,
U0352,PL1005,click,0,2024-12-17,
U0043,PL1037,click,0,2025-04-28,
U0364,PL1049,view,0,2024-05-03,
U0410,PL1027,click,0,2024-09-19,
U0196,PL1053,shortlist,0,2024-09-14,
U0296,PL1060,view,0,2025-06-09,
U0392,PL1045,view,0,2025-04-16,
U0118,PL1030,view,0,2024-11-17,
U0294,PL1022,view,0,2025-05-17,
U0207,PL1021,view,0,2024-12-14,
U0270,PL1040,enroll,1,2025-09-21,
U0464,PL1047,view,0,2024-11-23,
U0089,PL1017,view,0,2025-06-19,
U0238,PL1027,view,0,2024-06-07,
U0317,PL1041,view,0,2025-04-05,
U0323,PL1007,view,0,2025-08-10,
U0159,PL1048,view,0,2024-05-01,
U0095,PL1031,view,0,2024-09-11,
U0185,PL1006,view,0,2024-10-07,
U0094,PL1047,click,0,2024-10-30,
U0406,PL1014,view,0,2025-08-30,
U0449,PL1045,view,0,2025-07-21,
U0284,PL1022,click,0,2025-04-23,
U0067,PL1052,view,0,2024-07-20,
U0275,PL1046,view,0,2024-06-14,
U0291,PL1015,view,0,2025-05-12,
U0315,PL1059,view,0,2025-06-25,
U0074,PL1010,click,0,2025-08-05,
U0185,PL1014,click,0,2025-08-18,
U0236,PL1014,view,0,2024-09-14,
U0093,PL1061,view,0,2024-06-10,
U0482,PL1050,view,0,2025-04-30,
U0201,PL1043,view,0,2024-07-23,
U0408,PL1045,view,0,2024-08-23,
U0353,PL1029,view,0,2025-03-15,
U0427,PL1040,view,0,2025-08-22,
U0253,PL1041,view,0,2024-07-30,
U0301,PL1024,view,0,2025-04-28,
U0460,PL1038,view,0,2025-03-14,
U0391,PL1023,view,0,2024-06-11,
U0362,PL1045,view,0,2024-07-08,
U0257,PL1004,view,0,2025-09-24,
U0384,PL1012,view,0,2025-09-24,
U0023,PL1009,view,0,2024-05-08,
U0119,PL1018,click,0,2024-10-21,
U0388,PL1020,view,0,2025-04-29,
U0385,PL1038,click,0,2025-05-17,
U0011,PL1058,click,0,2024-05-12,
U0422,PL1006,view,0,2024-09-14,
U0431,PL1033,shortlist,0,2024-08-07,
U0023,PL1031,view,0,2024-05-31,
U0439,PL1026,view,0,2025-04-26,
U0079,PL1048,view,0,2024-12-31,
U0431,PL1039,click,0,2024-12-04,
U0293,PL1048,view,0,2025-09-01,
U0380,PL1026,view,0,2025-07-01,
U0035,PL1025,enroll,1,2024-05-30,
U0368,PL1009,click,0,2024-06-29,
U0033,PL1053,view,0,2025-08-22,
U0161,PL1011,view,0,2025-06-11,
U0030,PL1011,shortlist,0,2025-05-18,
U0226,PL1016,view,0,2025-06-23,
U0435,PL1024,view,0,2025-06-22,
U0452,PL1046,shortlist,0,2025-08-22,
U0445,PL1016,view,0,2025-09-15,
U0390,PL1032,view,0,2024-07-16,
U0024,PL1041,view,0,2025-02-09,
U0010,PL1032,view,0,2025-03-27,
U0406,PL1009,view,0,2024-06-22,
U0275,PL1030,shortlist,0,2024-11-14,
U0035,PL1016,view,0,2025-02-11,
U0225,PL1026,view,0,2024-05-25,
U0155,PL1009,view,0,2025-09-01,
U0287,PL1059,view,0,2025-04-12,
U0267,PL1056,click,0,2025-06-01,
U0235,PL1049,view,0,2024-09-18,
U0111,PL1025,view,0,2025-09-15,
U0471,PL1032,view,0,2025-06-20,
U0138,PL1040,click,0,2024-07-19,
U0059,PL1021,click,0,2025-09-05,
U0297,PL1045,view,0,2025-04-20,
U0126,PL1023,view,0,2024-08-05,
U0248,PL1054,click,0,2024-12-11,
U0362,PL1049,view,0,2024-11-27,
U0363,PL1037,view,0,2024-07-08,
U0099,PL1050,view,0,2025-01-31,
U0399,PL1029,view,0,2025-02-23,
U0298,PL1007,click,0,2024-07-06,
U0331,PL1005,view,0,2024-07-15,
U0154,PL1040,shortlist,0,2024-11-01,
U0227,PL1012,view,0,2024-12-04,
U0189,PL1042,click,0,2025-08-30,
U0290,PL1019,view,0,2025-09-03,
U0105,PL1039,click,0,2025-03-06,
U0276,PL1022,click,0,2025-09-02,
U0320,PL1030,view,0,2025-06-29,
U0244,PL1033,shortlist,0,2024-04-20,
U0239,PL1010,shortlist,0,2024-12-12,
U0369,PL1043,view,0,2024-04-17,
U0445,PL1049,view,0,2024-09-09,
U0230,PL1041,enroll,1,2024-09-28,
U0390,PL1006,shortlist,0,2025-09-09,
U0350,PL1060,view,0,2025-08-20,
U0251,PL1031,shortlist,0,2025-07-03,
U0472,PL1039,view,0,2025-06-18,
U0097,PL1043,shortlist,0,2024-12-25,
U0217,PL1038,click,0,2025-03-14,
U0315,PL1031,view,0,2024-12-13,
U0318,PL1002,enroll,1,2024-06-26,
U0476,PL1023,view,0,2025-02-24,
U0320,PL1015,view,0,2024-11-02,
U0397,PL1026,view,0,2024-06-19,
U0190,PL1019,view,0,2024-07-25,
U0071,PL1025,view,0,2025-04-08,
U0457,PL1051,click,0,2025-01-12,
U0075,PL1030,click,0,2024-07-21,
U0052,PL1059,view,0,2025-04-27,
U0395,PL1051,view,0,2024-09-09,
U0496,PL1037,view,0,2025-03-16,
U0040,PL1030,view,0,2024-11-17,
U0057,PL1059,view,0,2024-12-15,
U0420,PL1051,click,0,2024-09-21,
U0271,PL1018,view,0,2025-08-01,
U0112,PL1027,view,0,2025-07-13,
U0305,PL1045,view,0,2024-10-07,
U0172,PL1024,view,0,2025-08-19,
U0050,PL1032,click,0,2024-11-26,
U0360,PL1052,click,0,2024-11-20,
U0206,PL1028,view,0,2025-01-29,
U0151,PL1014,view,0,2024-11-08,
U0449,PL1050,view,0,2024-11-30,
U0074,PL1024,view,0,2025-04-21,
U0432,PL1012,view,0,2025-03-24,
U0495,PL1057,view,0,2025-03-06,
U0105,PL1031,click,0,2025-05-26,
U0086,PL1052,click,0,2025-06-07,
U0233,PL1022,view,0,2024-04-18,
U0342,PL1051,view,0,2024-09-15,
U0113,PL1004,view,0,2025-04-18,
U0137,PL1054,view,0,2024-08-12,
U0479,PL1037,view,0,2025-09-10,
U0098,PL1052,click,0,2025-03-05,
U0426,PL1023,shortlist,0,2025-04-07,
U0380,PL1051,view,0,2025-05-20,
U0020,PL1017,view,0,2025-09-06,
U0160,PL1033,view,0,2024-11-16,
U0442,PL1051,view,0,2025-06-03,
U0419,PL1017,view,0,2024-10-09,
U0275,PL1048,click,0,2024-06-27,
U0444,PL1008,view,0,2024-11-09,
U0500,PL1047,click,0,2025-02-15,
U0051,PL1030,view,0,2024-06-14,
U0399,PL1058,click,0,2025-04-25,
U0093,PL1018,view,0,2025-09-08,
U0470,PL1054,view,0,2024-11-21,
U0283,PL1004,view,0,2025-04-25,
U0226,PL1030,view,0,2024-04-17,
U0215,PL1047,claim_approved,1,2024-09-14,2262625.0
U0442,PL1013,view,0,2024-12-24,
U0267,PL1017,click,0,2025-06-01,
U0284,PL1047,view,0,2024-10-22,
U0183,PL1050,click,0,2025-08-13,
U0381,PL1017,view,0,2024-06-03,
U0202,PL1033,view,0,2025-02-27,
U0252,PL1015,click,0,2025-01-01,
U0148,PL1010,view,0,2024-09-21,
U0145,PL1025,view,0,2024-05-23,
U0345,PL1007,view,0,2025-09-27,
U0180,PL1015,click,0,2025-03-31,
U0072,PL1017,click,0,2024-04-18,
U0202,PL1060,click,0,2025-03-22,
U0261,PL1004,shortlist,0,2024-05-10,
U0285,PL1053,view,0,2024-10-15,
U0367,PL1058,click,0,2025-01-11,
U0032,PL1021,view,0,2024-05-09,
U0327,PL1059,click,0,2024-08-01,
U0006,PL1035,view,0,2024-07-06,
U0363,PL1026,view,0,2025-05-31,
U0061,PL1001,view,0,2024-06-16,
U0023,PL1049,click,0,2025-07-20,
U0347,PL1037,view,0,2025-02-13,
U0399,PL1013,view,0,2025-05-19,
U0442,PL1058,view,0,2024-09-23,
U0175,PL1051,view,0,2025-03-15,
U0276,PL1032,click,0,2024-11-15,
U0252,PL1048,view,0,2025-01-16,
U0063,PL1015,click,0,2024-11-03,
U0370,PL1012,view,0,2024-09-16,
U0113,PL1060,click,0,2024-06-01,
U0494,PL1056,view,0,2024-12-16,
U0328,PL1023,view,0,2025-03-04,
U0432,PL1043,view,0,2025-09-29,
U0452,PL1001,view,0,2024-11-29,
U0038,PL1049,view,0,2025-02-13,
U0021,PL1004,click,0,2025-06-01,
U0267,PL1037,view,0,2024-11-26,
U0448,PL1047,shortlist,0,2025-07-03,
U0091,PL1048,view,0,2024-06-27,
U0433,PL1043,click,0,2024-05-02,
U0330,PL1026,click,0,2024-07-22,
U0263,PL1033,view,0,2025-07-11,
U0496,PL1024,view,0,2024-10-04,
U0068,PL1058,view,0,2024-07-05,
U0483,PL1039,click,0,2024-09-17,
U0088,PL1043,view,0,2025-04-30,
U0300,PL1046,click,0,2025-02-25,
U0320,PL1040,click,0,2024-06-17,
U0043,PL1047,view,0,2025-01-01,
U0470,PL1004,view,0,2024-06-09,
U0133,PL1054,click,0,2024-12-16,
U0339,PL1050,click,0,2024-06-25,
U0201,PL1005,view,0,2024-11-07,
U0064,PL1023,view,0,2025-07-28,
U0373,PL1031,click,0,2025-02-14,
U0069,PL1044,view,0,2025-03-02,
U0370,PL1049,view,0,2025-08-30,
U0407,PL1041,view,0,2025-08-29,
U0461,PL1045,click,0,2024-10-09,
U0344,PL1013,view,0,2025-05-21,
U0272,PL1042,view,0,2025-05-17,
U0241,PL1008,view,0,2024-04-24,
U0423,PL1008,view,0,2024-11-25,
U0196,PL1029,view,0,2024-10-08,
U0374,PL1004,click,0,2024-11-28,
U0351,PL1031,view,0,2024-08-06,
U0025,PL1054,click,0,2025-05-15,
U0053,PL1049,click,0,2025-09-08,
U0072,PL1010,click,0,2025-07-28,
U0493,PL1017,click,0,2024-07-20,
U0453,PL1011,view,0,2025-03-07,
U0474,PL1051,view,0,2024-05-27,
U0461,PL1038,shortlist,0,2025-03-20,
U0151,PL1014,click,0,2024-10-06,
U0130,PL1032,shortlist,0,2025-06-11,
U0235,PL1023,click,0,2024-12-31,
U0403,PL1024,click,0,2024-12-04,
U0253,PL1011,click,0,2024-06-02,
U0378,PL1010,view,0,2025-05-09,
U0274,PL1019,view,0,2024-05-28,
U0066,PL1012,view,0,2025-05-31,
U0145,PL1050,view,0,2025-04-18,
U0136,PL1005,view,0,2025-06-29,
U0440,PL1016,view,0,2025-05-08,
U0377,PL1053,click,0,2025-03-31,
U0457,PL1059,click,0,2025-05-08,
U0245,PL1054,view,0,2024-05-12,
U0223,PL1041,view,0,2024-12-12,
U0422,PL1016,click,0,2025-06-16,
U0331,PL1028,view,0,2024-10-12,
U0230,PL1020,click,0,2024-12-31,
U0113,PL1042,view,0,2024-12-06,
U0155,PL1048,click,0,2025-03-23,
U0404,PL1051,click,0,2024-07-11,
U0314,PL1004,view,0,2025-08-02,
U0052,PL1028,view,0,2024-06-04,
U0458,PL1022,click,0,2025-04-19,
U0225,PL1004,click,0,2025-02-01,
U0244,PL1056,click,0,2024-07-12,
U0263,PL1056,view,0,2024-06-26,
U0450,PL1029,view,0,2024-06-29,
U0264,PL1040,view,0,2025-09-02,
U0375,PL1055,click,0,2025-09-19,
U0333,PL1016,shortlist,0,2024-12-11,
U0289,PL1041,click,0,2024-08-15,
U0137,PL1032,click,0,2024-12-28,
U0004,PL1045,view,0,2024-09-10,
U0293,PL1013,view,0,2024-07-03,
U0170,PL1001,view,0,2025-05-05,
U0396,PL1059,view,0,2025-09-04,
U0189,PL1019,click,0,2025-04-08,
U0203,PL1012,click,0,2025-01-08,
U0331,PL1015,shortlist,0,2025-05-23,
U0299,PL1012,click,0,2024-10-01,
U0109,PL1021,click,0,2024-04-12,
U0268,PL1052,view,0,2025-05-30,
U0224,PL1018,view,0,2024-09-04,
U0474,PL1001,view,0,2025-08-08,
U0292,PL1031,view,0,2025-04-22,
U0322,PL1008,click,0,2024-09-28,
U0225,PL1001,view,0,2024-12-14,
U0136,PL1046,view,0,2024-09-02,
U0454,PL1049,click,0,2024-07-06,
U0180,PL1022,view,0,2024-07-21,
U0277,PL1057,click,0,2025-03-18,
U0427,PL1037,view,0,2024-10-23,
U0192,PL1033,click,0,2024-11-28,
U0320,PL1037,click,0,2024-08-07,
U0429,PL1042,view,0,2025-06-28,
U0418,PL1050,view,0,2024-07-30,
U0305,PL1052,view,0,2025-07-17,
U0268,PL1001,click,0,2024-07-12,
U0472,PL1020,view,0,2024-05-10,
U0254,PL1015,click,0,2024-12-01,
U0261,PL1040,view,0,2025-04-05,
U0433,PL1056,click,0,2024-11-16,
U0016,PL1061,view,0,2024-05-30,
U0219,PL1017,view,0,2025-03-10,
U0179,PL1015,view,0,2025-07-01,
U0403,PL1017,view,0,2025-05-12,
U0313,PL1016,view,0,2024-08-18,
U0161,PL1013,view,0,2024-05-21,
U0235,PL1030,view,0,2025-09-16,
U0372,PL1039,view,0,2025-08-23,
U0003,PL1016,click,0,2024-07-27,
U0366,PL1047,view,0,2024-07-19,
U0046,PL1010,view,0,2024-10-08,
U0409,PL1039,shortlist,0,2024-08-02,
U0248,PL1030,shortlist,0,2025-01-02,
U0308,PL1030,view,0,2024-08-08,
U0245,PL1037,view,0,2025-07-21,
U0178,PL1039,click,0,2025-09-08,
U0170,PL1027,view,0,2024-11-14,
U0171,PL1047,shortlist,0,2024-05-23,
U0369,PL1003,click,0,2025-07-17,
U0044,PL1030,click,0,2024-05-15,
U0234,PL1018,shortlist,0,2025-09-04,
U0364,PL1002,view,0,2025-01-10,
U0207,PL1016,click,0,2024-09-04,
U0050,PL1017,view,0,2025-03-26,
U0227,PL1039,click,0,2024-06-08,
U0383,PL1017,view,0,2025-09-16,
U0060,PL1053,view,0,2024-11-09,
U0274,PL1010,view,0,2024-11-18,
U0220,PL1027,view,0,2024-05-15,
U0069,PL1028,view,0,2024-06-09,
U0221,PL1006,view,0,2024-05-08,
U0136,PL1007,view,0,2024-12-09,
U0137,PL1060,view,0,2024-09-25,
U0408,PL1045,view,0,2024-06-18,
U0275,PL1029,view,0,2024-06-02,
U0413,PL1017,view,0,2025-02-28,
U0134,PL1031,view,0,2025-03-11,
U0246,PL1038,view,0,2025-04-15,
U0290,PL1025,view,0,2024-04-10,
U0218,PL1013,view,0,2025-03-24,
U0074,PL1044,click,0,2024-05-05,
U0059,PL1034,view,0,2024-08-26,
U0426,PL1048,view,0,2024-05-11,
U0338,PL1058,click,0,2024-08-20,
U0232,PL1014,click,0,2025-06-23,
U0492,PL1057,click,0,2025-02-08,
U0065,PL1042,view,0,2025-01-29,
U0126,PL1009,view,0,2024-07-07,
U0063,PL1007,click,0,2024-10-08,
U0460,PL1020,click,0,2025-05-26,
U0286,PL1006,click,0,2025-07-13,
U0014,PL1030,shortlist,0,2025-06-13,
U0282,PL1056,view,0,2025-01-30,
U0268,PL1020,click,0,2024-11-16,
U0209,PL1008,view,0,2024-06-27,
U0452,PL1037,click,0,2024-06-08,
U0119,PL1038,click,0,2024-08-30,
U0136,PL1021,view,0,2024-08-26,
U0188,PL1002,click,0,2025-05-23,
U0288,PL1054,view,0,2024-12-28,
U0488,PL1035,view,0,2024-09-20,
U0122,PL1018,click,0,2024-08-24,
U0161,PL1033,claim_approved,1,2025-08-09,184980.0
U0471,PL1057,shortlist,0,2024-08-21,
U0062,PL1027,claim_approved,1,2024-04-10,282038.0
U0043,PL1037,click,0,2025-04-06,
U0438,PL1010,view,0,2024-12-11,
U0041,PL1048,click,0,2024-11-23,
U0024,PL1051,view,0,2025-05-01,
U0147,PL1002,view,0,2024-08-24,
U0109,PL1010,view,0,2024-04-27,
U0492,PL1026,click,0,2024-10-14,
U0200,PL1053,click,0,2024-08-26,
U0375,PL1001,click,0,2025-02-11,
U0248,PL1024,view,0,2025-05-29,
U0066,PL1015,shortlist,0,2024-08-25,
U0431,PL1026,view,0,2025-05-31,
U0248,PL1005,view,0,2025-03-19,
U0153,PL1026,shortlist,0,2025-09-01,
U0370,PL1006,view,0,2025-09-21,
U0485,PL1017,click,0,2025-06-27,
U0484,PL1053,shortlist,0,2025-06-21,
U0449,PL1035,view,0,2024-12-07,
U0128,PL1011,click,0,2024-11-07,
U0483,PL1043,click,0,2024-10-30,
U0086,PL1048,view,0,2025-02-27,
U0433,PL1035,view,0,2024-09-01,
U0479,PL1059,click,0,2024-06-10,
U0356,PL1016,click,0,2024-10-29,
U0076,PL1039,view,0,2025-06-13,
U0009,PL1033,view,0,2024-11-03,
U0141,PL1032,view,0,2025-09-05,
U0037,PL1010,view,0,2024-07-29,
U0444,PL1010,view,0,2024-07-03,
U0399,PL1034,view,0,2025-02-28,
U0367,PL1025,click,0,2025-06-08,
U0135,PL1028,view,0,2025-06-06,
U0141,PL1002,click,0,2025-09-01,
U0110,PL1030,click,0,2025-09-04,
U0014,PL1009,view,0,2025-04-06,
U0134,PL1011,view,0,2024-05-06,
U0249,PL1002,view,0,2025-09-26,
U0202,PL1039,click,0,2024-10-24,
U0387,PL1024,view,0,2024-09-17,
U0254,PL1012,click,0,2024-08-03,
U0141,PL1045,click,0,2024-12-15,
U0470,PL1035,view,0,2024-05-14,
U0253,PL1021,view,0,2025-08-17,
U0060,PL1053,click,0,2024-10-29,
U0059,PL1015,view,0,2025-02-02,
U0338,PL1015,click,0,2024-12-31,
U0353,PL1053,click,0,2024-07-01,
U0282,PL1046,view,0,2025-08-13,
U0377,PL1037,view,0,2025-08-10,
U0151,PL1020,view,0,2025-05-26,
U0231,PL1040,view,0,2024-11-16,
U0311,PL1004,view,0,2024-11-14,
U0174,PL1020,view,0,2024-06-01,
U0462,PL1014,enroll,1,2024-07-25,
U0422,PL1014,view,0,2024-08-04,
U0120,PL1046,click,0,2024-08-18,
U0059,PL1061,view,0,2024-06-16,
U0049,PL1019,shortlist,0,2024-10-13,
U0344,PL1022,click,0,2024-12-11,
U0055,PL1033,view,0,2025-05-23,
U0248,PL1038,view,0,2024-06-24,
U0297,PL1024,view,0,2025-09-28,
U0320,PL1061,click,0,2025-06-23,
U0252,PL1053,view,0,2025-05-10,
U0112,PL1054,click,0,2024-07-30,
U0169,PL1019,shortlist,0,2025-07-20,
U0438,PL1052,click,0,2024-07-11,
U0016,PL1026,click,0,2024-06-16,
U0353,PL1043,click,0,2024-12-28,
U0020,PL1027,view,0,2024-08-06,
U0297,PL1033,view,0,2024-04-17,
U0410,PL1039,view,0,2025-01-06,
U0029,PL1015,shortlist,0,2024-09-29,
U0491,PL1048,view,0,2024-11-04,
U0038,PL1019,shortlist,0,2024-05-28,
U0223,PL1058,view,0,2024-05-03,
U0167,PL1031,view,0,2024-06-21,
U0108,PL1046,view,0,2024-04-21,
U0438,PL1029,click,0,2024-07-24,
U0088,PL1022,view,0,2024-11-15,
U0138,PL1001,view,0,2025-05-09,
U0037,PL1024,view,0,2025-01-19,
U0362,PL1027,click,0,2024-07-04,
U0251,PL1013,view,0,2025-06-03,
U0269,PL1005,view,0,2025-05-30,
U0023,PL1039,view,0,2025-04-22,
U0015,PL1021,view,0,2025-01-13,
U0007,PL1003,view,0,2025-04-21,
U0313,PL1005,click,0,2025-05-30,
U0159,PL1039,view,0,2024-08-01,
U0402,PL1058,view,0,2024-12-20,
U0167,PL1046,view,0,2025-04-04,
U0091,PL1049,view,0,2024-11-11,
U0411,PL1024,claim_approved,1,2024-04-11,393908.0
U0299,PL1041,click,0,2025-04-09,
U0463,PL1046,view,0,2024-07-28,
U0485,PL1020,view,0,2025-02-21,
U0136,PL1053,shortlist,0,2025-09-04,
U0332,PL1016,view,0,2024-11-10,
U0123,PL1011,view,0,2024-12-19,
U0263,PL1044,view,0,2024-12-14,
U0081,PL1059,view,0,2025-08-03,
U0226,PL1059,view,0,2025-05-23,
U0494,PL1033,click,0,2024-06-19,
U0045,PL1053,click,0,2025-01-19,
U0115,PL1040,click,0,2025-01-08,
U0120,PL1025,view,0,2024-07-31,
U0495,PL1031,click,0,2024-11-25,
U0253,PL1017,view,0,2025-05-28,
U0449,PL1036,view,0,2025-09-29,
U0460,PL1026,view,0,2024-08-28,
U0141,PL1024,view,0,2025-05-08,
U0435,PL1008,click,0,2024-06-13,
U0457,PL1034,click,0,2024-12-21,
U0087,PL1029,shortlist,0,2024-09-21,
U0499,PL1046,view,0,2025-04-09,
U0057,PL1011,click,0,2025-09-01,
U0264,PL1049,view,0,2025-09-18,
U0298,PL1022,view,0,2025-01-15,
U0249,PL1031,click,0,2025-03-03,
U0277,PL1061,view,0,2025-06-25,
U0455,PL1033,click,0,2025-01-22,
U0061,PL1050,shortlist,0,2024-09-28,
U0149,PL1049,view,0,2024-10-17,
U0165,PL1001,click,0,2025-01-03,
U0433,PL1035,click,0,2025-05-13,
U0268,PL1055,view,0,2025-03-12,
U0243,PL1058,click,0,2024-08-31,
U0403,PL1003,shortlist,0,2025-08-24,
U0109,PL1018,click,0,2024-05-15,
U0052,PL1057,click,0,2025-02-18,
U0431,PL1035,click,0,2025-02-11,
U0338,PL1002,shortlist,0,2024-06-02,
U0161,PL1050,view,0,2025-07-03,
U0125,PL1023,click,0,2025-05-27,
U0021,PL1017,view,0,2025-05-15,
U0355,PL1046,view,0,2024-05-16,
U0210,PL1055,view,0,2024-12-05,
U0330,PL1022,view,0,2024-12-27,
U0273,PL1046,view,0,2025-02-06,
U0400,PL1019,view,0,2025-06-18,
U0431,PL1029,click,0,2025-04-25,
U0431,PL1032,click,0,2024-10-05,
U0262,PL1054,click,0,2024-11-29,
U0262,PL1028,view,0,2024-12-12,
U0097,PL1026,click,0,2024-08-25,
U0437,PL1025,click,0,2024-07-23,
U0205,PL1010,view,0,2024-11-14,
U0338,PL1017,view,0,2024-11-01,
U0334,PL1044,click,0,2024-12-16,
U0060,PL1051,view,0,2025-02-11,
U0474,PL1033,view,0,2024-10-10,
U0234,PL1048,view,0,2024-10-21,
U0336,PL1038,view,0,2025-05-20,
U0274,PL1023,view,0,2024-10-08,
U0245,PL1052,click,0,2024-09-15,
U0312,PL1047,click,0,2024-07-02,
U0413,PL1061,view,0,2024-06-23,
U0473,PL1005,view,0,2025-02-09,
U0329,PL1055,view,0,2024-08-30,
U0441,PL1035,view,0,2025-09-08,
U0354,PL1037,view,0,2024-09-20,
U0349,PL1012,view,0,2024-05-23,
U0185,PL1054,click,0,2024-10-05,
U0235,PL1030,click,0,2024-10-30,
U0428,PL1038,view,0,2024-11-03,
U0018,PL1041,click,0,2025-05-24,
U0482,PL1045,click,0,2024-09-07,
U0158,PL1013,view,0,2024-09-24,
U0136,PL1056,view,0,2025-03-03,
U0440,PL1049,view,0,2024-05-17,
U0362,PL1035,view,0,2025-07-08,
U0359,PL1045,view,0,2025-09-28,
U0186,PL1029,view,0,2024-08-03,
U0278,PL1055,view,0,2025-01-13,
U0412,PL1005,view,0,2025-04-24,
U0127,PL1015,click,0,2024-08-19,
U0027,PL1016,click,0,2024-05-06,
U0329,PL1057,click,0,2024-12-15,
U0498,PL1058,click,0,2025-02-13,
U0280,PL1015,view,0,2024-11-27,
U0105,PL1038,view,0,2025-03-19,
U0198,PL1014,click,0,2025-06-14,
U0242,PL1053,view,0,2025-04-06,
U0496,PL1041,shortlist,0,2024-07-27,
U0468,PL1027,view,0,2024-05-26,
U0400,PL1008,view,0,2024-09-27,
U0244,PL1056,click,0,2025-04-03,
U0411,PL1027,click,0,2025-08-07,
U0282,PL1036,click,0,2025-02-17,
U0425,PL1048,view,0,2024-11-08,
U0165,PL1017,view,0,2024-08-13,
U0197,PL1048,view,0,2024-08-06,
U0043,PL1054,view,0,2025-03-22,
U0157,PL1055,view,0,2025-05-31,
U0428,PL1035,view,0,2025-05-02,
U0218,PL1004,view,0,2024-05-20,
U0159,PL1015,view,0,2024-09-09,
U0362,PL1052,click,0,2024-07-05,
U0440,PL1039,shortlist,0,2024-07-03,
U0111,PL1048,view,0,2025-01-18,
U0198,PL1029,view,0,2024-09-07,
U0131,PL1007,view,0,2025-06-17,
U0293,PL1041,view,0,2025-08-19,
U0082,PL1021,click,0,2025-06-05,
U0381,PL1001,view,0,2024-04-24,
U0490,PL1009,view,0,2024-10-04,
U0101,PL1014,view,0,2025-01-12,
U0143,PL1015,view,0,2025-07-06,
U0026,PL1013,click,0,2025-03-04,
U0305,PL1047,click,0,2024-06-30,
U0385,PL1040,view,0,2024-04-08,
U0377,PL1026,click,0,2025-07-02,
U0475,PL1050,click,0,2025-03-31,
U0129,PL1049,view,0,2025-05-25,
U0102,PL1018,click,0,2024-05-14,
U0134,PL1014,view,0,2025-07-19,
U0407,PL1047,click,0,2025-04-29,
U0292,PL1010,view,0,2025-03-25,
U0393,PL1025,view,0,2025-01-24,
U0277,PL1026,click,0,2025-06-17,
U0146,PL1028,shortlist,0,2024-11-18,
U0058,PL1004,view,0,2024-12-09,
U0363,PL1003,click,0,2024-12-06,
U0268,PL1008,view,0,2025-09-15,
U0148,PL1002,view,0,2024-12-05,
U0058,PL1044,click,0,2024-04-15,
U0379,PL1020,view,0,2024-07-20,
U0287,PL1054,view,0,2025-09-01,
U0228,PL1046,view,0,2025-09-16,
U0201,PL1031,view,0,2024-09-05,
U0264,PL1005,click,0,2025-06-05,
U0468,PL1016,view,0,2024-05-30,
U0365,PL1027,click,0,2025-04-26,
U0445,PL1046,click,0,2024-06-15,
U0452,PL1028,view,0,2024-06-05,
U0236,PL1060,shortlist,0,2025-04-16,
U0454,PL1001,view,0,2024-11-27,
U0113,PL1004,view,0,2025-06-27,
U0389,PL1035,view,0,2025-08-09,
U0353,PL1018,view,0,2024-11-13,
U0035,PL1057,view,0,2025-03-21,
U0469,PL1049,view,0,2025-03-30,
U0006,PL1001,click,0,2025-07-27,
U0155,PL1040,view,0,2025-03-29,
U0042,PL1020,view,0,2024-08-02,
U0437,PL1007,view,0,2024-07-10,
U0208,PL1008,view,0,2025-08-13,
U0300,PL1013,click,0,2025-05-26,
U0495,PL1019,view,0,2025-06-25,
U0476,PL1061,view,0,2024-11-25,
U0468,PL1018,view,0,2024-06-14,
U0200,PL1043,view,0,2025-02-10,
U0017,PL1056,claim_approved,1,2024-05-12,43465.0
U0367,PL1007,click,0,2024-09-06,
U0231,PL1056,click,0,2024-11-29,
U0205,PL1007,view,0,2025-05-07,
U0091,PL1030,view,0,2025-03-18,
U0015,PL1041,view,0,2025-03-02,
U0184,PL1022,view,0,2024-12-03,
U0441,PL1015,click,0,2024-10-25,
U0490,PL1061,click,0,2024-07-26,
U0041,PL1058,click,0,2025-03-01,
U0363,PL1025,view,0,2025-03-23,
U0406,PL1009,click,0,2025-06-25,
U0425,PL1060,view,0,2024-05-24,
U0376,PL1033,click,0,2025-01-31,
U0390,PL1017,click,0,2024-04-23,
U0018,PL1026,view,0,2024-06-01,
U0476,PL1024,click,0,2025-09-24,
U0107,PL1050,view,0,2024-09-05,
U0310,PL1034,view,0,2025-01-21,
U0386,PL1038,view,0,2024-10-10,
U0119,PL1038,view,0,2024-09-22,
U0186,PL1013,view,0,2025-05-31,
U0202,PL1007,click,0,2025-07-10,
U0314,PL1023,view,0,2025-07-07,
U0341,PL1047,view,0,2024-11-22,
U0130,PL1011,view,0,2025-07-25,
U0448,PL1058,view,0,2025-05-16,
U0130,PL1031,view,0,2024-06-03,
U0142,PL1048,view,0,2025-05-13,
U0037,PL1025,view,0,2024-07-09,
U0416,PL1033,click,0,2024-11-06,
U0081,PL1031,view,0,2024-07-30,
U0252,PL1057,view,0,2025-05-03,
U0088,PL1053,view,0,2024-07-30,
U0140,PL1022,view,0,2025-03-11,
U0447,PL1041,view,0,2025-06-22,
U0255,PL1020,view,0,2025-08-11,
U0399,PL1011,view,0,2024-12-27,
U0237,PL1045,click,0,2024-04-15,
U0400,PL1029,click,0,2025-01-05,
U0030,PL1027,click,0,2024-08-15,
U0200,PL1043,click,0,2025-02-02,
U0481,PL1006,view,0,2024-11-28,
U0156,PL1056,view,0,2025-06-29,
U0189,PL1019,view,0,2025-04-14,
U0314,PL1023,view,0,2024-09-22,
U0229,PL1036,view,0,2024-12-17,
U0047,PL1031,view,0,2024-11-10,
U0381,PL1014,view,0,2025-06-28,
U0457,PL1013,view,0,2025-07-05,
U0228,PL1038,view,0,2024-12-18,
U0059,PL1006,view,0,2025-04-07,
U0043,PL1042,view,0,2024-11-02,
U0018,PL1052,click,0,2024-04-14,
U0490,PL1038,view,0,2025-04-07,
U0496,PL1043,view,0,2024-11-05,
U0296,PL1044,view,0,2024-10-02,
U0406,PL1016,view,0,2024-06-21,
U0250,PL1038,view,0,2024-09-18,
U0276,PL1044,view,0,2025-05-02,
U0361,PL1059,shortlist,0,2025-08-11,
U0332,PL1012,view,0,2025-09-08,
U0147,PL1051,view,0,2024-07-21,
U0483,PL1012,view,0,2024-08-28,
U0257,PL1016,view,0,2025-06-22,
U0329,PL1039,view,0,2024-10-31,
U0099,PL1028,click,0,2024-08-02,
U0456,PL1041,click,0,2024-10-22,
U0489,PL1012,click,0,2024-04-17,
U0345,PL1014,click,0,2024-04-24,
U0155,PL1023,click,0,2025-09-14,
U0372,PL1010,click,0,2025-04-21,
U0079,PL1027,enroll,1,2025-05-23,
U0180,PL1042,shortlist,0,2024-08-17,
U0221,PL1026,view,0,2024-06-13,
U0001,PL1046,view,0,2024-07-07,
U0351,PL1041,view,0,2024-12-02,
U0384,PL1051,view,0,2025-08-23,
U0073,PL1037,view,0,2024-05-14,
U0018,PL1033,enroll,1,2024-08-24,
U0118,PL1031,view,0,2025-04-23,
U0068,PL1032,view,0,2025-08-11,
U0492,PL1061,view,0,2025-04-14,
U0234,PL1020,view,0,2025-03-27,
U0141,PL1053,view,0,2025-07-09,
U0049,PL1057,click,0,2025-02-07,
U0165,PL1017,view,0,2025-01-19,
U0176,PL1021,view,0,2025-02-03,
U0005,PL1031,view,0,2024-12-27,
U0363,PL1002,click,0,2024-08-17,
U0219,PL1014,view,0,2024-11-12,
U0145,PL1057,shortlist,0,2025-01-14,
U0270,PL1018,shortlist,0,2025-07-15,
U0263,PL1044,shortlist,0,2024-10-30,
U0435,PL1024,view,0,2025-09-30,
U0120,PL1036,shortlist,0,2025-07-03,
U0228,PL1014,view,0,2025-07-24,
U0433,PL1042,view,0,2025-03-01,
U0396,PL1048,click,0,2024-04-17,
U0432,PL1003,view,0,2024-07-24,
U0189,PL1031,click,0,2024-09-11,
U0115,PL1034,shortlist,0,2024-12-15,
U0043,PL1021,view,0,2025-09-11,
U0065,PL1004,shortlist,0,2025-08-12,
U0191,PL1026,view,0,2024-08-12,
U0089,PL1013,view,0,2025-07-10,
U0459,PL1038,click,0,2024-09-20,
U0244,PL1056,view,0,2025-09-26,
U0319,PL1056,view,0,2024-12-01,
U0204,PL1028,view,0,2025-06-17,
U0205,PL1050,view,0,2024-07-31,
U0235,PL1061,view,0,2025-09-26,
U0200,PL1048,view,0,2024-05-20,
U0160,PL1022,click,0,2024-05-06,
U0076,PL1059,view,0,2024-05-21,
U0172,PL1018,view,0,2025-07-23,
U0357,PL1024,shortlist,0,2024-10-18,
U0253,PL1015,view,0,2024-09-08,
U0314,PL1036,view,0,2024-11-20,
U0236,PL1015,view,0,2025-05-06,
U0362,PL1007,click,0,2025-05-22,
U0134,PL1027,view,0,2024-12-14,
U0095,PL1058,view,0,2025-06-04,
U0245,PL1060,view,0,2025-08-29,
U0110,PL1025,click,0,2025-07-18,
U0131,PL1025,view,0,2024-09-07,
U0417,PL1049,view,0,2024-12-19,
U0068,PL1001,view,0,2025-06-03,
U0138,PL1030,view,0,2024-12-08,
U0428,PL1043,view,0,2024-11-05,
U0495,PL1057,click,0,2025-01-16,
U0215,PL1019,view,0,2024-09-26,
U0271,PL1042,view,0,2024-06-05,
U0035,PL1039,shortlist,0,2024-11-27,
U0354,PL1055,view,0,2024-08-11,
U0492,PL1026,click,0,2024-12-18,
U0011,PL1020,view,0,2025-09-26,
U0416,PL1001,view,0,2025-07-06,
U0482,PL1021,view,0,2024-07-18,
U0207,PL1002,view,0,2024-05-06,
U0375,PL1029,shortlist,0,2025-09-16,
U0055,PL1037,view,0,2024-04-28,
U0464,PL1046,view,0,2025-08-13,
U0288,PL1052,click,0,2024-04-29,
U0240,PL1042,click,0,2024-08-11,
U0463,PL1028,view,0,2025-02-22,
U0215,PL1007,click,0,2025-02-12,
U0021,PL1011,shortlist,0,2024-10-09,
U0059,PL1057,view,0,2024-05-15,
U0121,PL1037,click,0,2024-09-21,
U0292,PL1028,view,0,2025-05-13,
U0220,PL1001,click,0,2024-06-05,
U0200,PL1034,shortlist,0,2025-09-22,
U0084,PL1060,click,0,2024-08-04,
U0365,PL1037,view,0,2025-04-27,
U0493,PL1049,view,0,2024-10-28,
U0138,PL1002,click,0,2025-04-26,
U0146,PL1025,view,0,2024-06-17,
U0146,PL1054,click,0,2024-05-04,
U0407,PL1014,click,0,2024-05-28,
U0245,PL1037,view,0,2025-09-28,
U0248,PL1002,view,0,2024-07-05,
U0039,PL1045,view,0,2025-04-02,
U0225,PL1022,view,0,2024-12-03,
U0468,PL1048,view,0,2025-01-11,
U0232,PL1054,view,0,2024-11-14,
U0360,PL1006,view,0,2024-10-25,
U0157,PL1039,view,0,2024-07-25,
U0322,PL1060,shortlist,0,2024-12-31,
U0184,PL1016,view,0,2025-05-27,
U0156,PL1024,view,0,2025-05-19,
U0382,PL1006,enroll,1,2025-06-28,
U0107,PL1045,click,0,2025-06-14,
U0014,PL1002,view,0,2025-03-20,
U0316,PL1032,view,0,2024-09-14,
U0311,PL1008,view,0,2025-05-29,
U0492,PL1027,view,0,2024-10-25,
U0194,PL1018,view,0,2025-01-07,
U0289,PL1045,view,0,2025-03-18,
U0323,PL1023,shortlist,0,2024-07-09,
U0162,PL1002,shortlist,0,2024-04-25,
U0369,PL1057,view,0,2024-04-12,
U0161,PL1016,view,0,2024-12-08,
U0014,PL1014,click,0,2025-06-24,
U0030,PL1041,view,0,2024-12-21,
U0341,PL1003,view,0,2025-05-03,
U0239,PL1040,view,0,2024-09-02,
U0357,PL1057,view,0,2024-11-18,
U0353,PL1006,view,0,2024-06-03,
U0180,PL1036,shortlist,0,2024-08-23,
U0004,PL1018,shortlist,0,2024-07-13,
U0213,PL1032,view,0,2025-02-17,
U0415,PL1061,view,0,2025-05-10,
U0025,PL1034,view,0,2025-04-09,
U0331,PL1004,view,0,2024-10-01,
U0120,PL1015,click,0,2024-07-10,
U0424,PL1036,click,0,2025-05-19,
U0365,PL1048,view,0,2024-09-18,
U0421,PL1036,click,0,2025-08-05,
U0121,PL1053,view,0,2025-05-25,
U0117,PL1040,view,0,2024-08-09,
U0307,PL1054,view,0,2025-04-06,
U0285,PL1022,click,0,2024-07-29,
U0425,PL1029,view,0,2024-06-05,
U0144,PL1013,view,0,2025-07-23,
U0143,PL1038,click,0,2025-04-09,
U0358,PL1032,view,0,2025-02-26,
U0238,PL1011,click,0,2024-11-01,
U0348,PL1021,click,0,2024-05-10,
U0242,PL1031,shortlist,0,2024-11-02,
U0348,PL1035,click,0,2024-10-31,
U0482,PL1017,click,0,2024-08-17,
U0255,PL1003,click,0,2024-12-19,
U0298,PL1019,view,0,2025-03-06,
U0421,PL1002,view,0,2024-12-18,
U0375,PL1028,click,0,2024-12-25,
U0439,PL1018,click,0,2025-09-28,
U0399,PL1008,view,0,2025-06-23,
U0308,PL1050,view,0,2025-09-28,
U0167,PL1021,view,0,2024-11-08,
U0421,PL1019,view,0,2024-10-27,
U0304,PL1049,click,0,2024-11-24,
U0096,PL1030,view,0,2024-05-21,
U0373,PL1052,view,0,2025-06-22,
U0084,PL1004,view,0,2024-05-05,
U0008,PL1039,click,0,2025-05-29,
U0313,PL1048,view,0,2024-08-09,
U0202,PL1034,click,0,2025-07-14,
U0240,PL1022,shortlist,0,2024-12-13,
U0322,PL1010,click,0,2025-07-15,
U0118,PL1006,view,0,2024-05-07,
U0395,PL1061,click,0,2024-11-19,
U0031,PL1059,click,0,2025-04-13,
U0200,PL1051,view,0,2024-11-08,
U0216,PL1055,view,0,2025-04-23,
U0075,PL1051,view,0,2024-04-30,
U0155,PL1041,click,0,2024-09-11,
U0116,PL1059,view,0,2025-06-24,
U0472,PL1016,view,0,2024-11-22,
U0296,PL1058,view,0,2024-08-18,
U0208,PL1022,view,0,2025-04-08,
U0030,PL1003,view,0,2024-12-27,
U0424,PL1011,view,0,2025-01-16,
U0241,PL1046,click,0,2024-10-28,
U0118,PL1059,click,0,2025-05-30,
U0098,PL1061,view,0,2024-07-30,
U0349,PL1037,view,0,2024-04-29,
U0031,PL1019,shortlist,0,2024-05-06,
U0253,PL1047,view,0,2024-10-07,
U0109,PL1037,view,0,2025-05-27,
U0204,PL1053,view,0,2024-08-08,
U0160,PL1015,view,0,2025-09-25,
U0296,PL1043,view,0,2025-09-02,
U0309,PL1005,enroll,1,2025-09-05,
U0321,PL1005,click,0,2024-10-23,
U0078,PL1039,view,0,2024-12-16,
U0173,PL1011,shortlist,0,2024-08-05,
U0177,PL1045,view,0,2024-06-22,
U0448,PL1060,view,0,2025-04-05,
U0369,PL1047,click,0,2025-05-12,
U0323,PL1037,view,0,2025-04-25,
U0029,PL1051,click,0,2024-10-08,
U0179,PL1016,view,0,2024-06-20,
U0331,PL1016,click,0,2024-05-20,
U0218,PL1058,click,0,2024-10-02,
U0006,PL1057,view,0,2024-06-26,
U0406,PL1034,view,0,2025-05-11,
U0013,PL1016,click,0,2025-05-06,
U0387,PL1016,view,0,2025-09-05,
U0367,PL1018,view,0,2025-03-17,
U0035,PL1036,click,0,2024-07-18,
U0059,PL1045,view,0,2024-06-19,
U0156,PL1046,view,0,2025-07-23,
U0464,PL1054,view,0,2025-06-14,
U0456,PL1027,view,0,2025-04-05,
U0062,PL1046,view,0,2025-04-28,
U0137,PL1018,view,0,2024-10-11,
U0377,PL1053,view,0,2025-06-10,
U0095,PL1017,view,0,2024-10-13,
U0126,PL1035,click,0,2025-09-07,
U0024,PL1013,view,0,2025-09-11,
U0404,PL1014,click,0,2024-10-27,
U0380,PL1025,view,0,2025-08-19,
U0018,PL1049,view,0,2025-09-28,
U0484,PL1036,view,0,2025-02-26,
U0205,PL1017,click,0,2024-05-13,
U0125,PL1048,view,0,2025-06-10,
U0083,PL1055,click,0,2025-03-07,
U0313,PL1025,shortlist,0,2024-10-16,
U0373,PL1028,click,0,2025-05-09,
U0177,PL1034,view,0,2024-12-29,
U0007,PL1005,click,0,2024-04-28,
U0064,PL1001,view,0,2025-03-27,
U0171,PL1061,click,0,2025-01-25,
U0368,PL1035,view,0,2024-07-29,
U0496,PL1045,view,0,2025-06-28,
U0075,PL1050,shortlist,0,2025-09-04,
U0323,PL1009,click,0,2025-07-18,
U0111,PL1052,view,0,2025-08-23,
U0401,PL1030,shortlist,0,2024-06-28,
U0375,PL1040,click,0,2025-08-31,
U0478,PL1061,view,0,2024-07-20,
U0198,PL1060,enroll,1,2024-12-10,
U0253,PL1054,view,0,2025-06-08,
U0463,PL1013,view,0,2025-09-08,
U0228,PL1003,click,0,2024-07-07,
U0333,PL1005,view,0,2025-04-13,
U0069,PL1030,click,0,2025-08-25,
U0007,PL1028,view,0,2025-08-05,
U0267,PL1052,enroll,1,2025-03-21,
U0170,PL1002,view,0,2025-05-18,
U0466,PL1039,view,0,2024-10-04,
U0112,PL1002,click,0,2024-06-22,
U0472,PL1037,click,0,2024-09-30,
U0337,PL1056,view,0,2025-08-01,
U0331,PL1037,view,0,2024-06-20,
U0081,PL1045,click,0,2025-09-22,
U0083,PL1029,click,0,2024-07-25,
U0438,PL1011,click,0,2025-04-06,
U0041,PL1040,view,0,2024-06-30,
U0295,PL1022,view,0,2024-04-12,
U0359,PL1038,click,0,2024-12-02,
U0179,PL1032,view,0,2025-05-08,
U0446,PL1034,view,0,2024-11-16,
U0452,PL1057,view,0,2025-03-04,
U0341,PL1045,view,0,2024-10-11,
U0329,PL1045,view,0,2025-09-06,
U0386,PL1023,shortlist,0,2024-10-15,
U0007,PL1054,view,0,2024-06-09,
U0226,PL1006,view,0,2024-06-08,
U0008,PL1031,click,0,2024-11-29,
U0255,PL1058,view,0,2025-01-03,
U0232,PL1001,view,0,2025-02-02,
U0302,PL1016,shortlist,0,2024-10-19,
U0058,PL1044,click,0,2024-07-25,
U0142,PL1044,view,0,2025-03-22,
U0298,PL1033,view,0,2024-07-16,
U0482,PL1056,view,0,2024-04-23,
U0235,PL1005,click,0,2025-08-19,
U0310,PL1011,click,0,2024-10-09,
U0079,PL1031,view,0,2024-07-28,
U0223,PL1023,view,0,2025-09-12,
U0357,PL1029,view,0,2024-04-08,
U0411,PL1010,view,0,2024-12-17,
U0018,PL1011,view,0,2024-07-13,
U0180,PL1038,shortlist,0,2025-06-11,
U0260,PL1058,click,0,2024-10-28,
U0491,PL1028,click,0,2024-05-02,
U0307,PL1057,view,0,2025-08-08,
U0472,PL1022,click,0,2025-08-06,
U0364,PL1018,view,0,2024-06-29,
U0477,PL1058,view,0,2024-07-04,
U0080,PL1004,view,0,2025-01-26,
U0029,PL1057,view,0,2024-12-01,
U0434,PL1019,view,0,2025-01-18,
U0066,PL1014,view,0,2024-10-19,
U0251,PL1030,click,0,2025-02-24,
U0368,PL1050,click,0,2025-06-07,
U0419,PL1004,view,0,2025-07-05,
U0099,PL1012,view,0,2025-05-04,
U0187,PL1010,shortlist,0,2024-09-30,
U0319,PL1022,view,0,2025-06-12,
U0447,PL1008,click,0,2024-05-20,
U0389,PL1059,view,0,2025-01-08,
U0110,PL1017,view,0,2024-08-02,
U0044,PL1060,view,0,2024-10-01,
U0414,PL1033,view,0,2024-09-24,
U0174,PL1017,view,0,2024-08-07,
U0083,PL1038,view,0,2024-11-27,
U0164,PL1045,view,0,2024-08-21,
U0173,PL1009,view,0,2024-04-08,
U0194,PL1041,view,0,2025-03-04,
U0021,PL1049,view,0,2025-04-12,
U0279,PL1011,click,0,2025-08-20,
U0060,PL1017,view,0,2025-05-30,
U0093,PL1023,view,0,2024-09-17,
U0308,PL1055,click,0,2025-04-02,
U0320,PL1053,view,0,2025-05-15,
U0451,PL1004,click,0,2025-09-06,
U0479,PL1048,view,0,2025-06-23,
U0007,PL1042,shortlist,0,2025-07-27,
U0265,PL1040,click,0,2025-05-10,
U0175,PL1041,click,0,2024-12-12,
U0247,PL1046,view,0,2024-06-24,
U0010,PL1001,view,0,2024-12-11,
U0362,PL1006,view,0,2025-01-07,
U0014,PL1044,view,0,2024-10-26,
U0259,PL1041,click,0,2025-07-31,
U0301,PL1020,view,0,2024-08-25,
U0301,PL1046,view,0,2024-09-17,
U0111,PL1038,view,0,2024-04-13,
U0105,PL1002,view,0,2024-12-20,
U0125,PL1029,view,0,2025-08-16,
U0201,PL1051,view,0,2025-04-20,
U0212,PL1016,view,0,2024-06-04,
U0159,PL1013,view,0,2024-06-14,
U0181,PL1036,view,0,2025-06-03,
U0106,PL1021,click,0,2025-01-26,
U0235,PL1011,click,0,2024-09-11,
U0330,PL1021,click,0,2025-05-22,
U0141,PL1037,claim_approved,1,2024-07-31,103242.0
U0103,PL1011,click,0,2024-11-19,
U0446,PL1061,click,0,2024-10-17,
U0373,PL1053,click,0,2024-05-21,
U0183,PL1007,click,0,2025-02-08,
U0162,PL1032,view,0,2024-08-27,
U0320,PL1034,shortlist,0,2024-06-07,
U0244,PL1039,view,0,2025-02-20,
U0130,PL1033,click,0,2025-05-09,
U0101,PL1047,view,0,2025-08-02,
U0321,PL1036,view,0,2025-01-25,
U0348,PL1035,view,0,2024-09-23,
U0174,PL1048,shortlist,0,2025-07-02,
U0484,PL1031,shortlist,0,2024-10-19,
U0200,PL1052,click,0,2025-04-04,
U0498,PL1036,click,0,2025-04-15,
U0498,PL1020,view,0,2025-05-07,
U0080,PL1061,view,0,2025-01-06,
U0022,PL1004,view,0,2024-05-31,
U0452,PL1044,click,0,2024-06-22,
U0201,PL1024,shortlist,0,2024-06-09,
U0458,PL1038,view,0,2024-06-12,
U0129,PL1012,view,0,2024-07-09,
U0086,PL1006,view,0,2025-01-20,
U0336,PL1024,view,0,2024-08-01,
U0491,PL1022,view,0,2024-09-05,
U0171,PL1055,view,0,2025-04-03,
U0268,PL1029,view,0,2024-05-08,
U0178,PL1027,view,0,2025-09-21,
U0410,PL1028,view,0,2024-07-09,
U0019,PL1035,view,0,2024-10-31,
U0367,PL1013,click,0,2025-07-16,
U0036,PL1012,shortlist,0,2025-03-04,
U0344,PL1037,shortlist,0,2025-04-21,
U0415,PL1038,view,0,2024-11-14,
U0190,PL1012,click,0,2024-05-10,
U0464,PL1018,view,0,2025-01-21,
U0297,PL1040,view,0,2025-09-19,
U0089,PL1033,view,0,2025-08-12,
U0011,PL1033,view,0,2024-11-15,
U0304,PL1040,click,0,2025-07-08,
U0214,PL1053,click,0,2024-05-27,
U0227,PL1047,click,0,2025-05-03,
U0149,PL1060,click,0,2025-05-12,
U0323,PL1039,click,0,2025-03-05,
U0398,PL1012,view,0,2024-08-06,
U0059,PL1036,shortlist,0,2025-04-16,
U0129,PL1018,click,0,2024-12-05,
U0480,PL1034,view,0,2025-02-26,
U0150,PL1030,view,0,2025-08-28,
U0115,PL1049,view,0,2024-08-24,
U0452,PL1031,view,0,2025-01-25,
U0374,PL1035,view,0,2024-06-16,
U0334,PL1010,click,0,2024-04-09,
U0399,PL1053,view,0,2024-11-28,
U0499,PL1010,view,0,2024-08-29,
U0037,PL1019,view,0,2024-12-07,
U0361,PL1026,click,0,2024-06-09,
U0200,PL1051,click,0,2025-04-26,
U0350,PL1054,view,0,2025-09-10,
U0358,PL1001,click,0,2025-06-15,
U0110,PL1003,view,0,2024-12-30,
U0483,PL1023,view,0,2025-04-22,
U0301,PL1046,click,0,2024-04-27,
U0136,PL1033,shortlist,0,2024-08-31,
U0312,PL1045,view,0,2025-06-22,
U0198,PL1018,view,0,2025-04-21,
U0006,PL1034,click,0,2024-04-25,
U0397,PL1014,click,0,2025-08-11,
U0212,PL1045,view,0,2025-05-17,
U0280,PL1045,view,0,2024-09-13,
U0181,PL1043,view,0,2025-02-14,
U0152,PL1019,view,0,2025-08-24,
U0359,PL1016,click,0,2025-04-21,
U0129,PL1046,view,0,2024-12-11,
U0117,PL1022,shortlist,0,2024-10-15,
U0339,PL1057,click,0,2025-03-14,
U0378,PL1031,view,0,2024-04-27,
U0176,PL1041,click,0,2024-10-28,
U0143,PL1049,shortlist,0,2025-05-13,
U0311,PL1018,enroll,1,2025-08-12,
U0186,PL1022,view,0,2025-09-07,
U0046,PL1020,view,0,2025-07-02,
U0333,PL1044,view,0,2024-07-26,
U0003,PL1033,view,0,2025-02-06,
U0054,PL1026,view,0,2024-10-15,
U0053,PL1025,click,0,2024-04-25,
U0193,PL1021,shortlist,0,2024-07-28,
U0041,PL1017,view,0,2024-12-08,
U0431,PL1061,view,0,2025-09-19,
U0137,PL1028,view,0,2025-02-12,
U0056,PL1060,view,0,2025-03-30,
U0195,PL1028,view,0,2024-07-12,
U0401,PL1015,shortlist,0,2024-06-07,
U0442,PL1004,view,0,2024-12-26,
U0239,PL1029,view,0,2024-06-09,
U0193,PL1031,view,0,2024-09-09,
U0159,PL1055,view,0,2025-03-20,
U0334,PL1024,view,0,2025-08-06,
U0465,PL1031,view,0,2024-11-25,
U0208,PL1056,click,0,2024-05-18,
U0280,PL1059,view,0,2025-05-06,
U0474,PL1037,shortlist,0,2025-01-01,
U0436,PL1039,click,0,2024-08-28,
U0153,PL1033,click,0,2024-05-19,
U0336,PL1032,view,0,2025-05-21,
U0194,PL1028,shortlist,0,2024-11-09,
U0024,PL1036,view,0,2025-06-19,
U0254,PL1006,view,0,2024-09-21,
U0124,PL1002,shortlist,0,2024-08-26,
U0387,PL1013,shortlist,0,2024-12-26,
U0151,PL1056,view,0,2024-11-30,
U0085,PL1010,view,0,2025-04-23,
U0141,PL1023,view,0,2025-07-06,
U0265,PL1049,click,0,2025-09-01,
U0367,PL1058,view,0,2024-11-09,
U0176,PL1034,view,0,2025-01-22,
U0387,PL1054,view,0,2024-08-26,
U0101,PL1011,view,0,2025-03-26,
U0229,PL1007,click,0,2024-12-27,
U0245,PL1036,view,0,2025-01-11,
U0068,PL1045,click,0,2024-10-27,
U0118,PL1052,view,0,2025-04-10,
U0273,PL1003,click,0,2024-12-02,
U0004,PL1010,view,0,2024-10-07,
U0342,PL1043,view,0,2025-03-23,
U0305,PL1006,click,0,2025-04-01,
U0421,PL1023,view,0,2024-08-04,
U0366,PL1025,click,0,2024-05-10,
U0471,PL1035,shortlist,0,2025-01-12,
U0038,PL1006,view,0,2025-05-04,
U0424,PL1019,view,0,2024-08-23,
U0049,PL1046,shortlist,0,2024-09-04,
U0312,PL1034,shortlist,0,2025-03-09,
U0285,PL1026,view,0,2024-11-25,
U0272,PL1031,view,0,2024-09-18,
U0246,PL1007,view,0,2025-07-25,
U0083,PL1048,click,0,2025-01-09,
U0195,PL1060,view,0,2025-09-20,
U0183,PL1043,view,0,2024-12-18,
U0187,PL1042,click,0,2024-09-08,
U0163,PL1045,click,0,2024-11-19,
U0127,PL1043,view,0,2025-06-13,
U0490,PL1011,view,0,2024-11-07,
U0265,PL1045,view,0,2024-04-26,
U0355,PL1056,shortlist,0,2024-11-12,
U0048,PL1009,click,0,2024-06-06,
U0462,PL1019,click,0,2024-07-20,
U0314,PL1041,view,0,2024-05-14,
U0018,PL1010,shortlist,0,2024-05-12,
U0226,PL1045,view,0,2024-10-12,
U0359,PL1012,view,0,2024-08-25,
U0016,PL1013,click,0,2024-10-24,
U0322,PL1047,shortlist,0,2024-04-16,
U0059,PL1025,view,0,2024-06-16,
U0267,PL1023,view,0,2025-07-04,
U0264,PL1052,view,0,2025-06-09,
U0446,PL1049,view,0,2024-09-16,
U0040,PL1026,click,0,2024-08-27,
U0064,PL1054,view,0,2025-03-25,
U0459,PL1017,view,0,2025-09-28,
U0117,PL1009,view,0,2025-06-20,
U0084,PL1026,view,0,2025-03-16,
U0452,PL1045,view,0,2025-02-13,
U0177,PL1036,enroll,1,2024-12-15,
U0106,PL1055,view,0,2025-01-26,
U0434,PL1002,click,0,2025-06-10,
U0404,PL1053,enroll,1,2025-06-23,
U0167,PL1028,view,0,2024-09-30,
U0062,PL1035,click,0,2025-05-28,
U0190,PL1034,view,0,2025-01-25,
U0125,PL1031,view,0,2024-12-31,
U0235,PL1058,shortlist,0,2024-05-07,
U0386,PL1013,view,0,2024-05-22,
U0352,PL1020,view,0,2024-08-09,
U0303,PL1006,click,0,2025-01-05,
U0089,PL1004,view,0,2024-07-31,
U0309,PL1051,view,0,2024-04-12,
U0086,PL1013,view,0,2025-01-09,
U0207,PL1050,view,0,2024-12-02,
U0373,PL1058,view,0,2025-06-09,
U0052,PL1016,view,0,2024-04-13,
U0125,PL1051,view,0,2025-04-08,
U0470,PL1045,click,0,2025-07-26,
U0379,PL1052,click,0,2025-09-12,
U0281,PL1059,view,0,2024-06-04,
U0046,PL1040,view,0,2024-12-01,
U0191,PL1031,view,0,2024-10-01,
U0421,PL1002,view,0,2024-11-25,
U0001,PL1016,view,0,2025-04-16,
U0272,PL1042,click,0,2024-06-12,
U0235,PL1041,view,0,2024-12-12,
U0088,PL1005,view,0,2025-05-17,
U0297,PL1048,click,0,2024-07-02,
U0457,PL1024,view,0,2025-02-06,
U0271,PL1031,view,0,2024-11-07,
U0186,PL1019,click,0,2024-12-14,
U0242,PL1007,shortlist,0,2025-05-27,
U0019,PL1010,click,0,2025-04-12,
U0238,PL1020,click,0,2025-05-23,
U0285,PL1031,view,0,2024-05-17,
U0395,PL1032,view,0,2025-04-03,
U0138,PL1015,view,0,2025-01-18,
U0259,PL1060,view,0,2024-09-07,
U0459,PL1011,click,0,2024-08-04,
U0181,PL1001,click,0,2025-02-24,
U0341,PL1043,view,0,2024-11-27,
U0306,PL1014,shortlist,0,2024-12-17,
U0368,PL1050,view,0,2025-06-10,
U0464,PL1020,enroll,1,2025-01-01,
U0101,PL1050,view,0,2024-06-11,
U0246,PL1028,click,0,2024-12-18,
U0334,PL1034,shortlist,0,2024-10-27,
U0377,PL1043,view,0,2024-12-10,
U0026,PL1024,view,0,2024-07-31,
U0247,PL1057,click,0,2024-08-30,
U0060,PL1024,view,0,2024-06-03,
U0218,PL1053,view,0,2025-03-05,
U0329,PL1033,view,0,2025-05-07,
U0147,PL1047,view,0,2024-04-23,
U0229,PL1011,view,0,2024-08-09,
U0193,PL1015,click,0,2024-07-17,
U0239,PL1042,view,0,2025-07-15,
U0019,PL1026,view,0,2025-07-05,
U0190,PL1028,view,0,2025-06-14,
U0491,PL1013,view,0,2025-02-18,
U0168,PL1009,view,0,2024-12-02,
U0211,PL1057,view,0,2024-06-03,
U0444,PL1034,view,0,2024-09-17,
U0281,PL1020,click,0,2024-06-21,
U0423,PL1002,view,0,2025-04-27,
U0207,PL1046,view,0,2024-06-02,
U0116,PL1021,view,0,2025-07-23,
U0493,PL1050,view,0,2024-12-19,
U0463,PL1003,view,0,2024-09-21,
U0203,PL1013,view,0,2024-05-12,
U0236,PL1048,view,0,2025-03-20,
U0247,PL1053,click,0,2024-12-31,
U0092,PL1023,click,0,2024-08-21,
U0217,PL1047,click,0,2025-09-05,
U0217,PL1055,view,0,2024-11-26,
U0318,PL1035,view,0,2025-06-18,
U0363,PL1041,click,0,2024-10-16,
U0462,PL1027,click,0,2025-02-10,
U0454,PL1057,view,0,2025-09-21,
U0275,PL1058,view,0,2025-07-05,
U0425,PL1028,click,0,2024-08-27,
U0476,PL1023,view,0,2024-12-13,
U0050,PL1029,click,0,2024-05-02,
U0458,PL1048,view,0,2024-04-13,
U0476,PL1029,view,0,2024-12-25,
U0142,PL1001,click,0,2024-10-18,
U0150,PL1023,view,0,2025-02-09,
U0267,PL1015,view,0,2025-06-12,
U0374,PL1032,click,0,2024-10-03,
U0052,PL1035,view,0,2025-04-17,
U0272,PL1011,view,0,2024-10-26,
U0099,PL1058,view,0,2025-04-04,
U0316,PL1056,view,0,2025-05-12,
U0321,PL1051,claim_approved,1,2024-07-24,46764.0
U0470,PL1020,view,0,2025-09-16,
U0211,PL1034,click,0,2025-03-09,
U0047,PL1031,view,0,2025-02-23,
U0291,PL1053,view,0,2024-10-01,
U0449,PL1027,click,0,2025-08-03,
U0056,PL1026,view,0,2025-08-25,
U0321,PL1024,view,0,2024-09-18,
U0468,PL1054,click,0,2024-12-05,
U0136,PL1002,view,0,2025-05-15,
U0424,PL1056,view,0,2024-12-20,
U0311,PL1039,view,0,2025-06-08,
U0282,PL1025,view,0,2025-09-01,
U0109,PL1027,view,0,2024-11-12,
U0264,PL1016,click,0,2024-08-19,
U0471,PL1008,view,0,2025-09-22,
U0104,PL1037,click,0,2024-04-24,
U0458,PL1031,view,0,2024-08-25,
U0179,PL1012,view,0,2024-11-14,
U0360,PL1048,shortlist,0,2024-04-12,
U0121,PL1014,click,0,2025-07-06,
U0418,PL1045,view,0,2025-04-01,
U0022,PL1050,view,0,2024-10-07,
U0064,PL1055,view,0,2025-06-09,
U0145,PL1050,view,0,2025-02-21,
U0370,PL1018,view,0,2024-07-12,
U0446,PL1045,click,0,2024-07-13,
U0112,PL1002,view,0,2025-01-09,
U0233,PL1011,view,0,2024-08-02,
U0077,PL1058,view,0,2024-11-08,
U0169,PL1025,view,0,2024-09-01,
U0422,PL1016,click,0,2024-08-25,
U0054,PL1033,shortlist,0,2025-09-09,
U0235,PL1047,view,0,2025-09-15,
U0299,PL1059,claim_approved,1,2025-01-11,522316.0
U0218,PL1060,view,0,2024-05-22,
U0142,PL1058,click,0,2024-04-20,
U0248,PL1016,click,0,2024-11-21,
U0214,PL1054,view,0,2024-11-25,
U0331,PL1052,view,0,2025-08-23,
U0449,PL1001,click,0,2025-07-25,
U0011,PL1018,shortlist,0,2024-06-17,
U0460,PL1045,view,0,2024-06-13,
U0479,PL1018,view,0,2024-12-23,
U0423,PL1054,click,0,2024-04-17,
U0254,PL1003,view,0,2024-11-29,
U0033,PL1049,view,0,2024-06-21,
U0294,PL1034,view,0,2025-02-03,
U0211,PL1021,view,0,2025-05-15,
U0272,PL1045,view,0,2025-01-03,
U0297,PL1012,click,0,2024-05-30,
U0190,PL1059,view,0,2025-05-13,
U0003,PL1015,view,0,2025-09-28,
U0209,PL1025,click,0,2024-06-24,
U0193,PL1035,view,0,2024-09-19,
U0455,PL1011,view,0,2025-03-01,
U0386,PL1022,view,0,2025-03-19,
U0335,PL1010,view,0,2025-03-30,
U0242,PL1060,shortlist,0,2025-05-12,
U0313,PL1060,view,0,2025-04-12,
U0338,PL1036,click,0,2025-06-25,
U0215,PL1030,view,0,2024-10-22,
U0290,PL1033,view,0,2024-11-14,
U0081,PL1015,view,0,2024-07-10,
U0014,PL1016,view,0,2025-05-27,
U0182,PL1002,shortlist,0,2025-02-08,
U0171,PL1016,view,0,2024-11-05,
U0052,PL1060,click,0,2024-08-14,
U0286,PL1044,click,0,2025-07-18,
U0368,PL1007,view,0,2025-01-12,
U0299,PL1037,click,0,2025-07-13,
U0055,PL1022,view,0,2024-11-26,
U0048,PL1051,view,0,2024-11-18,
U0005,PL1047,click,0,2025-02-09,
U0290,PL1003,view,0,2024-10-22,
U0453,PL1001,view,0,2025-04-10,
U0309,PL1033,view,0,2025-01-08,
U0431,PL1060,shortlist,0,2025-05-08,
U0142,PL1039,view,0,2025-05-30,
U0223,PL1023,click,0,2024-09-24,
U0189,PL1037,view,0,2024-05-26,
U0477,PL1050,click,0,2025-09-22,
U0163,PL1043,view,0,2025-03-21,
U0386,PL1016,click,0,2024-10-05,
U0437,PL1030,click,0,2024-05-24,
U0138,PL1045,view,0,2024-09-02,
U0360,PL1036,click,0,2024-08-28,
U0160,PL1048,click,0,2025-06-15,
U0255,PL1057,view,0,2024-08-07,
U0454,PL1033,view,0,2025-06-08,
U0404,PL1015,view,0,2024-06-18,
U0036,PL1038,view,0,2024-06-14,
U0032,PL1045,shortlist,0,2024-07-25,
U0218,PL1027,view,0,2025-03-12,
U0124,PL1050,view,0,2024-06-05,
U0446,PL1042,view,0,2025-06-03,
U0124,PL1050,shortlist,0,2024-08-05,
U0445,PL1056,view,0,2024-09-26,
U0463,PL1032,click,0,2025-09-09,
U0226,PL1017,view,0,2024-09-27,
U0183,PL1009,shortlist,0,2025-05-10,
U0213,PL1054,view,0,2024-06-05,
U0293,PL1003,click,0,2024-12-17,
U0419,PL1039,click,0,2025-01-22,
U0066,PL1017,view,0,2024-08-11,
U0105,PL1042,view,0,2024-09-28,
U0378,PL1014,view,0,2025-04-30,
U0310,PL1059,shortlist,0,2024-07-14,
U0371,PL1048,view,0,2025-03-08,
U0368,PL1050,view,0,2024-08-29,
U0110,PL1004,click,0,2025-03-01,
U0131,PL1022,click,0,2024-09-21,
U0045,PL1038,click,0,2025-02-10,
U0150,PL1041,view,0,2025-01-31,
U0394,PL1030,view,0,2024-06-01,
U0063,PL1012,click,0,2024-09-11,
U0471,PL1011,view,0,2024-11-08,
U0130,PL1019,click,0,2025-02-06,
U0070,PL1057,view,0,2025-07-11,
U0081,PL1027,shortlist,0,2025-08-29,
U0240,PL1009,click,0,2024-11-16,
U0440,PL1060,view,0,2025-09-06,
U0264,PL1019,view,0,2024-08-17,
U0055,PL1056,shortlist,0,2025-09-20,
U0372,PL1034,click,0,2025-08-16,
U0138,PL1031,click,0,2025-03-11,
U0185,PL1035,click,0,2024-10-19,
U0369,PL1015,shortlist,0,2025-02-13,
U0326,PL1055,click,0,2024-05-20,
U0149,PL1021,view,0,2024-07-07,
U0129,PL1045,view,0,2025-02-04,
U0425,PL1053,click,0,2025-06-12,
U0017,PL1034,view,0,2024-05-10,
U0287,PL1047,view,0,2024-10-12,
U0010,PL1060,view,0,2024-12-19,
U0220,PL1026,click,0,2025-09-14,
U0076,PL1003,view,0,2024-06-16,
U0118,PL1012,click,0,2025-09-09,
U0402,PL1024,click,0,2025-06-30,
U0004,PL1036,view,0,2025-02-28,
U0406,PL1006,view,0,2025-05-16,
U0471,PL1018,view,0,2024-05-21,
U0337,PL1031,view,0,2024-11-14,
U0228,PL1042,view,0,2024-06-27,
U0141,PL1012,view,0,2025-03-25,
U0138,PL1050,view,0,2025-01-31,
U0203,PL1054,view,0,2024-09-06,
U0230,PL1013,view,0,2025-03-18,
U0388,PL1047,click,0,2024-09-02,
U0338,PL1014,view,0,2025-05-05,
U0325,PL1027,view,0,2025-06-13,
U0412,PL1018,view,0,2024-05-08,
U0046,PL1028,click,0,2024-09-20,
U0446,PL1039,view,0,2025-03-30,
U0152,PL1055,view,0,2024-11-12,
U0207,PL1007,view,0,2025-07-02,
U0495,PL1021,view,0,2025-02-08,
U0094,PL1051,view,0,2025-09-18,
U0201,PL1011,view,0,2025-08-09,
U0031,PL1012,click,0,2025-03-03,
U0144,PL1014,click,0,2024-08-14,
U0421,PL1021,view,0,2025-03-09,
U0239,PL1053,click,0,2025-05-06,
U0485,PL1049,click,0,2025-09-15,
U0427,PL1045,click,0,2024-06-26,
U0085,PL1058,view,0,2024-07-27,
U0012,PL1019,view,0,2025-01-25,
U0244,PL1045,view,0,2025-03-05,
U0168,PL1005,view,0,2025-05-28,
U0345,PL1015,view,0,2025-05-22,
U0059,PL1047,view,0,2024-06-28,
U0085,PL1056,click,0,2024-11-16,
U0312,PL1051,shortlist,0,2024-07-23,
U0270,PL1021,view,0,2025-01-19,
U0469,PL1038,view,0,2025-08-29,
U0256,PL1061,click,0,2025-05-25,
U0363,PL1035,view,0,2024-04-14,
U0071,PL1061,view,0,2025-08-14,
U0363,PL1023,view,0,2025-01-03,
U0223,PL1006,view,0,2025-04-26,
U0080,PL1058,view,0,2025-09-03,
U0272,PL1029,view,0,2024-05-16,
U0298,PL1019,click,0,2024-11-25,
U0458,PL1009,click,0,2025-05-15,
U0295,PL1030,click,0,2025-08-04,
U0281,PL1011,view,0,2025-03-23,
U0092,PL1025,view,0,2025-01-23,
U0486,PL1043,view,0,2024-07-25,
U0319,PL1021,click,0,2025-06-17,
U0496,PL1053,view,0,2025-03-28,
U0456,PL1035,click,0,2024-07-09,
U0115,PL1019,view,0,2025-08-01,
U0286,PL1027,view,0,2025-04-03,
U0126,PL1050,click,0,2025-06-04,
U0436,PL1031,click,0,2025-05-22,
U0045,PL1041,click,0,2025-02-09,
U0281,PL1039,view,0,2024-05-24,
U0485,PL1059,view,0,2024-11-25,
U0094,PL1045,click,0,2025-01-11,
U0342,PL1053,click,0,2024-10-30,
U0319,PL1033,view,0,2025-05-23,
U0183,PL1036,shortlist,0,2025-05-28,
U0437,PL1005,click,0,2025-01-27,
U0152,PL1003,click,0,2024-07-23,
U0021,PL1039,view,0,2025-03-18,
U0377,PL1023,click,0,2025-06-28,
U0253,PL1060,view,0,2024-09-24,
U0269,PL1008,click,0,2025-05-23,
U0235,PL1002,click,0,2025-05-04,
U0071,PL1053,view,0,2024-08-14,
U0130,PL1048,view,0,2025-04-04,
U0021,PL1043,view,0,2025-07-18,
U0194,PL1018,click,0,2025-05-31,
U0402,PL1034,view,0,2024-09-20,
U0374,PL1049,click,0,2024-12-18,
U0352,PL1014,view,0,2025-08-10,
U0423,PL1031,view,0,2024-05-29,
U0486,PL1038,click,0,2025-03-24,
U0225,PL1013,view,0,2024-05-09,
U0219,PL1011,view,0,2025-04-02,
U0436,PL1056,click,0,2024-11-07,
U0048,PL1017,click,0,2025-07-15,
U0135,PL1053,view,0,2025-06-06,
U0366,PL1061,view,0,2024-11-25,
U0314,PL1054,click,0,2025-01-12,
U0459,PL1021,click,0,2025-08-17,
U0374,PL1035,click,0,2024-12-30,
U0430,PL1035,view,0,2025-08-15,
U0125,PL1018,click,0,2025-05-13,
U0476,PL1051,click,0,2024-05-09,
U0035,PL1019,shortlist,0,2025-02-02,
U0090,PL1007,view,0,2025-09-18,
U0145,PL1007,view,0,2024-10-27,
U0310,PL1019,view,0,2025-06-03,
U0202,PL1058,view,0,2025-05-16,
U0070,PL1029,click,0,2024-06-01,
U0017,PL1051,view,0,2024-05-12,
U0031,PL1049,view,0,2025-05-11,
U0443,PL1055,click,0,2024-10-07,
U0130,PL1032,view,0,2025-05-20,
U0043,PL1017,view,0,2024-05-30,
U0370,PL1006,view,0,2025-09-26,
U0261,PL1054,click,0,2024-08-21,
U0267,PL1024,view,0,2024-12-23,
U0094,PL1021,click,0,2024-06-08,
U0327,PL1008,view,0,2025-08-01,
U0388,PL1018,click,0,2024-06-10,
U0499,PL1046,view,0,2025-09-22,
U0076,PL1061,view,0,2024-09-21,
U0214,PL1054,view,0,2024-09-02,
U0342,PL1004,view,0,2024-05-16,
U0231,PL1046,view,0,2024-06-01,
U0186,PL1009,click,0,2024-07-18,
U0424,PL1043,view,0,2025-04-14,
U0279,PL1047,view,0,2024-09-18,
U0052,PL1012,view,0,2025-06-06,
U0287,PL1052,view,0,2025-08-08,
U0041,PL1042,click,0,2025-03-18,
U0408,PL1057,click,0,2024-08-02,
U0046,PL1038,view,0,2024-04-19,
U0161,PL1056,view,0,2025-08-27,
U0365,PL1010,shortlist,0,2025-08-16,
U0053,PL1061,view,0,2025-05-12,
U0380,PL1024,click,0,2025-02-23,
U0094,PL1032,click,0,2025-08-29,
U0415,PL1004,click,0,2025-07-12,
U0378,PL1051,view,0,2024-05-11,
U0239,PL1008,view,0,2025-05-06,
U0272,PL1020,view,0,2024-07-26,
U0125,PL1051,view,0,2025-08-06,
U0097,PL1056,click,0,2025-05-12,
U0020,PL1039,view,0,2025-02-22,
U0467,PL1055,view,0,2025-09-02,
U0335,PL1009,click,0,2024-05-07,
U0335,PL1051,view,0,2025-06-18,
U0297,PL1044,click,0,2025-06-30,
U0009,PL1053,view,0,2024-09-29,
U0126,PL1001,click,0,2025-06-11,
U0420,PL1018,click,0,2025-04-26,
U0083,PL1009,view,0,2024-12-27,
U0180,PL1051,view,0,2025-03-27,
U0069,PL1001,view,0,2024-05-13,
U0019,PL1006,click,0,2025-06-20,
U0218,PL1008,click,0,2024-07-31,
U0480,PL1043,click,0,2025-09-13,
U0286,PL1016,view,0,2025-05-12,
U0177,PL1018,view,0,2025-06-01,
U0336,PL1049,view,0,2025-02-07,
U0202,PL1009,shortlist,0,2025-04-05,
U0036,PL1037,click,0,2024-08-10,
U0061,PL1031,click,0,2025-03-22,
U0101,PL1046,view,0,2024-11-15,
U0321,PL1044,click,0,2025-05-23,
U0098,PL1002,view,0,2025-06-14,
U0038,PL1009,click,0,2024-10-17,
U0316,PL1048,view,0,2024-10-23,
U0051,PL1032,view,0,2025-03-20,
U0384,PL1046,click,0,2024-12-05,
U0281,PL1002,view,0,2024-11-16,
U0022,PL1051,view,0,2025-07-12,
U0406,PL1051,view,0,2025-01-04,
U0448,PL1003,click,0,2025-07-03,
U0490,PL1015,click,0,2025-09-20,
U0332,PL1029,click,0,2025-01-16,
U0260,PL1026,view,0,2025-09-11,
U0421,PL1047,view,0,2025-05-07,
U0290,PL1036,view,0,2024-06-26,
U0023,PL1005,click,0,2025-05-07,
U0195,PL1026,click,0,2025-06-03,
U0265,PL1006,view,0,2025-08-11,
U0466,PL1061,view,0,2024-08-23,
U0378,PL1020,click,0,2024-10-08,
U0448,PL1037,view,0,2025-03-07,
U0368,PL1003,shortlist,0,2024-05-08,
U0461,PL1012,shortlist,0,2024-11-16,
U0037,PL1006,view,0,2025-07-07,
U0024,PL1041,view,0,2024-06-09,
U0433,PL1034,view,0,2025-05-31,
U0288,PL1045,view,0,2025-09-12,
U0086,PL1046,view,0,2024-10-28,
U0399,PL1039,view,0,2024-12-30,
U0498,PL1001,view,0,2025-05-10,
U0276,PL1027,view,0,2024-07-03,
U0169,PL1044,click,0,2025-06-19,
U0252,PL1031,click,0,2024-07-06,
U0316,PL1056,view,0,2025-06-13,
U0230,PL1033,view,0,2024-08-08,
U0478,PL1013,shortlist,0,2024-07-15,
U0098,PL1045,view,0,2025-07-07,
U0381,PL1008,view,0,2025-02-04,
U0052,PL1052,view,0,2025-06-18,
U0088,PL1042,view,0,2024-08-21,
U0021,PL1003,view,0,2024-12-11,
U0150,PL1051,view,0,2024-08-19,
U0278,PL1030,click,0,2025-04-26,
U0161,PL1037,click,0,2025-09-20,
U0082,PL1032,click,0,2025-08-28,
U0106,PL1020,view,0,2025-04-08,
U0089,PL1041,enroll,1,2025-05-06,
U0247,PL1040,enroll,1,2025-08-27,
U0463,PL1034,view,0,2024-11-20,
U0327,PL1056,click,0,2025-04-13,
U0134,PL1024,view,0,2024-11-08,
U0002,PL1002,click,0,2024-12-05,
U0204,PL1054,view,0,2025-02-27,
U0370,PL1039,view,0,2024-10-25,
U0499,PL1049,click,0,2025-01-07,
U0334,PL1047,view,0,2025-02-04,
U0372,PL1045,click,0,2024-11-12,
U0086,PL1027,shortlist,0,2024-10-17,
U0398,PL1035,view,0,2025-08-07,
U0298,PL1023,view,0,2025-03-03,
U0117,PL1026,click,0,2025-08-11,
U0337,PL1050,view,0,2025-09-01,
U0235,PL1061,click,0,2025-09-02,
U0353,PL1016,view,0,2024-12-25,
U0206,PL1017,click,0,2025-05-15,
U0404,PL1001,view,0,2024-11-18,
U0436,PL1021,click,0,2024-10-13,
U0346,PL1006,view,0,2025-05-10,
U0092,PL1003,click,0,2025-09-15,
U0446,PL1034,view,0,2025-01-09,
U0305,PL1022,view,0,2025-01-12,
U0048,PL1037,click,0,2025-01-04,
U0237,PL1054,view,0,2024-08-20,
U0328,PL1034,view,0,2025-08-04,
U0377,PL1047,click,0,2024-05-11,
U0133,PL1049,shortlist,0,2025-04-17,
U0297,PL1047,view,0,2025-03-26,
U0112,PL1006,shortlist,0,2024-06-30,
U0454,PL1034,view,0,2025-08-17,
U0142,PL1035,view,0,2024-10-20,
U0207,PL1001,click,0,2025-02-10,
U0195,PL1003,click,0,2025-01-31,
U0432,PL1024,view,0,2024-07-21,
U0377,PL1009,view,0,2024-12-05,
U0179,PL1029,view,0,2024-04-29,
U0306,PL1008,view,0,2025-08-03,
U0118,PL1049,view,0,2025-05-14,
U0285,PL1027,view,0,2025-09-07,
U0033,PL1052,click,0,2024-12-13,
U0242,PL1021,view,0,2025-04-04,
U0187,PL1043,shortlist,0,2025-02-05,
U0304,PL1045,view,0,2024-06-28,
U0338,PL1040,view,0,2024-04-16,
U0456,PL1030,click,0,2025-02-07,
U0370,PL1028,view,0,2024-12-26,
U0165,PL1001,view,0,2024-05-31,
U0295,PL1013,click,0,2025-06-11,
U0249,PL1017,click,0,2024-11-25,
U0226,PL1012,view,0,2025-05-01,
U0239,PL1030,click,0,2025-03-30,
U0032,PL1048,view,0,2025-02-16,
U0259,PL1044,view,0,2025-07-17,
U0002,PL1031,click,0,2025-04-27,
U0271,PL1036,click,0,2024-07-06,
U0060,PL1018,view,0,2024-07-23,
U0394,PL1020,click,0,2024-09-13,
U0294,PL1036,view,0,2025-04-14,
U0406,PL1037,view,0,2025-04-30,
U0121,PL1058,view,0,2024-10-18,
U0294,PL1050,shortlist,0,2025-02-07,
U0011,PL1006,view,0,2025-08-29,
U0094,PL1006,view,0,2024-09-15,
U0011,PL1020,view,0,2025-09-18,
U0433,PL1030,view,0,2025-03-09,
U0169,PL1015,view,0,2025-03-10,
U0294,PL1017,click,0,2024-12-30,
U0154,PL1033,view,0,2024-04-17,
U0248,PL1053,view,0,2024-10-24,
U0246,PL1061,view,0,2024-08-30,
U0321,PL1024,view,0,2025-07-02,
U0009,PL1019,view,0,2024-09-05,
U0388,PL1040,view,0,2024-06-12,
U0457,PL1028,view,0,2025-08-09,
U0477,PL1006,view,0,2025-07-29,
U0101,PL1020,view,0,2024-10-31,
U0268,PL1049,view,0,2025-07-10,
U0424,PL1004,click,0,2025-01-16,
U0191,PL1023,view,0,2024-11-02,
U0415,PL1016,view,0,2025-02-06,
U0098,PL1015,shortlist,0,2025-02-02,
U0408,PL1022,view,0,2025-08-13,
U0375,PL1046,view,0,2024-12-19,
U0098,PL1043,click,0,2024-08-05,
U0233,PL1038,view,0,2024-08-08,
U0221,PL1056,shortlist,0,2024-10-31,
U0330,PL1022,view,0,2025-02-14,
U0005,PL1019,view,0,2024-10-18,
U0483,PL1049,view,0,2024-10-03,
U0270,PL1059,click,0,2024-08-05,
U0101,PL1025,click,0,2024-11-13,
U0132,PL1019,click,0,2025-01-17,
U0065,PL1010,view,0,2025-07-31,
U0132,PL1052,view,0,2025-01-13,
U0139,PL1050,view,0,2025-01-05,
U0086,PL1005,view,0,2024-08-15,
U0383,PL1010,shortlist,0,2024-09-13,
U0334,PL1061,click,0,2024-06-23,
U0148,PL1045,click,0,2024-08-14,
U0429,PL1006,click,0,2024-08-12,
U0219,PL1006,view,0,2025-04-15,
U0096,PL1004,view,0,2025-04-11,
U0350,PL1024,click,0,2025-04-27,
U0087,PL1035,view,0,2024-10-23,
U0346,PL1032,click,0,2025-01-23,
U0268,PL1039,view,0,2025-07-29,
U0265,PL1029,view,0,2025-01-19,
U0043,PL1028,click,0,2025-09-13,
U0012,PL1060,click,0,2025-01-18,
U0229,PL1045,view,0,2025-05-25,
U0458,PL1018,view,0,2024-06-10,
U0129,PL1003,shortlist,0,2025-09-10,
U0327,PL1054,click,0,2024-08-17,
U0143,PL1044,view,0,2024-12-30,
U0181,PL1006,click,0,2025-05-20,
U0058,PL1050,click,0,2024-04-25,
U0489,PL1050,view,0,2024-05-09,
U0321,PL1034,click,0,2024-07-22,
U0195,PL1048,click,0,2024-06-14,
U0042,PL1028,click,0,2025-06-22,
U0263,PL1013,click,0,2025-03-21,
U0137,PL1047,view,0,2024-07-14,
U0046,PL1004,click,0,2024-11-12,
U0395,PL1026,view,0,2024-10-20,
U0443,PL1018,view,0,2024-09-09,
U0404,PL1006,view,0,2024-06-28,
U0500,PL1054,view,0,2024-07-15,
U0171,PL1048,view,0,2025-02-04,
U0287,PL1046,view,0,2025-02-27,
U0012,PL1051,view,0,2024-09-10,
U0265,PL1006,click,0,2025-08-30,
U0232,PL1039,view,0,2025-05-20,
U0131,PL1040,view,0,2024-06-17,
U0137,PL1039,view,0,2024-06-21,
U0131,PL1050,view,0,2025-05-23,
U0378,PL1055,view,0,2025-07-11,
U0095,PL1041,view,0,2025-09-24,
U0079,PL1050,click,0,2025-05-03,
U0016,PL1007,shortlist,0,2024-05-10,
U0491,PL1057,view,0,2025-02-16,
U0181,PL1044,view,0,2024-07-27,
U0145,PL1037,click,0,2025-02-02,
U0210,PL1046,view,0,2025-06-16,
U0314,PL1021,view,0,2024-07-01,
U0395,PL1060,click,0,2025-01-07,
U0193,PL1029,click,0,2025-04-10,
U0272,PL1036,view,0,2025-02-15,
U0024,PL1038,view,0,2025-04-24,
U0446,PL1029,view,0,2024-09-27,
U0324,PL1030,click,0,2024-09-03,
U0241,PL1023,click,0,2025-09-09,
U0400,PL1029,click,0,2025-05-24,
U0021,PL1038,click,0,2024-09-21,
U0234,PL1053,view,0,2024-10-04,
U0353,PL1033,click,0,2024-06-22,
U0390,PL1002,shortlist,0,2025-01-30,
U0137,PL1040,click,0,2025-04-24,
U0361,PL1055,view,0,2024-09-28,
U0020,PL1013,view,0,2024-11-28,
U0269,PL1015,click,0,2025-01-29,
U0075,PL1012,click,0,2025-04-04,
U0309,PL1052,view,0,2025-06-05,
U0076,PL1023,view,0,2024-11-27,
U0412,PL1040,view,0,2025-08-25,
U0286,PL1027,view,0,2024-07-12,
U0319,PL1033,click,0,2024-08-01,
U0272,PL1011,view,0,2025-04-11,
U0186,PL1040,click,0,2024-08-07,
U0193,PL1056,view,0,2025-08-28,
U0091,PL1061,view,0,2025-04-01,
U0461,PL1059,shortlist,0,2025-07-06,
U0266,PL1027,shortlist,0,2024-11-08,
U0021,PL1006,view,0,2025-01-28,
U0015,PL1060,view,0,2024-05-13,
U0151,PL1056,view,0,2024-11-06,
U0420,PL1042,click,0,2024-12-28,
U0452,PL1053,view,0,2025-05-30,
U0425,PL1046,click,0,2024-08-10,
U0102,PL1009,click,0,2025-04-15,
U0496,PL1041,view,0,2024-11-25,
U0321,PL1046,view,0,2024-04-24,
U0321,PL1002,click,0,2024-09-15,
U0224,PL1046,click,0,2024-10-04,
U0174,PL1058,view,0,2025-04-26,
U0386,PL1015,view,0,2025-05-08,
U0065,PL1049,view,0,2024-04-09,
U0183,PL1041,view,0,2025-01-11,
U0223,PL1056,view,0,2024-11-24,
U0288,PL1058,claim_approved,1,2024-11-02,139211.0
U0460,PL1050,view,0,2025-01-17,
U0123,PL1042,click,0,2024-07-16,
U0186,PL1034,click,0,2024-05-15,
U0212,PL1003,click,0,2025-06-25,
U0134,PL1011,click,0,2024-06-06,
U0095,PL1058,view,0,2025-06-04,
U0471,PL1047,view,0,2024-04-20,
U0006,PL1036,view,0,2025-09-14,
U0215,PL1016,view,0,2024-05-11,
U0213,PL1016,view,0,2024-04-30,
U0436,PL1010,view,0,2024-08-17,
U0482,PL1037,shortlist,0,2024-07-01,
U0279,PL1050,click,0,2025-09-17,
U0033,PL1017,view,0,2024-05-20,
U0425,PL1013,click,0,2024-06-16,
U0224,PL1014,view,0,2025-02-03,
U0001,PL1003,view,0,2024-09-25,
U0277,PL1028,click,0,2024-06-04,
U0179,PL1026,view,0,2025-06-03,
U0161,PL1025,click,0,2025-02-03,
U0192,PL1035,view,0,2025-01-28,
U0458,PL1032,click,0,2025-07-31,
U0319,PL1056,view,0,2024-12-23,
U0314,PL1055,click,0,2024-07-19,
U0329,PL1033,shortlist,0,2024-06-27,
U0040,PL1056,view,0,2024-11-19,
U0038,PL1061,view,0,2025-07-16,
U0246,PL1052,shortlist,0,2025-03-11,
U0275,PL1032,click,0,2024-07-20,
U0459,PL1039,view,0,2024-08-27,
U0299,PL1059,click,0,2024-07-28,
U0183,PL1026,click,0,2025-02-23,
U0129,PL1029,click,0,2024-12-16,
U0414,PL1043,view,0,2024-04-26,
U0071,PL1061,view,0,2025-03-18,
U0386,PL1035,click,0,2025-03-26,
U0008,PL1060,view,0,2025-02-09,
U0373,PL1049,view,0,2025-01-16,
U0417,PL1049,click,0,2025-07-12,
U0069,PL1052,click,0,2024-07-31,
U0467,PL1048,click,0,2025-03-01,
U0200,PL1023,view,0,2025-05-01,
U0212,PL1039,click,0,2024-08-02,
U0206,PL1006,click,0,2024-07-19,
U0081,PL1042,click,0,2024-08-17,
U0132,PL1036,click,0,2025-04-01,
U0079,PL1048,view,0,2024-12-19,
U0249,PL1050,view,0,2025-08-04,
U0422,PL1034,view,0,2025-06-12,
U0120,PL1022,click,0,2024-10-08,
U0192,PL1055,click,0,2025-06-11,
U0281,PL1002,view,0,2025-07-14,
U0156,PL1022,view,0,2025-04-24,
U0364,PL1031,view,0,2024-11-18,
U0131,PL1002,view,0,2024-11-01,
U0010,PL1055,view,0,2025-04-04,
U0124,PL1028,view,0,2024-05-12,
U0012,PL1030,view,0,2024-08-18,
U0127,PL1055,shortlist,0,2025-03-05,
U0291,PL1060,view,0,2024-11-13,
U0321,PL1054,view,0,2024-10-28,
U0210,PL1028,click,0,2024-09-25,
U0297,PL1032,view,0,2025-09-16,
U0313,PL1035,view,0,2025-09-13,
U0448,PL1009,click,0,2024-09-20,
U0108,PL1002,view,0,2024-05-12,
U0472,PL1001,click,0,2025-03-18,
U0054,PL1014,view,0,2025-04-13,
U0062,PL1058,view,0,2025-07-03,
U0046,PL1038,click,0,2024-06-30,
U0379,PL1057,view,0,2024-06-27,
U0116,PL1038,click,0,2025-05-16,
U0079,PL1050,click,0,2025-08-01,
U0462,PL1033,click,0,2024-11-06,
U0199,PL1040,click,0,2025-06-05,
U0103,PL1005,view,0,2024-05-08,
U0033,PL1001,view,0,2025-05-31,
U0269,PL1010,view,0,2024-08-25,
U0343,PL1032,click,0,2024-07-15,
U0388,PL1057,view,0,2024-09-04,
U0197,PL1021,shortlist,0,2024-07-29,
U0157,PL1013,view,0,2024-11-22,
U0362,PL1002,click,0,2025-08-19,
U0307,PL1004,view,0,2024-06-12,
U0101,PL1048,click,0,2025-05-31,
U0045,PL1030,click,0,2024-07-19,
U0412,PL1015,view,0,2025-03-10,
U0268,PL1060,view,0,2025-01-28,
U0178,PL1020,view,0,2025-05-24,
U0251,PL1040,view,0,2025-01-22,
U0499,PL1034,view,0,2025-01-07,
U0223,PL1039,view,0,2025-03-24,
U0300,PL1009,click,0,2025-09-18,
U0087,PL1033,view,0,2025-08-13,
U0189,PL1006,click,0,2024-07-22,
U0299,PL1003,view,0,2024-07-23,
U0296,PL1028,view,0,2024-05-03,
U0344,PL1006,view,0,2025-09-28,
U0070,PL1002,view,0,2025-09-02,
U0271,PL1013,view,0,2025-02-01,
U0323,PL1042,click,0,2024-07-01,
U0115,PL1022,click,0,2025-03-11,
U0016,PL1010,shortlist,0,2024-06-27,
U0188,PL1016,click,0,2024-08-14,
U0182,PL1017,view,0,2025-04-06,
U0268,PL1013,view,0,2024-10-19,
U0312,PL1042,click,0,2025-05-27,
U0444,PL1026,view,0,2024-07-08,
U0448,PL1057,click,0,2025-03-31,
U0136,PL1003,view,0,2024-09-28,
U0042,PL1051,click,0,2024-12-20,
U0319,PL1007,view,0,2025-04-06,
U0282,PL1033,click,0,2025-04-04,
U0235,PL1031,view,0,2025-02-06,
U0002,PL1009,view,0,2025-07-26,
U0088,PL1048,view,0,2024-10-02,
U0044,PL1037,view,0,2024-06-27,
U0479,PL1001,view,0,2025-06-19,
U0269,PL1020,click,0,2025-08-31,
U0288,PL1027,shortlist,0,2025-04-30,
U0485,PL1001,click,0,2024-06-21,
U0328,PL1053,shortlist,0,2024-08-10,
U0255,PL1016,view,0,2024-05-31,
U0067,PL1005,view,0,2025-03-20,
U0298,PL1041,click,0,2024-09-27,
U0159,PL1018,click,0,2025-07-29,
U0459,PL1050,click,0,2024-05-17,
U0213,PL1019,view,0,2025-05-23,
U0244,PL1049,view,0,2024-10-30,
U0074,PL1045,view,0,2024-04-11,
U0037,PL1030,click,0,2025-01-13,
U0254,PL1007,click,0,2024-06-12,
U0245,PL1019,view,0,2025-03-26,
U0085,PL1004,shortlist,0,2024-10-08,
U0310,PL1011,view,0,2025-04-19,
U0187,PL1025,view,0,2024-11-17,
U0188,PL1034,view,0,2024-11-05,
U0374,PL1057,view,0,2024-05-28,
U0280,PL1005,shortlist,0,2025-05-04,
U0356,PL1047,click,0,2025-06-20,
U0006,PL1033,view,0,2024-05-19,
U0164,PL1025,view,0,2024-07-26,
U0026,PL1060,view,0,2025-08-16,
U0026,PL1043,view,0,2025-02-08,
U0001,PL1007,click,0,2024-12-05,
U0096,PL1041,view,0,2025-04-09,
U0487,PL1047,view,0,2024-07-18,
U0425,PL1042,view,0,2025-01-18,
U0083,PL1046,click,0,2024-09-13,
U0403,PL1050,view,0,2024-10-28,
U0158,PL1045,click,0,2025-05-05,
U0452,PL1009,view,0,2025-05-23,
U0248,PL1041,shortlist,0,2024-09-20,
U0063,PL1013,view,0,2024-08-05,
U0111,PL1055,click,0,2024-07-13,
U0497,PL1030,click,0,2025-06-25,
U0201,PL1009,click,0,2025-08-16,
U0109,PL1036,view,0,2025-07-18,
U0349,PL1012,view,0,2024-10-06,
U0434,PL1030,click,0,2025-05-24,
U0187,PL1046,view,0,2024-07-28,
U0344,PL1024,view,0,2025-01-11,
U0212,PL1055,view,0,2025-09-05,
U0306,PL1044,click,0,2025-06-09,
U0013,PL1051,view,0,2024-05-08,
U0100,PL1050,click,0,2024-04-28,
U0311,PL1008,click,0,2025-02-11,
U0135,PL1047,shortlist,0,2024-10-27,
U0380,PL1015,view,0,2024-05-30,
U0188,PL1025,click,0,2025-03-28,
U0290,PL1023,view,0,2025-06-01,
U0121,PL1032,click,0,2025-04-25,
U0363,PL1005,click,0,2024-09-23,
U0019,PL1008,click,0,2024-07-16,
U0149,PL1056,view,0,2024-12-26,
U0035,PL1034,click,0,2024-05-27,
U0116,PL1057,view,0,2024-11-28,
U0184,PL1045,shortlist,0,2025-09-27,
U0298,PL1021,view,0,2024-05-12,
U0096,PL1002,click,0,2025-07-15,
U0480,PL1033,view,0,2024-07-08,
U0323,PL1007,view,0,2025-01-10,
U0061,PL1051,click,0,2024-05-05,
U0247,PL1039,shortlist,0,2024-10-21,
U0295,PL1013,view,0,2025-04-26,
U0194,PL1037,view,0,2024-10-20,
U0445,PL1048,click,0,2025-09-29,
U0011,PL1053,view,0,2024-06-10,
U0279,PL1014,view,0,2024-09-25,
U0364,PL1014,view,0,2024-11-16,
U0090,PL1002,view,0,2024-06-01,
U0374,PL1056,view,0,2025-05-08,
U0418,PL1049,view,0,2025-09-20,
U0498,PL1059,view,0,2024-11-07,
U0160,PL1032,click,0,2025-03-23,
U0313,PL1035,click,0,2025-05-30,
U0438,PL1030,view,0,2025-05-22,
U0490,PL1001,view,0,2024-04-10,
U0011,PL1007,view,0,2025-02-01,
U0247,PL1002,shortlist,0,2024-06-02,
U0017,PL1038,view,0,2025-04-13,
U0183,PL1045,view,0,2024-12-01,
U0177,PL1034,shortlist,0,2025-01-14,
U0397,PL1061,click,0,2024-11-06,
U0385,PL1014,view,0,2024-05-07,
U0047,PL1021,view,0,2025-02-17,
U0459,PL1006,view,0,2024-11-13,
U0384,PL1018,view,0,2025-01-31,
U0194,PL1061,view,0,2024-10-25,
U0095,PL1037,view,0,2024-12-13,
U0027,PL1013,view,0,2024-04-15,
U0209,PL1020,click,0,2024-12-20,
U0097,PL1015,view,0,2024-07-03,
U0442,PL1061,view,0,2024-04-18,
U0106,PL1021,shortlist,0,2024-04-22,
U0210,PL1009,view,0,2025-01-10,
U0097,PL1003,click,0,2025-09-07,
U0084,PL1016,view,0,2024-09-08,
U0240,PL1043,view,0,2025-03-25,
U0309,PL1026,view,0,2024-09-15,
U0177,PL1042,click,0,2025-04-18,
U0112,PL1014,click,0,2025-01-17,
U0206,PL1032,view,0,2024-10-25,
U0293,PL1021,view,0,2025-07-17,
U0440,PL1033,view,0,2025-04-19,
U0073,PL1011,view,0,2025-03-23,
U0400,PL1039,view,0,2024-11-11,
U0270,PL1026,view,0,2024-12-10,
U0228,PL1035,view,0,2024-06-14,
U0449,PL1006,shortlist,0,2025-05-26,
U0282,PL1017,click,0,2025-06-13,
U0253,PL1028,click,0,2025-08-11,
U0084,PL1060,view,0,2025-06-07,
U0295,PL1036,view,0,2024-09-07,
U0184,PL1025,view,0,2024-09-29,
U0373,PL1058,click,0,2025-02-14,
U0429,PL1036,click,0,2025-08-30,
U0280,PL1005,click,0,2024-06-18,
U0053,PL1032,view,0,2025-03-25,
U0494,PL1056,click,0,2025-09-13,
U0003,PL1038,click,0,2024-06-13,
U0297,PL1017,click,0,2025-04-25,
U0436,PL1054,shortlist,0,2024-08-17,
U0265,PL1055,view,0,2025-06-29,
U0474,PL1031,shortlist,0,2025-04-29,
U0047,PL1008,click,0,2024-12-28,
U0065,PL1049,click,0,2024-11-03,
U0244,PL1031,shortlist,0,2025-09-04,
U0009,PL1036,view,0,2025-08-13,
U0126,PL1044,view,0,2025-01-21,
U0319,PL1007,view,0,2024-12-12,
U0299,PL1045,click,0,2024-06-24,
U0088,PL1061,click,0,2024-08-02,
U0008,PL1050,view,0,2025-08-13,
U0370,PL1015,click,0,2024-11-28,
U0478,PL1060,click,0,2025-02-03,
U0426,PL1045,shortlist,0,2024-11-28,
U0437,PL1056,view,0,2024-07-11,
U0327,PL1001,click,0,2025-04-22,
U0484,PL1039,click,0,2024-10-23,
U0074,PL1013,view,0,2024-11-18,
U0044,PL1040,shortlist,0,2025-01-08,
U0069,PL1015,click,0,2025-01-16,
U0128,PL1056,view,0,2024-08-18,
U0392,PL1014,view,0,2024-10-23,
U0475,PL1031,shortlist,0,2025-03-29,
U0161,PL1015,click,0,2024-10-20,
U0205,PL1060,view,0,2024-07-26,
U0263,PL1027,click,0,2025-02-22,
U0304,PL1015,view,0,2024-10-18,
U0083,PL1011,claim_approved,1,2024-05-13,925680.0
U0315,PL1030,view,0,2025-06-12,
U0345,PL1058,shortlist,0,2024-10-21,
U0033,PL1031,click,0,2025-08-02,
U0164,PL1010,view,0,2024-05-08,
U0016,PL1034,view,0,2024-08-08,
U0325,PL1038,view,0,2024-04-18,
U0062,PL1008,view,0,2024-11-30,
U0251,PL1031,view,0,2024-07-17,
U0178,PL1029,shortlist,0,2024-04-08,
U0320,PL1051,view,0,2025-02-21,
U0224,PL1049,click,0,2024-09-10,
U0016,PL1010,enroll,1,2025-05-06,
U0332,PL1039,shortlist,0,2025-06-04,
U0225,PL1051,view,0,2025-08-10,
U0047,PL1022,view,0,2024-04-15,
U0361,PL1036,click,0,2024-06-26,
U0447,PL1007,click,0,2025-06-13,
U0250,PL1055,click,0,2025-02-04,
U0098,PL1039,view,0,2025-02-05,
U0233,PL1022,view,0,2024-05-15,
U0087,PL1057,shortlist,0,2025-04-17,
U0053,PL1048,click,0,2025-07-05,
U0165,PL1042,click,0,2024-11-05,
U0119,PL1047,view,0,2024-10-25,
U0057,PL1043,view,0,2025-02-26,
U0435,PL1020,claim_approved,1,2025-05-01,460695.0
U0195,PL1006,click,0,2024-05-27,
U0376,PL1018,view,0,2025-09-14,
U0372,PL1035,view,0,2025-03-05,
U0229,PL1061,view,0,2024-12-19,
U0226,PL1031,view,0,2025-02-23,
U0011,PL1054,view,0,2024-11-04,
U0054,PL1033,view,0,2025-02-23,
U0212,PL1037,view,0,2025-04-29,
U0417,PL1025,view,0,2024-12-12,
U0001,PL1032,view,0,2025-02-06,
U0354,PL1042,view,0,2024-05-10,
U0389,PL1056,view,0,2025-09-18,
U0085,PL1012,click,0,2025-06-12,
U0152,PL1007,click,0,2024-06-26,
U0458,PL1053,click,0,2025-02-18,
U0176,PL1008,view,0,2024-07-14,
U0250,PL1007,view,0,2024-11-06,
U0016,PL1005,view,0,2025-01-26,
U0476,PL1006,view,0,2024-11-11,
U0483,PL1031,view,0,2024-04-17,
U0340,PL1045,click,0,2024-10-31,
U0309,PL1001,click,0,2024-08-09,
U0323,PL1055,view,0,2024-10-28,
U0449,PL1017,view,0,2025-09-04,
U0016,PL1029,view,0,2025-08-09,
U0051,PL1033,click,0,2024-05-05,
U0411,PL1016,click,0,2025-03-06,
U0184,PL1027,view,0,2025-07-21,
U0210,PL1049,view,0,2025-06-06,
U0132,PL1057,view,0,2024-08-13,
U0323,PL1041,view,0,2025-03-24,
U0239,PL1035,view,0,2025-06-01,
U0183,PL1017,click,0,2025-07-23,
U0296,PL1018,view,0,2024-09-14,
U0496,PL1018,click,0,2024-11-10,
U0155,PL1014,click,0,2024-07-25,
U0412,PL1010,view,0,2024-07-07,
U0445,PL1021,view,0,2024-09-06,
U0474,PL1033,shortlist,0,2024-06-27,
U0169,PL1034,view,0,2025-05-03,
U0031,PL1004,view,0,2025-02-20,
U0020,PL1037,view,0,2024-07-18,
U0201,PL1054,click,0,2025-07-21,
U0228,PL1043,view,0,2024-04-13,
U0058,PL1054,shortlist,0,2025-06-14,
U0114,PL1048,view,0,2024-08-03,
U0427,PL1018,view,0,2025-05-11,
U0482,PL1043,view,0,2025-09-16,
U0238,PL1012,click,0,2025-04-18,
U0071,PL1036,view,0,2024-04-09,
U0258,PL1015,click,0,2024-09-09,
U0057,PL1049,view,0,2024-06-12,
U0115,PL1015,shortlist,0,2025-09-08,
U0249,PL1017,view,0,2025-09-15,
U0175,PL1058,view,0,2024-08-31,
U0440,PL1043,view,0,2025-09-20,
U0451,PL1006,view,0,2025-07-29,
U0170,PL1005,view,0,2025-08-02,
U0046,PL1005,view,0,2024-04-27,
U0219,PL1012,view,0,2025-01-18,
U0470,PL1015,click,0,2024-12-15,
U0042,PL1038,click,0,2024-05-23,
U0231,PL1016,view,0,2024-05-09,
U0369,PL1033,view,0,2024-05-16,
U0109,PL1025,view,0,2024-09-18,
U0129,PL1001,view,0,2025-09-18,
U0346,PL1033,view,0,2024-12-15,
U0384,PL1053,view,0,2024-12-23,
U0104,PL1003,view,0,2024-12-14,
U0409,PL1028,view,0,2024-12-18,
U0367,PL1037,view,0,2024-08-22,
U0438,PL1045,click,0,2024-05-08,
U0360,PL1046,view,0,2025-09-27,
U0482,PL1029,click,0,2025-01-03,
U0276,PL1026,view,0,2025-03-07,
U0282,PL1056,click,0,2025-01-02,
U0213,PL1032,view,0,2024-10-12,
U0426,PL1013,view,0,2025-01-06,
U0122,PL1059,click,0,2025-02-16,
U0185,PL1021,view,0,2024-12-06,
U0047,PL1059,view,0,2024-12-01,
U0114,PL1017,click,0,2024-12-09,
U0258,PL1003,view,0,2025-07-31,
U0067,PL1043,shortlist,0,2024-06-09,
U0259,PL1033,click,0,2024-07-03,
U0384,PL1060,view,0,2024-08-20,
U0327,PL1053,view,0,2024-11-27,
U0434,PL1024,click,0,2024-05-15,
U0367,PL1058,view,0,2025-04-23,
U0407,PL1048,view,0,2024-10-05,
U0021,PL1033,click,0,2025-04-23,
U0125,PL1021,view,0,2025-01-28,
U0300,PL1021,view,0,2025-05-29,
U0051,PL1016,click,0,2025-07-17,
U0054,PL1057,view,0,2024-12-18,
U0353,PL1060,view,0,2024-05-24,
U0076,PL1032,view,0,2024-07-31,
U0270,PL1051,view,0,2024-05-19,
U0440,PL1002,view,0,2025-06-03,
U0028,PL1060,click,0,2024-11-05,
U0450,PL1054,click,0,2024-10-17,
U0378,PL1029,click,0,2024-07-19,
U0162,PL1019,view,0,2024-08-20,
U0075,PL1042,view,0,2025-06-26,
U0206,PL1059,click,0,2025-01-25,
U0339,PL1057,click,0,2025-06-06,
U0110,PL1029,view,0,2025-04-24,
U0011,PL1058,view,0,2025-04-17,
U0214,PL1056,click,0,2024-05-30,
U0310,PL1035,view,0,2025-04-09,
U0181,PL1061,click,0,2025-05-29,
U0236,PL1023,click,0,2025-02-04,
U0429,PL1046,click,0,2025-06-17,
U0122,PL1020,view,0,2024-11-21,
U0144,PL1024,view,0,2024-06-15,
U0034,PL1010,view,0,2025-08-06,
U0240,PL1050,view,0,2025-02-27,
U0404,PL1021,view,0,2025-09-14,
U0329,PL1017,view,0,2024-04-11,
U0163,PL1056,click,0,2024-11-21,
U0420,PL1050,shortlist,0,2025-06-13,
U0218,PL1024,view,0,2024-10-08,
U0221,PL1007,view,0,2025-08-28,
U0188,PL1009,click,0,2024-04-28,
U0248,PL1043,view,0,2024-12-23,
U0301,PL1041,view,0,2024-08-17,
U0201,PL1048,click,0,2024-10-08,
U0258,PL1043,click,0,2024-12-11,
U0359,PL1059,view,0,2025-03-27,
U0229,PL1017,view,0,2024-12-03,
U0106,PL1029,view,0,2025-05-06,
U0496,PL1025,view,0,2025-04-02,
U0278,PL1029,view,0,2025-09-15,
U0083,PL1045,enroll,1,2024-10-26,
U0429,PL1009,view,0,2025-03-12,
U0436,PL1009,view,0,2025-05-04,
U0187,PL1037,click,0,2025-08-27,
U0361,PL1024,view,0,2025-07-28,
U0075,PL1019,click,0,2025-07-24,
U0106,PL1018,view,0,2024-11-20,
U0079,PL1016,click,0,2025-01-04,
U0054,PL1060,view,0,2024-05-13,
U0383,PL1044,view,0,2024-05-25,
U0087,PL1030,click,0,2024-05-14,
U0021,PL1008,view,0,2025-04-21,
U0031,PL1025,view,0,2024-07-05,
U0274,PL1028,view,0,2025-05-22,
U0105,PL1053,click,0,2024-10-09,
U0010,PL1016,click,0,2025-04-11,
U0313,PL1011,view,0,2024-12-01,
U0427,PL1022,click,0,2025-09-11,
U0093,PL1018,view,0,2024-06-02,
U0345,PL1039,view,0,2025-07-02,
U0063,PL1011,click,0,2025-07-27,
U0128,PL1009,view,0,2024-08-12,
U0255,PL1031,view,0,2024-04-23,
U0348,PL1003,view,0,2025-09-08,
U0027,PL1007,click,0,2025-04-23,
U0339,PL1046,click,0,2024-09-29,
U0177,PL1007,click,0,2024-07-05,
U0116,PL1049,view,0,2025-06-03,
U0481,PL1046,click,0,2025-05-01,
U0074,PL1051,click,0,2024-11-20,
U0340,PL1057,view,0,2024-11-08,
U0202,PL1034,view,0,2024-12-18,
U0396,PL1021,view,0,2024-12-13,
U0267,PL1049,view,0,2025-04-16,
U0035,PL1043,view,0,2024-05-25,
U0470,PL1007,click,0,2024-07-29,
U0337,PL1037,click,0,2024-08-05,
U0112,PL1002,click,0,2024-11-13,
U0220,PL1028,view,0,2025-02-18,
U0335,PL1020,click,0,2024-05-08,
U0044,PL1009,view,0,2025-07-05,
U0385,PL1060,view,0,2024-12-14,
U0239,PL1009,click,0,2024-06-30,
U0254,PL1054,view,0,2024-11-15,
U0335,PL1045,view,0,2024-12-25,
U0096,PL1047,click,0,2025-03-09,
U0055,PL1006,shortlist,0,2024-11-21,
U0331,PL1020,view,0,2025-01-14,
U0245,PL1003,view,0,2025-07-26,
U0333,PL1024,view,0,2025-09-11,
U0291,PL1054,view,0,2025-07-23,
U0325,PL1039,view,0,2024-06-19,
U0061,PL1001,view,0,2025-03-25,
U0350,PL1058,view,0,2025-02-01,
U0422,PL1029,view,0,2024-11-17,
U0081,PL1038,view,0,2025-02-13,
U0277,PL1010,click,0,2024-06-21,
U0298,PL1025,view,0,2025-06-09,
U0246,PL1013,view,0,2025-05-24,
U0299,PL1002,click,0,2025-07-03,
U0060,PL1008,click,0,2025-06-29,
U0328,PL1058,view,0,2025-02-13,
U0001,PL1052,view,0,2024-04-08,
U0332,PL1041,click,0,2024-05-14,
U0476,PL1017,view,0,2024-12-23,
U0302,PL1026,click,0,2024-04-21,
U0245,PL1010,view,0,2024-05-16,
U0400,PL1012,view,0,2024-05-27,
U0100,PL1009,click,0,2024-07-22,
U0378,PL1035,click,0,2024-10-07,
U0313,PL1035,view,0,2024-04-22,
U0295,PL1006,view,0,2024-11-13,
U0153,PL1056,view,0,2024-04-24,
U0490,PL1033,view,0,2025-03-20,
U0071,PL1055,view,0,2024-06-05,
U0182,PL1059,view,0,2024-10-30,
U0328,PL1042,shortlist,0,2025-04-02,
U0387,PL1046,view,0,2024-04-25,
U0074,PL1030,view,0,2025-04-01,
U0214,PL1046,click,0,2025-07-09,
U0034,PL1058,shortlist,0,2025-05-09,
U0267,PL1029,view,0,2024-11-30,
U0241,PL1009,view,0,2025-08-25,
U0280,PL1033,view,0,2024-05-20,
U0008,PL1025,view,0,2024-06-26,
U0456,PL1012,click,0,2025-02-23,
U0129,PL1025,click,0,2025-02-17,
U0173,PL1004,click,0,2024-06-02,
U0246,PL1046,view,0,2025-06-05,
U0039,PL1040,click,0,2024-08-22,
U0271,PL1058,view,0,2024-07-13,
U0463,PL1030,click,0,2025-02-07,
U0063,PL1035,click,0,2024-06-14,
U0013,PL1038,view,0,2025-03-01,
U0158,PL1006,click,0,2024-09-07,
U0036,PL1031,shortlist,0,2025-01-20,
U0469,PL1048,click,0,2024-10-26,
U0446,PL1059,view,0,2025-02-12,
U0154,PL1058,shortlist,0,2025-03-09,
U0363,PL1060,click,0,2024-09-27,
U0052,PL1041,view,0,2025-06-18,
U0031,PL1022,view,0,2025-06-01,
U0051,PL1034,click,0,2025-06-19,
U0218,PL1003,view,0,2024-06-07,
U0370,PL1046,claim_approved,1,2024-09-30,21016.0
U0336,PL1032,view,0,2024-10-26,
U0346,PL1050,view,0,2025-01-18,
U0151,PL1014,click,0,2024-08-19,
U0206,PL1049,view,0,2025-07-27,
U0152,PL1039,click,0,2024-09-13,
U0447,PL1040,click,0,2025-01-19,
U0164,PL1047,view,0,2024-10-11,
U0488,PL1003,view,0,2025-01-16,
U0233,PL1037,click,0,2024-12-17,
U0466,PL1048,click,0,2025-06-21,
U0080,PL1061,view,0,2024-09-30,
U0200,PL1049,view,0,2025-04-02,
U0264,PL1034,view,0,2024-08-27,
U0403,PL1035,view,0,2025-01-26,
U0074,PL1047,view,0,2024-08-11,
U0120,PL1022,view,0,2024-11-18,
U0062,PL1059,click,0,2025-06-23,
U0239,PL1034,view,0,2025-02-15,
U0297,PL1030,view,0,2025-07-08,
U0182,PL1055,view,0,2025-03-09,
U0017,PL1009,view,0,2025-03-22,
U0483,PL1021,click,0,2025-07-24,
U0333,PL1016,view,0,2025-05-04,
U0056,PL1038,view,0,2024-10-05,
U0070,PL1026,view,0,2025-06-01,
U0039,PL1018,view,0,2025-03-31,
U0284,PL1031,view,0,2025-03-07,
U0311,PL1006,click,0,2025-03-03,
U0246,PL1037,view,0,2024-07-20,
U0069,PL1044,click,0,2024-04-27,
U0093,PL1025,view,0,2025-04-19,
U0115,PL1049,click,0,2024-12-22,
U0415,PL1041,shortlist,0,2024-07-29,
U0292,PL1014,click,0,2025-03-15,
U0111,PL1037,click,0,2024-11-11,
U0215,PL1033,shortlist,0,2025-04-10,
U0058,PL1052,click,0,2024-10-15,
U0260,PL1049,click,0,2024-10-05,
U0083,PL1048,click,0,2025-09-03,
U0117,PL1018,click,0,2024-07-01,
U0021,PL1018,view,0,2025-03-11,
U0315,PL1039,view,0,2025-06-04,
U0181,PL1029,view,0,2024-05-14,
U0236,PL1036,view,0,2025-09-26,
U0189,PL1046,view,0,2025-09-05,
U0034,PL1005,view,0,2025-02-24,
U0100,PL1025,click,0,2024-10-18,
U0115,PL1044,click,0,2025-08-01,
U0137,PL1023,view,0,2025-07-08,
U0269,PL1005,click,0,2025-07-11,
U0110,PL1034,click,0,2025-03-06,
U0376,PL1035,view,0,2025-05-09,
U0402,PL1040,view,0,2024-12-30,
U0344,PL1060,click,0,2025-05-08,
U0117,PL1013,view,0,2025-05-10,
U0142,PL1030,click,0,2025-01-14,
U0272,PL1020,view,0,2025-04-25,
U0458,PL1019,click,0,2025-05-23,
U0165,PL1023,view,0,2024-09-04,
U0456,PL1048,shortlist,0,2025-06-09,
U0302,PL1049,view,0,2025-01-08,
U0227,PL1038,view,0,2025-07-21,
U0421,PL1050,view,0,2024-12-24,
U0474,PL1032,click,0,2025-08-20,
U0162,PL1056,view,0,2024-07-25,
U0434,PL1059,view,0,2024-05-21,
U0005,PL1041,view,0,2025-04-22,
U0217,PL1012,shortlist,0,2024-07-16,
U0379,PL1021,click,0,2024-10-31,
U0134,PL1052,view,0,2025-07-06,
U0220,PL1057,view,0,2025-01-10,
U0220,PL1019,view,0,2025-02-07,
U0312,PL1037,view,0,2024-07-12,
U0348,PL1056,view,0,2024-04-25,
U0040,PL1058,view,0,2025-04-05,
U0486,PL1013,view,0,2024-06-09,
U0461,PL1012,view,0,2024-10-14,
U0077,PL1021,click,0,2025-01-21,
U0237,PL1053,click,0,2025-06-16,
U0222,PL1015,view,0,2024-06-24,
U0291,PL1043,click,0,2024-07-31,
U0311,PL1001,view,0,2025-08-25,
U0341,PL1060,view,0,2025-07-16,
U0226,PL1028,shortlist,0,2024-09-28,
U0466,PL1032,view,0,2025-01-15,
U0087,PL1049,click,0,2025-02-18,
U0384,PL1049,click,0,2025-06-25,
U0083,PL1051,view,0,2024-06-24,
U0157,PL1018,view,0,2025-01-26,
U0488,PL1018,view,0,2024-06-20,
U0006,PL1024,view,0,2024-08-07,
U0480,PL1022,view,0,2024-11-21,
U0266,PL1027,click,0,2024-05-27,
U0438,PL1048,view,0,2024-05-14,
U0369,PL1039,click,0,2024-10-28,
U0376,PL1029,shortlist,0,2024-12-07,
U0011,PL1012,view,0,2024-08-22,
U0069,PL1025,click,0,2024-07-24,
U0265,PL1014,view,0,2025-01-06,
U0492,PL1010,view,0,2024-09-20,
U0184,PL1020,click,0,2024-10-31,
U0486,PL1009,view,0,2025-07-31,
U0223,PL1007,view,0,2025-09-22,
U0453,PL1007,view,0,2025-09-12,
U0216,PL1042,view,0,2025-09-07,
U0008,PL1020,view,0,2025-08-28,
U0409,PL1004,view,0,2025-04-27,
U0048,PL1032,view,0,2024-10-15,
U0103,PL1003,click,0,2025-05-19,
U0120,PL1010,view,0,2025-03-01,
U0137,PL1029,view,0,2025-04-14,
U0029,PL1018,click,0,2024-10-15,
U0016,PL1032,click,0,2025-09-01,
U0029,PL1028,click,0,2025-06-02,
U0436,PL1008,view,0,2024-08-29,
U0359,PL1034,click,0,2025-02-08,
U0296,PL1038,click,0,2025-02-03,
U0198,PL1033,view,0,2025-08-01,
U0168,PL1042,view,0,2025-05-19,
U0247,PL1046,view,0,2025-08-08,
U0145,PL1002,click,0,2024-05-18,
U0083,PL1029,view,0,2025-06-07,
U0280,PL1030,view,0,2024-06-12,
U0387,PL1021,view,0,2024-09-10,
U0245,PL1012,view,0,2025-09-05,
U0273,PL1026,view,0,2024-09-12,
U0251,PL1045,view,0,2024-11-05,
U0092,PL1025,view,0,2024-08-28,
U0308,PL1043,view,0,2024-09-10,
U0482,PL1045,view,0,2024-10-10,
U0217,PL1028,view,0,2025-09-26,
U0304,PL1014,view,0,2024-07-23,
U0404,PL1022,view,0,2025-09-15,
U0120,PL1001,view,0,2024-08-10,
U0455,PL1029,enroll,1,2025-09-02,
U0105,PL1019,view,0,2024-06-10,
U0382,PL1019,view,0,2024-09-16,
U0418,PL1030,view,0,2025-08-13,
U0302,PL1060,view,0,2024-05-21,
U0210,PL1059,click,0,2024-12-30,
U0021,PL1011,view,0,2025-09-15,
U0276,PL1046,view,0,2024-07-25,
U0195,PL1042,view,0,2024-06-23,
U0020,PL1013,view,0,2024-05-31,
U0140,PL1005,view,0,2024-10-12,
U0495,PL1031,view,0,2025-01-03,
U0473,PL1010,view,0,2025-04-22,
U0431,PL1003,view,0,2024-12-16,
U0070,PL1050,shortlist,0,2024-12-21,
U0184,PL1012,click,0,2025-01-13,
U0492,PL1060,view,0,2024-12-23,
U0201,PL1014,shortlist,0,2025-07-12,
U0382,PL1016,click,0,2024-10-09,
U0049,PL1053,click,0,2024-12-26,
U0322,PL1044,shortlist,0,2024-11-15,
U0295,PL1046,click,0,2024-12-03,
U0015,PL1007,view,0,2025-06-21,
U0310,PL1051,shortlist,0,2025-09-23,
U0343,PL1034,view,0,2025-06-30,
U0062,PL1051,view,0,2024-10-11,
U0294,PL1043,enroll,1,2025-04-10,
U0161,PL1020,view,0,2024-04-15,
U0067,PL1026,click,0,2024-09-09,
U0204,PL1030,click,0,2024-05-09,
U0319,PL1014,click,0,2024-08-14,
U0180,PL1005,click,0,2025-02-25,
U0093,PL1048,shortlist,0,2025-09-03,
U0477,PL1037,click,0,2025-03-17,
U0131,PL1008,view,0,2024-10-27,
U0065,PL1012,click,0,2024-05-23,
U0007,PL1032,click,0,2025-08-31,
U0431,PL1060,shortlist,0,2024-11-26,
U0493,PL1049,view,0,2025-03-26,
U0263,PL1042,view,0,2025-08-20,
U0464,PL1024,view,0,2024-08-20,
U0348,PL1004,shortlist,0,2025-01-11,
U0011,PL1032,click,0,2025-07-03,
U0093,PL1033,claim_approved,1,2024-11-14,748634.0
U0376,PL1051,shortlist,0,2025-09-30,
U0218,PL1035,view,0,2025-05-21,
U0422,PL1037,view,0,2025-06-17,
U0177,PL1006,view,0,2024-05-30,
U0235,PL1037,click,0,2025-09-07,
U0398,PL1036,view,0,2025-02-10,
U0242,PL1032,click,0,2024-12-13,
U0012,PL1020,click,0,2025-03-26,
U0486,PL1009,view,0,2024-10-03,
U0341,PL1058,click,0,2025-09-20,
U0343,PL1004,view,0,2025-04-02,
U0326,PL1043,view,0,2024-06-27,
U0101,PL1038,shortlist,0,2025-04-01,
U0358,PL1051,click,0,2024-08-11,
U0035,PL1018,shortlist,0,2025-04-05,
U0012,PL1041,view,0,2025-08-23,
U0148,PL1036,view,0,2025-02-06,
U0389,PL1027,view,0,2024-07-16,
U0492,PL1014,view,0,2025-08-28,
U0014,PL1006,click,0,2025-06-18,
U0101,PL1023,click,0,2025-08-22,
U0079,PL1018,shortlist,0,2025-01-23,
U0251,PL1011,click,0,2024-08-18,
U0465,PL1017,view,0,2025-09-27,
U0472,PL1046,shortlist,0,2024-10-21,
U0476,PL1013,view,0,2025-03-29,
U0357,PL1053,shortlist,0,2024-12-10,
U0345,PL1058,click,0,2024-06-06,
U0361,PL1028,view,0,2025-02-22,
U0391,PL1020,shortlist,0,2025-06-09,
U0102,PL1037,view,0,2024-07-31,
U0153,PL1024,click,0,2024-10-02,
U0474,PL1027,view,0,2024-07-11,
U0395,PL1016,view,0,2024-10-17,
U0407,PL1031,click,0,2024-07-25,
U0099,PL1058,view,0,2025-01-14,
U0134,PL1012,click,0,2025-07-12,
U0050,PL1056,view,0,2024-10-20,
U0325,PL1010,view,0,2025-06-01,
U0468,PL1019,view,0,2024-12-05,
U0204,PL1045,view,0,2024-07-07,
U0087,PL1028,click,0,2024-10-24,
U0406,PL1041,shortlist,0,2025-04-08,
U0462,PL1049,click,0,2025-03-12,
U0458,PL1008,view,0,2025-03-07,
U0105,PL1020,click,0,2024-08-14,
U0123,PL1014,view,0,2025-07-29,
U0104,PL1026,view,0,2025-08-20,
U0050,PL1047,click,0,2025-07-22,
U0275,PL1048,view,0,2025-07-27,
U0173,PL1051,click,0,2025-04-17,
U0351,PL1051,view,0,2024-05-23,
U0186,PL1041,view,0,2024-10-18,
U0049,PL1060,view,0,2025-01-19,
U0170,PL1055,shortlist,0,2024-07-15,
U0007,PL1007,click,0,2025-08-12,
U0145,PL1035,click,0,2025-01-30,
U0402,PL1033,view,0,2024-11-12,
U0303,PL1011,view,0,2025-04-16,
U0376,PL1060,click,0,2024-04-30,
U0500,PL1041,view,0,2024-09-09,
U0167,PL1056,view,0,2025-04-24,
U0438,PL1032,view,0,2024-04-30,
U0397,PL1010,click,0,2025-08-09,
U0087,PL1042,view,0,2024-04-09,
U0220,PL1052,view,0,2025-03-07,
U0393,PL1046,view,0,2024-06-03,
U0140,PL1024,view,0,2025-02-04,
U0487,PL1020,view,0,2025-02-22,
U0208,PL1001,view,0,2025-05-19,
U0182,PL1028,shortlist,0,2024-07-16,
U0234,PL1052,view,0,2025-09-22,
U0002,PL1027,view,0,2025-07-28,
U0377,PL1051,click,0,2024-05-20,
U0350,PL1001,click,0,2024-10-16,
U0458,PL1018,view,0,2025-08-31,
U0242,PL1045,click,0,2024-06-07,
U0034,PL1030,view,0,2024-06-16,
U0299,PL1021,view,0,2024-04-16,
U0457,PL1011,view,0,2025-02-05,
U0498,PL1052,view,0,2025-04-09,
U0406,PL1049,view,0,2024-09-14,
U0158,PL1027,view,0,2025-09-04,
U0039,PL1016,view,0,2024-10-14,
U0218,PL1053,click,0,2024-10-14,
U0328,PL1025,click,0,2025-09-08,
U0183,PL1029,view,0,2024-11-05,
U0283,PL1032,view,0,2024-08-19,
U0132,PL1030,click,0,2024-08-04,
U0179,PL1060,view,0,2025-08-23,
U0153,PL1042,view,0,2025-01-04,
U0395,PL1043,view,0,2024-10-04,
U0153,PL1010,view,0,2025-06-08,
U0225,PL1058,view,0,2025-02-17,
U0065,PL1053,click,0,2025-08-14,
U0339,PL1012,view,0,2024-12-10,
U0365,PL1042,view,0,2024-06-21,
U0025,PL1060,click,0,2024-10-16,
U0128,PL1037,shortlist,0,2025-06-20,
U0247,PL1040,click,0,2025-04-06,
U0387,PL1004,shortlist,0,2025-04-14,
U0436,PL1024,view,0,2025-08-03,
U0029,PL1054,click,0,2024-11-18,
U0150,PL1008,click,0,2025-06-09,
U0067,PL1043,shortlist,0,2025-01-27,
U0176,PL1043,view,0,2024-10-14,
U0303,PL1021,view,0,2024-10-10,
U0349,PL1031,view,0,2025-08-01,
U0016,PL1061,view,0,2024-10-24,
U0493,PL1004,shortlist,0,2024-11-29,
U0030,PL1029,shortlist,0,2024-05-10,
U0434,PL1051,view,0,2025-05-02,
U0051,PL1056,view,0,2025-05-05,
U0193,PL1008,view,0,2024-04-26,
U0041,PL1010,view,0,2024-09-23,
U0184,PL1058,view,0,2024-06-29,
U0427,PL1040,click,0,2025-08-17,
U0369,PL1030,click,0,2024-06-20,
U0067,PL1023,view,0,2024-07-13,
U0063,PL1002,click,0,2025-06-06,
U0349,PL1031,click,0,2025-08-28,
U0222,PL1034,view,0,2024-06-03,
U0225,PL1024,view,0,2025-04-14,
U0029,PL1014,view,0,2024-08-15,
U0109,PL1056,view,0,2024-05-08,
U0368,PL1043,view,0,2025-01-12,
U0184,PL1033,view,0,2024-07-19,
U0389,PL1050,shortlist,0,2024-09-22,
U0036,PL1058,click,0,2025-03-28,
U0174,PL1053,view,0,2025-07-18,
U0164,PL1011,click,0,2024-07-29,
U0130,PL1043,view,0,2025-01-02,
U0019,PL1010,view,0,2025-06-12,
U0357,PL1003,click,0,2024-06-01,
U0324,PL1024,click,0,2025-02-08,
U0394,PL1061,view,0,2025-03-12,
U0460,PL1022,click,0,2024-09-18,
U0232,PL1043,view,0,2025-02-06,
U0175,PL1019,view,0,2025-04-30,
U0153,PL1013,click,0,2024-07-12,
U0346,PL1011,click,0,2024-04-29,
U0065,PL1006,click,0,2024-05-10,
U0226,PL1004,view,0,2024-09-26,
U0102,PL1009,click,0,2025-04-09,
U0104,PL1041,view,0,2024-05-17,
U0459,PL1051,view,0,2025-07-28,
U0289,PL1039,view,0,2024-08-14,
U0470,PL1040,view,0,2025-01-27,
U0047,PL1058,click,0,2025-09-10,
U0155,PL1012,click,0,2024-10-15,
U0425,PL1018,view,0,2025-03-10,
U0305,PL1012,view,0,2024-07-04,
U0129,PL1038,shortlist,0,2024-04-09,
U0049,PL1050,click,0,2025-09-26,
U0062,PL1055,shortlist,0,2024-12-25,
U0069,PL1002,view,0,2024-12-04,
U0108,PL1006,click,0,2025-09-15,
U0029,PL1036,claim_denied,0,2025-09-02,65666.0
U0304,PL1024,view,0,2024-04-20,
U0391,PL1061,view,0,2025-07-25,
U0427,PL1055,view,0,2025-08-08,
U0199,PL1006,view,0,2024-07-16,
U0185,PL1032,view,0,2024-12-20,
U0275,PL1009,view,0,2025-01-26,
U0240,PL1055,view,0,2025-03-08,
U0035,PL1011,click,0,2025-03-10,
U0171,PL1012,click,0,2024-12-08,
U0443,PL1032,view,0,2024-08-16,
U0138,PL1042,click,0,2025-05-17,
U0412,PL1010,view,0,2024-06-29,
U0158,PL1014,view,0,2025-02-03,
U0028,PL1018,view,0,2025-07-07,
U0423,PL1011,click,0,2025-09-23,
U0209,PL1023,click,0,2025-08-18,
U0274,PL1014,view,0,2025-04-04,
U0197,PL1045,click,0,2025-07-02,
U0255,PL1056,view,0,2025-06-02,
U0487,PL1010,click,0,2024-07-08,
U0083,PL1028,click,0,2025-05-23,
U0139,PL1040,view,0,2025-03-13,
U0498,PL1008,view,0,2024-08-07,
U0078,PL1011,view,0,2025-04-14,
U0101,PL1016,claim_approved,1,2025-05-27,88433.0
U0274,PL1017,view,0,2024-09-29,
U0057,PL1040,click,0,2025-05-11,
U0384,PL1041,view,0,2024-08-25,
U0200,PL1031,claim_approved,1,2025-09-08,1494776.0
U0336,PL1014,view,0,2024-12-28,
U0072,PL1056,view,0,2025-09-01,
U0271,PL1047,click,0,2025-08-19,
U0358,PL1053,click,0,2025-03-31,
U0166,PL1005,click,0,2025-04-17,
U0174,PL1034,click,0,2025-03-14,
U0222,PL1003,click,0,2025-06-13,
U0034,PL1058,view,0,2024-12-24,
U0460,PL1053,view,0,2024-10-10,
U0109,PL1057,view,0,2024-06-03,
U0336,PL1010,view,0,2024-12-30,
U0092,PL1058,view,0,2024-09-21,
U0498,PL1037,click,0,2024-04-16,
U0040,PL1030,shortlist,0,2025-02-21,
U0022,PL1039,view,0,2024-06-23,
U0194,PL1042,view,0,2024-11-30,
U0115,PL1008,view,0,2025-02-23,
U0487,PL1005,view,0,2025-07-30,
U0161,PL1023,shortlist,0,2024-06-08,
U0075,PL1039,click,0,2024-08-21,
U0161,PL1050,view,0,2024-04-30,
U0424,PL1001,view,0,2024-12-31,
U0361,PL1016,click,0,2025-07-10,
U0412,PL1041,click,0,2024-05-07,
U0331,PL1046,shortlist,0,2024-12-19,
U0080,PL1048,view,0,2024-12-18,
U0046,PL1043,view,0,2025-05-23,
U0149,PL1032,view,0,2024-12-14,
U0236,PL1029,view,0,2025-05-07,
U0195,PL1040,view,0,2025-03-28,
U0207,PL1009,shortlist,0,2024-10-26,
U0214,PL1022,view,0,2025-01-16,
U0256,PL1027,view,0,2024-10-24,
U0399,PL1061,click,0,2024-12-31,
U0475,PL1002,shortlist,0,2024-10-24,
U0278,PL1034,view,0,2025-06-12,
U0147,PL1019,view,0,2024-05-23,
U0337,PL1049,view,0,2024-11-26,
U0040,PL1001,view,0,2024-04-21,
U0256,PL1013,view,0,2025-02-21,
U0126,PL1058,click,0,2025-01-17,
U0293,PL1015,view,0,2025-05-13,
U0496,PL1046,view,0,2025-06-26,
U0140,PL1002,click,0,2025-01-18,
U0373,PL1051,view,0,2025-09-12,
U0172,PL1035,view,0,2025-08-12,
U0416,PL1042,view,0,2024-05-20,
U0162,PL1007,view,0,2024-11-27,
U0362,PL1021,view,0,2024-12-10,
U0361,PL1025,click,0,2025-01-31,
U0295,PL1008,view,0,2024-10-29,
U0393,PL1003,click,0,2025-01-25,
U0047,PL1050,view,0,2025-09-15,
U0360,PL1005,view,0,2024-05-24,
U0242,PL1041,click,0,2025-04-01,
U0491,PL1045,click,0,2025-05-15,
U0170,PL1025,view,0,2025-02-18,
U0260,PL1008,view,0,2024-06-20,
U0097,PL1002,click,0,2024-12-07,
U0424,PL1032,click,0,2025-06-27,
U0413,PL1012,view,0,2025-04-10,
U0363,PL1008,view,0,2025-09-29,
U0246,PL1038,view,0,2024-08-21,
U0133,PL1060,view,0,2025-01-21,
U0005,PL1008,click,0,2025-08-15,
U0250,PL1013,view,0,2025-01-25,
U0096,PL1048,view,0,2025-01-20,
U0210,PL1041,view,0,2024-06-14,
U0361,PL1061,view,0,2024-05-09,
U0497,PL1020,click,0,2024-05-27,
U0036,PL1028,view,0,2024-04-11,
U0242,PL1020,view,0,2025-01-23,
U0264,PL1014,view,0,2025-08-19,
U0260,PL1061,click,0,2024-12-30,
U0223,PL1024,view,0,2024-06-26,
U0039,PL1032,click,0,2025-05-03,
U0492,PL1046,click,0,2024-06-09,
U0497,PL1045,click,0,2024-10-20,
U0302,PL1030,view,0,2024-05-19,
U0380,PL1052,view,0,2024-12-23,
U0119,PL1002,view,0,2025-09-03,
U0244,PL1057,click,0,2024-12-18,
U0011,PL1045,view,0,2025-07-26,
U0145,PL1029,view,0,2024-12-30,
U0073,PL1010,view,0,2025-09-19,
U0382,PL1058,view,0,2024-06-19,
U0072,PL1035,click,0,2025-09-20,
U0301,PL1035,click,0,2024-07-03,
U0157,PL1046,view,0,2024-07-05,
U0088,PL1029,shortlist,0,2024-08-15,
U0007,PL1002,shortlist,0,2025-01-15,
U0267,PL1036,click,0,2025-05-08,
U0096,PL1021,click,0,2025-03-18,
U0114,PL1061,shortlist,0,2024-12-14,
U0039,PL1009,view,0,2025-06-03,
U0076,PL1060,view,0,2024-07-11,
U0166,PL1013,shortlist,0,2025-05-03,
U0211,PL1004,view,0,2024-04-15,
U0023,PL1014,click,0,2024-11-04,
U0038,PL1055,view,0,2025-07-10,
U0018,PL1034,click,0,2025-06-28,
U0211,PL1031,view,0,2025-07-20,
U0459,PL1051,view,0,2024-07-22,
U0134,PL1024,view,0,2025-06-25,
U0326,PL1022,view,0,2024-08-21,
U0046,PL1025,view,0,2025-06-29,
U0144,PL1053,view,0,2025-03-18,
U0026,PL1004,view,0,2024-11-21,
U0445,PL1043,view,0,2025-08-21,
U0437,PL1004,view,0,2025-02-18,
U0401,PL1003,click,0,2025-01-17,
U0499,PL1044,click,0,2024-09-30,
U0477,PL1022,view,0,2025-01-27,
U0498,PL1058,view,0,2024-05-25,
U0102,PL1031,click,0,2024-10-09,
U0162,PL1029,shortlist,0,2024-08-18,
U0313,PL1041,view,0,2025-05-26,
U0220,PL1036,click,0,2024-11-08,
U0160,PL1020,view,0,2025-01-06,
U0173,PL1009,view,0,2025-05-10,
U0170,PL1033,click,0,2024-10-02,
U0232,PL1030,click,0,2025-05-18,
U0006,PL1027,view,0,2024-12-06,
U0238,PL1039,view,0,2024-08-10,
U0374,PL1005,view,0,2025-06-29,
U0140,PL1014,view,0,2025-07-01,
U0225,PL1004,shortlist,0,2025-09-25,
U0166,PL1036,view,0,2024-11-30,
U0096,PL1024,shortlist,0,2024-07-13,
U0477,PL1013,click,0,2024-10-23,
U0102,PL1059,view,0,2024-06-25,
U0326,PL1037,click,0,2025-07-30,
U0152,PL1052,click,0,2025-09-22,
U0409,PL1035,view,0,2024-04-26,
U0451,PL1010,shortlist,0,2024-09-22,
U0248,PL1053,view,0,2024-11-15,
U0114,PL1039,shortlist,0,2025-07-03,
U0312,PL1049,view,0,2024-09-06,
U0230,PL1038,view,0,2024-07-17,
U0126,PL1057,view,0,2025-03-04,
U0340,PL1053,view,0,2024-09-10,
U0446,PL1030,view,0,2025-01-23,
U0366,PL1051,view,0,2024-06-10,
U0237,PL1048,view,0,2025-05-17,
U0174,PL1017,click,0,2024-08-01,
U0273,PL1003,shortlist,0,2024-12-28,
U0222,PL1036,shortlist,0,2024-10-22,
U0019,PL1048,click,0,2024-04-22,
U0389,PL1058,view,0,2024-11-05,
U0023,PL1043,view,0,2025-05-15,
U0485,PL1004,click,0,2024-09-05,
U0090,PL1022,view,0,2025-03-24,
U0268,PL1026,view,0,2024-10-18,
U0119,PL1061,shortlist,0,2025-01-21,
U0382,PL1045,click,0,2025-01-04,
U0084,PL1015,click,0,2025-06-10,
U0234,PL1033,click,0,2025-09-12,
U0262,PL1007,view,0,2024-11-09,
U0051,PL1016,view,0,2024-11-11,
U0075,PL1006,enroll,1,2025-07-22,
U0046,PL1054,click,0,2024-05-11,
U0357,PL1027,click,0,2024-12-16,
U0438,PL1041,view,0,2025-03-25,
U0196,PL1050,view,0,2025-07-08,
U0395,PL1008,view,0,2025-05-13,
U0353,PL1057,view,0,2024-09-06,
U0498,PL1026,view,0,2024-11-18,
U0171,PL1020,view,0,2025-09-03,
U0013,PL1004,view,0,2024-04-29,
U0489,PL1039,view,0,2025-07-21,
U0128,PL1052,view,0,2024-07-05,
U0064,PL1021,view,0,2025-09-16,
U0156,PL1055,click,0,2024-12-10,
U0391,PL1055,view,0,2025-03-14,
U0380,PL1011,view,0,2024-09-30,
U0222,PL1054,view,0,2025-02-23,
U0321,PL1051,click,0,2024-09-08,
U0368,PL1035,view,0,2024-06-06,
U0186,PL1027,view,0,2025-01-18,
U0488,PL1014,click,0,2025-03-18,
U0432,PL1003,view,0,2025-05-23,
U0290,PL1009,view,0,2025-01-09,
U0431,PL1041,click,0,2025-05-22,
U0125,PL1036,view,0,2025-01-18,
U0317,PL1010,shortlist,0,2025-03-25,
U0214,PL1013,click,0,2025-02-23,
U0260,PL1045,view,0,2024-12-10,
U0255,PL1018,click,0,2025-04-05,
U0475,PL1002,view,0,2025-02-14,
U0059,PL1042,view,0,2024-11-26,
U0149,PL1049,view,0,2025-09-01,
U0055,PL1044,view,0,2025-05-14,
U0229,PL1019,view,0,2024-04-13,
U0426,PL1049,click,0,2025-07-27,
U0289,PL1042,view,0,2024-05-31,
U0466,PL1056,view,0,2024-04-11,
U0423,PL1058,click,0,2024-08-29,
U0157,PL1053,view,0,2024-07-22,
U0102,PL1004,shortlist,0,2024-10-27,
U0355,PL1053,view,0,2024-12-09,
U0484,PL1016,view,0,2025-04-04,
U0198,PL1024,click,0,2024-04-23,
U0054,PL1051,click,0,2024-11-04,
U0470,PL1013,view,0,2024-09-18,
U0465,PL1031,view,0,2024-10-31,
U0062,PL1019,click,0,2024-11-30,
U0312,PL1010,view,0,2025-02-21,
U0322,PL1055,click,0,2024-10-20,
U0016,PL1020,shortlist,0,2024-08-31,
U0182,PL1028,view,0,2025-08-01,
U0002,PL1028,click,0,2024-09-04,
U0071,PL1002,view,0,2024-10-21,
U0396,PL1002,view,0,2024-05-18,
U0054,PL1026,click,0,2024-12-30,
U0277,PL1025,shortlist,0,2024-12-06,
U0444,PL1031,click,0,2025-02-13,
U0337,PL1034,click,0,2025-02-28,
U0057,PL1022,click,0,2024-08-01,
U0090,PL1014,view,0,2024-12-05,
U0055,PL1016,view,0,2024-07-23,
U0316,PL1061,click,0,2024-12-04,
U0013,PL1038,view,0,2025-06-12,
U0402,PL1001,click,0,2024-06-16,
U0441,PL1014,click,0,2025-08-15,
U0040,PL1045,view,0,2025-07-19,
U0010,PL1008,view,0,2024-11-26,
U0181,PL1046,view,0,2025-06-27,
U0172,PL1002,view,0,2025-01-22,
U0449,PL1054,view,0,2025-03-17,
U0213,PL1037,view,0,2025-07-05,
U0487,PL1043,view,0,2024-05-09,
U0053,PL1003,view,0,2024-08-21,
U0415,PL1036,view,0,2024-07-08,
U0228,PL1012,click,0,2024-11-11,
U0154,PL1053,view,0,2024-08-12,
U0147,PL1008,click,0,2024-07-17,
U0292,PL1011,view,0,2024-11-12,
U0153,PL1030,click,0,2024-08-20,
U0292,PL1037,view,0,2024-05-12,
U0474,PL1032,view,0,2025-04-28,
U0022,PL1031,shortlist,0,2025-04-29,
U0294,PL1052,view,0,2025-04-02,
U0370,PL1027,view,0,2025-01-31,
U0165,PL1047,view,0,2024-04-21,
U0452,PL1013,click,0,2024-11-16,
U0151,PL1045,view,0,2025-09-03,
U0254,PL1010,click,0,2025-02-05,
U0419,PL1036,view,0,2025-03-02,
U0417,PL1040,view,0,2025-07-15,
U0477,PL1056,view,0,2024-08-16,
U0231,PL1040,click,0,2024-10-19,
U0388,PL1010,shortlist,0,2024-09-17,
U0231,PL1025,shortlist,0,2024-08-12,
U0439,PL1051,click,0,2024-11-18,
U0350,PL1024,click,0,2024-07-02,
U0343,PL1012,view,0,2025-02-08,
U0022,PL1040,click,0,2025-05-05,
U0115,PL1003,click,0,2024-12-28,
U0189,PL1037,view,0,2024-04-12,
U0136,PL1026,view,0,2024-07-24,
U0468,PL1005,click,0,2025-04-06,
U0033,PL1024,click,0,2024-12-20,
U0284,PL1046,view,0,2025-01-29,
U0079,PL1017,shortlist,0,2024-12-15,
U0073,PL1016,view,0,2024-10-21,
U0384,PL1038,view,0,2024-09-04,
U0465,PL1013,click,0,2025-05-24,
U0097,PL1050,click,0,2024-09-14,
U0243,PL1016,view,0,2024-06-15,
U0327,PL1037,view,0,2025-08-16,
U0035,PL1041,click,0,2024-06-16,
U0340,PL1046,click,0,2025-07-31,
U0103,PL1054,view,0,2024-06-29,
U0149,PL1015,shortlist,0,2025-01-21,
U0496,PL1056,view,0,2025-01-11,
U0417,PL1002,shortlist,0,2024-10-13,
U0109,PL1007,click,0,2024-08-14,
U0495,PL1002,view,0,2025-01-18,
U0472,PL1014,click,0,2025-08-15,
U0375,PL1035,view,0,2025-07-16,
U0104,PL1059,view,0,2024-10-14,
U0417,PL1019,view,0,2024-09-01,
U0114,PL1050,view,0,2024-05-20,
U0192,PL1007,click,0,2025-03-31,
U0282,PL1048,click,0,2024-09-03,
U0182,PL1028,click,0,2024-12-16,
U0348,PL1052,view,0,2024-07-28,
U0234,PL1053,view,0,2025-03-19,
U0024,PL1058,click,0,2024-05-05,
U0097,PL1043,view,0,2024-09-15,
U0195,PL1030,click,0,2024-09-10,
U0412,PL1039,view,0,2025-08-01,
U0431,PL1019,view,0,2025-07-21,
U0477,PL1004,shortlist,0,2024-09-08,
U0111,PL1002,view,0,2025-08-16,
U0153,PL1044,view,0,2025-07-15,
U0314,PL1003,view,0,2025-08-19,
U0386,PL1060,click,0,2024-05-20,
U0316,PL1050,view,0,2025-04-24,
U0493,PL1049,view,0,2024-07-18,
U0016,PL1001,click,0,2025-06-26,
U0042,PL1026,view,0,2024-08-17,
U0227,PL1025,view,0,2025-04-16,
U0151,PL1053,view,0,2024-07-21,
U0277,PL1048,view,0,2024-12-03,
U0383,PL1061,view,0,2024-09-04,
U0325,PL1056,view,0,2024-06-22,
U0142,PL1045,click,0,2024-12-26,
U0007,PL1023,view,0,2025-08-15,
U0213,PL1031,shortlist,0,2025-03-16,
U0206,PL1005,view,0,2025-06-02,
U0275,PL1020,click,0,2024-06-21,
U0154,PL1028,view,0,2024-07-06,
U0089,PL1031,click,0,2024-09-20,
U0433,PL1006,view,0,2025-08-17,
U0097,PL1003,click,0,2025-06-23,
U0400,PL1061,view,0,2025-05-09,
U0040,PL1051,click,0,2024-09-21,
U0095,PL1045,view,0,2025-09-04,
U0286,PL1011,view,0,2025-04-24,
U0035,PL1038,view,0,2024-06-28,
U0446,PL1044,view,0,2024-11-14,
U0037,PL1020,click,0,2024-10-21,
U0407,PL1002,view,0,2025-04-11,
U0259,PL1016,click,0,2025-03-01,
U0468,PL1035,click,0,2024-05-26,
U0101,PL1059,view,0,2024-04-08,
U0373,PL1025,shortlist,0,2025-08-14,
U0035,PL1045,view,0,2025-06-19,
U0111,PL1027,view,0,2025-06-19,
U0019,PL1003,view,0,2024-08-03,
U0001,PL1029,click,0,2025-05-24,
U0301,PL1054,view,0,2025-06-29,
U0187,PL1014,click,0,2025-08-25,
U0265,PL1028,view,0,2024-09-18,
U0298,PL1055,view,0,2024-06-29,
U0032,PL1004,shortlist,0,2025-06-21,
U0264,PL1031,view,0,2024-10-15,
U0470,PL1061,view,0,2024-05-09,
U0328,PL1025,view,0,2024-06-11,
U0446,PL1031,click,0,2025-08-06,
U0351,PL1031,view,0,2024-07-28,
U0039,PL1033,view,0,2025-04-28,
U0219,PL1058,view,0,2024-07-02,
U0450,PL1019,shortlist,0,2024-04-08,
U0151,PL1019,view,0,2024-08-10,
U0093,PL1002,view,0,2024-09-04,
U0466,PL1043,view,0,2025-01-03,
U0409,PL1018,view,0,2024-08-12,
U0274,PL1023,view,0,2024-07-24,
U0074,PL1017,shortlist,0,2024-09-07,
U0439,PL1028,view,0,2025-07-28,
U0293,PL1033,click,0,2025-02-08,
U0062,PL1017,click,0,2025-03-05,
U0480,PL1054,view,0,2025-05-05,
U0462,PL1020,click,0,2024-05-15,
U0123,PL1044,view,0,2025-05-04,
U0324,PL1030,view,0,2024-05-07,
U0084,PL1019,view,0,2025-06-23,
U0224,PL1055,view,0,2024-07-28,
U0367,PL1050,view,0,2025-09-02,
U0018,PL1055,click,0,2025-09-03,
U0354,PL1055,click,0,2024-06-07,
U0058,PL1003,view,0,2025-04-16,
U0115,PL1033,view,0,2025-09-19,
U0419,PL1035,click,0,2024-05-09,
U0114,PL1037,view,0,2025-08-12,
U0356,PL1013,view,0,2024-05-18,
U0292,PL1034,view,0,2024-09-08,
U0365,PL1051,view,0,2024-11-24,
U0374,PL1060,shortlist,0,2025-01-28,
U0175,PL1005,view,0,2025-04-08,
U0173,PL1020,view,0,2024-04-15,
U0001,PL1044,view,0,2025-08-02,
U0372,PL1002,shortlist,0,2024-12-26,
U0440,PL1043,click,0,2025-03-05,
U0064,PL1032,view,0,2025-07-26,
U0459,PL1014,click,0,2024-12-09,
U0247,PL1055,view,0,2024-10-30,
U0208,PL1007,shortlist,0,2024-06-18,
U0468,PL1019,click,0,2025-07-13,
U0280,PL1008,view,0,2025-01-17,
U0094,PL1002,view,0,2024-06-02,
U0296,PL1043,view,0,2024-07-13,
U0415,PL1032,view,0,2025-08-26,
U0362,PL1019,view,0,2024-04-30,
U0129,PL1044,click,0,2024-12-11,
U0010,PL1006,click,0,2025-07-27,
U0229,PL1032,view,0,2024-11-28,
U0024,PL1041,view,0,2024-06-01,
U0351,PL1002,click,0,2025-06-04,
U0268,PL1039,click,0,2024-06-06,
U0120,PL1039,click,0,2024-08-15,
U0124,PL1033,view,0,2024-06-04,
U0111,PL1041,view,0,2025-08-15,
U0025,PL1002,view,0,2025-07-08,
U0243,PL1040,shortlist,0,2025-03-10,
U0476,PL1008,click,0,2024-11-29,
U0410,PL1048,view,0,2024-08-12,
U0083,PL1053,shortlist,0,2025-05-27,
U0068,PL1035,click,0,2025-06-24,
U0141,PL1053,click,0,2024-10-07,
U0391,PL1021,view,0,2024-10-15,
U0410,PL1035,view,0,2025-05-21,
U0287,PL1049,view,0,2024-07-21,
U0009,PL1047,click,0,2024-12-02,
U0157,PL1049,view,0,2024-09-16,
U0351,PL1023,enroll,1,2024-10-30,
U0455,PL1016,click,0,2025-03-24,
U0159,PL1026,view,0,2025-09-07,
U0479,PL1005,shortlist,0,2025-03-26,
U0240,PL1039,click,0,2024-08-05,
U0013,PL1026,click,0,2025-05-11,
U0271,PL1044,view,0,2024-08-20,
U0114,PL1039,view,0,2024-07-28,
U0042,PL1046,click,0,2025-07-06,
U0206,PL1026,click,0,2025-03-12,
U0328,PL1054,shortlist,0,2025-04-30,
U0284,PL1051,view,0,2024-05-04,
U0273,PL1059,view,0,2024-07-09,
U0314,PL1052,view,0,2025-09-08,
U0272,PL1012,view,0,2025-05-05,
U0201,PL1039,view,0,2024-06-24,
U0083,PL1007,click,0,2025-09-29,
U0465,PL1011,shortlist,0,2024-12-07,
U0194,PL1036,view,0,2025-08-11,
U0471,PL1054,view,0,2024-12-06,
U0303,PL1040,view,0,2024-04-08,
U0480,PL1042,click,0,2024-12-07,
U0226,PL1017,view,0,2025-09-14,
U0143,PL1039,view,0,2024-07-13,
U0112,PL1012,view,0,2025-02-15,
U0247,PL1025,view,0,2024-05-25,
U0265,PL1047,view,0,2024-10-02,
U0432,PL1047,view,0,2024-10-02,
U0455,PL1030,click,0,2024-06-12,
U0421,PL1040,view,0,2024-08-13,
U0284,PL1017,view,0,2024-09-11,
U0093,PL1023,view,0,2025-07-10,
U0075,PL1009,view,0,2025-09-19,
U0266,PL1025,view,0,2024-09-01,
U0128,PL1050,claim_approved,1,2025-01-08,1819323.0
U0411,PL1038,view,0,2025-09-09,
U0407,PL1018,view,0,2024-04-23,
U0380,PL1029,view,0,2025-07-14,
U0438,PL1016,view,0,2025-09-20,
U0067,PL1005,view,0,2024-11-28,
U0430,PL1030,click,0,2024-10-17,
U0497,PL1009,view,0,2024-06-25,
U0478,PL1037,click,0,2025-03-21,
U0440,PL1026,view,0,2024-11-30,
U0249,PL1013,click,0,2024-09-14,
U0163,PL1037,view,0,2024-12-20,
U0026,PL1047,view,0,2024-04-10,
U0305,PL1013,click,0,2025-06-02,
U0044,PL1004,shortlist,0,2025-02-02,
U0290,PL1011,view,0,2025-07-14,
U0065,PL1045,click,0,2025-04-11,
U0326,PL1042,view,0,2025-04-09,
U0092,PL1040,click,0,2025-01-12,
U0401,PL1023,view,0,2024-04-10,
U0354,PL1015,view,0,2025-05-28,
U0194,PL1025,click,0,2025-01-06,
U0248,PL1057,view,0,2025-05-19,
U0397,PL1013,click,0,2025-03-01,
U0161,PL1055,click,0,2025-02-23,
U0111,PL1042,view,0,2024-11-29,
U0318,PL1034,view,0,2025-05-12,
U0382,PL1015,view,0,2025-01-01,
U0063,PL1010,view,0,2025-05-14,
U0029,PL1045,click,0,2024-10-12,
U0455,PL1028,shortlist,0,2024-12-29,
U0118,PL1029,view,0,2025-03-09,
U0048,PL1051,view,0,2024-07-26,
U0158,PL1019,view,0,2025-02-22,
U0104,PL1009,click,0,2025-04-27,
U0215,PL1038,click,0,2025-07-02,
U0226,PL1012,view,0,2025-06-23,
U0422,PL1023,view,0,2025-03-16,
U0053,PL1025,view,0,2024-07-19,
U0282,PL1040,view,0,2025-09-19,
U0206,PL1017,view,0,2024-06-06,
U0374,PL1004,view,0,2025-02-08,
U0201,PL1035,view,0,2024-09-29,
U0222,PL1039,view,0,2025-04-25,
U0345,PL1030,view,0,2025-04-09,
U0105,PL1019,view,0,2025-09-07,
U0486,PL1004,click,0,2025-06-29,
U0427,PL1009,view,0,2025-02-13,
U0476,PL1061,view,0,2025-05-04,
U0451,PL1007,view,0,2025-03-02,
U0415,PL1012,shortlist,0,2025-08-28,
U0057,PL1060,view,0,2025-09-19,
U0279,PL1013,view,0,2025-01-11,
U0324,PL1045,view,0,2025-04-16,
U0345,PL1019,view,0,2024-07-17,
U0490,PL1033,view,0,2025-01-23,
U0148,PL1022,view,0,2025-01-01,
U0415,PL1057,view,0,2025-07-28,
U0377,PL1003,click,0,2024-10-18,
U0326,PL1057,shortlist,0,2024-11-27,
U0349,PL1052,view,0,2024-11-17,
U0392,PL1010,click,0,2024-06-12,
U0130,PL1029,view,0,2024-08-19,
U0156,PL1058,view,0,2025-07-23,
U0140,PL1015,click,0,2024-11-17,
U0284,PL1047,click,0,2024-06-21,
U0121,PL1026,click,0,2025-05-08,
U0065,PL1036,view,0,2025-01-16,
U0248,PL1048,view,0,2025-04-14,
U0375,PL1010,click,0,2025-07-27,
U0454,PL1044,click,0,2025-08-05,
U0227,PL1019,view,0,2024-08-04,
U0251,PL1014,click,0,2025-05-11,
U0061,PL1011,click,0,2024-08-31,
U0233,PL1041,click,0,2025-07-01,
U0401,PL1026,view,0,2024-11-13,
U0277,PL1058,view,0,2025-07-02,
U0348,PL1002,click,0,2025-06-18,
U0157,PL1011,view,0,2024-07-18,
U0385,PL1052,view,0,2024-11-12,
U0401,PL1007,view,0,2024-11-23,
U0234,PL1044,view,0,2025-06-25,
U0374,PL1026,enroll,1,2024-05-02,
U0049,PL1017,view,0,2025-05-09,
U0454,PL1040,view,0,2024-06-30,
U0490,PL1053,view,0,2025-08-24,
U0024,PL1059,view,0,2024-07-10,
U0174,PL1033,view,0,2024-05-02,
U0316,PL1061,click,0,2024-12-19,
U0332,PL1035,shortlist,0,2025-03-20,
U0102,PL1003,shortlist,0,2024-05-06,
U0376,PL1054,view,0,2024-05-09,
U0012,PL1010,click,0,2025-04-08,
U0152,PL1053,view,0,2025-07-16,
U0372,PL1043,click,0,2025-01-23,
U0392,PL1053,click,0,2024-09-15,
U0398,PL1022,view,0,2024-05-04,
U0091,PL1019,view,0,2024-05-14,
U0249,PL1061,view,0,2024-10-31,
U0016,PL1016,view,0,2024-06-22,
U0244,PL1040,view,0,2024-06-21,
U0389,PL1058,click,0,2024-06-15,
U0020,PL1026,view,0,2025-04-28,
U0261,PL1056,view,0,2024-12-12,
U0079,PL1011,click,0,2024-12-01,
U0300,PL1055,click,0,2024-10-06,
U0277,PL1059,view,0,2024-09-16,
U0328,PL1005,click,0,2025-08-14,
U0417,PL1037,click,0,2025-02-10,
U0334,PL1002,view,0,2024-08-02,
U0409,PL1023,click,0,2024-04-09,
U0296,PL1022,view,0,2025-09-06,
U0042,PL1013,view,0,2025-02-23,
U0391,PL1008,click,0,2025-04-13,
U0495,PL1008,view,0,2025-07-10,
U0220,PL1009,view,0,2025-01-12,
U0236,PL1039,view,0,2025-05-05,
U0171,PL1039,view,0,2024-08-05,
U0246,PL1026,click,0,2024-09-11,
U0105,PL1047,view,0,2025-03-09,
U0455,PL1037,shortlist,0,2024-10-25,
U0500,PL1057,view,0,2025-02-05,
U0161,PL1017,view,0,2024-12-09,
U0483,PL1013,click,0,2024-07-31,
U0084,PL1042,view,0,2024-12-11,
U0284,PL1034,click,0,2025-03-07,
U0285,PL1019,view,0,2025-02-20,
U0070,PL1052,click,0,2025-09-03,
U0272,PL1061,click,0,2024-05-17,
U0474,PL1029,view,0,2025-05-12,
U0003,PL1037,view,0,2024-04-08,
U0353,PL1055,view,0,2024-04-09,
U0165,PL1042,shortlist,0,2025-01-28,
U0444,PL1042,enroll,1,2024-10-10,
U0162,PL1043,view,0,2024-06-30,
U0422,PL1051,view,0,2025-05-26,
U0293,PL1043,view,0,2025-01-21,
U0138,PL1028,view,0,2025-04-08,
U0357,PL1022,view,0,2024-11-08,
U0213,PL1031,click,0,2024-05-18,
U0251,PL1021,view,0,2024-06-14,
U0180,PL1026,view,0,2024-10-16,
U0453,PL1021,click,0,2024-09-08,
U0028,PL1005,click,0,2025-08-20,
U0494,PL1038,view,0,2025-09-16,
U0243,PL1051,click,0,2024-09-09,
U0477,PL1011,view,0,2025-01-08,
U0420,PL1043,view,0,2025-03-16,
U0154,PL1058,click,0,2025-03-03,
U0347,PL1053,view,0,2025-09-02,
U0112,PL1056,click,0,2024-08-26,
U0065,PL1035,view,0,2025-01-09,
U0106,PL1010,view,0,2025-08-11,
U0377,PL1060,click,0,2024-06-02,
U0253,PL1043,view,0,2025-03-16,
U0005,PL1014,click,0,2025-05-27,
U0408,PL1045,view,0,2025-08-30,
U0175,PL1004,click,0,2024-05-08,
U0424,PL1058,click,0,2025-06-11,
U0056,PL1008,view,0,2024-08-30,
U0349,PL1040,click,0,2024-12-24,
U0060,PL1015,click,0,2024-08-05,
U0411,PL1028,view,0,2025-08-29,
U0167,PL1060,click,0,2025-05-30,
U0192,PL1047,view,0,2024-10-17,
U0217,PL1036,click,0,2024-08-05,
U0465,PL1028,view,0,2025-02-22,
U0091,PL1038,click,0,2025-03-05,
U0294,PL1049,view,0,2024-08-09,
U0455,PL1037,view,0,2024-08-23,
U0084,PL1041,view,0,2025-06-19,
U0162,PL1043,view,0,2024-04-09,
U0263,PL1055,click,0,2024-06-25,
U0227,PL1045,click,0,2024-09-19,
U0026,PL1012,view,0,2025-01-19,
U0412,PL1034,view,0,2024-09-08,
U0223,PL1013,click,0,2024-07-27,
U0378,PL1052,view,0,2025-08-25,
U0426,PL1017,view,0,2025-04-28,
U0038,PL1014,view,0,2025-07-11,
U0221,PL1008,click,0,2024-08-15,
U0412,PL1037,shortlist,0,2024-07-30,
U0017,PL1008,click,0,2025-06-15,
U0220,PL1014,view,0,2025-04-29,
U0059,PL1038,view,0,2025-03-14,
U0366,PL1054,click,0,2025-03-31,
U0090,PL1034,shortlist,0,2024-10-09,
U0067,PL1006,click,0,2024-12-28,
U0189,PL1019,view,0,2024-06-20,
U0292,PL1004,click,0,2024-08-18,
U0178,PL1006,view,0,2025-01-24,
U0356,PL1049,click,0,2024-11-22,
U0253,PL1010,view,0,2024-10-30,
U0080,PL1028,click,0,2024-12-13,
U0453,PL1031,view,0,2025-04-07,
U0066,PL1051,click,0,2024-04-26,
U0304,PL1026,click,0,2024-06-07,
U0042,PL1032,view,0,2024-07-19,
U0409,PL1009,click,0,2025-03-18,
U0104,PL1055,view,0,2025-08-07,
U0230,PL1046,click,0,2025-06-25,
U0154,PL1013,view,0,2024-10-03,
U0139,PL1057,view,0,2025-07-07,
U0402,PL1017,view,0,2024-07-29,
U0161,PL1031,click,0,2025-02-08,
U0294,PL1035,view,0,2025-05-08,
U0194,PL1006,view,0,2024-07-22,
U0274,PL1043,click,0,2025-01-22,
U0320,PL1008,view,0,2024-10-23,
U0202,PL1014,view,0,2025-06-09,
U0355,PL1003,view,0,2024-09-18,
U0340,PL1025,shortlist,0,2025-08-16,
U0286,PL1037,view,0,2025-02-18,
U0279,PL1039,click,0,2024-12-08,
U0308,PL1030,view,0,2024-06-23,
U0359,PL1032,view,0,2025-03-30,
U0337,PL1013,view,0,2025-04-29,
U0321,PL1003,click,0,2024-09-01,
U0482,PL1026,click,0,2024-12-12,
U0277,PL1050,view,0,2025-06-30,
U0457,PL1057,view,0,2024-08-03,
U0050,PL1049,view,0,2025-01-20,
U0429,PL1048,view,0,2025-07-15,
U0231,PL1039,shortlist,0,2025-04-15,
U0338,PL1038,view,0,2025-04-30,
U0165,PL1023,view,0,2024-10-18,
U0077,PL1040,view,0,2025-09-14,
U0268,PL1041,click,0,2025-06-03,
U0221,PL1032,view,0,2024-05-07,
U0355,PL1031,click,0,2024-10-12,
U0302,PL1014,view,0,2025-01-14,
U0062,PL1031,view,0,2025-03-19,
U0443,PL1028,click,0,2024-07-09,
U0122,PL1037,click,0,2025-09-19,
U0223,PL1040,view,0,2025-01-26,
U0071,PL1056,click,0,2024-09-20,
U0241,PL1022,shortlist,0,2024-12-22,
U0005,PL1014,click,0,2025-08-21,
U0485,PL1018,click,0,2025-06-12,
U0209,PL1008,click,0,2024-11-02,
U0271,PL1017,view,0,2025-06-17,
U0262,PL1004,shortlist,0,2024-04-30,
U0045,PL1011,view,0,2025-07-14,
U0387,PL1046,view,0,2025-05-09,
U0488,PL1048,view,0,2024-11-03,
U0073,PL1013,click,0,2025-08-26,
U0488,PL1003,view,0,2025-08-20,
U0480,PL1058,click,0,2024-11-17,
U0124,PL1050,view,0,2024-06-11,
U0160,PL1034,click,0,2025-02-09,
U0389,PL1018,view,0,2025-01-30,
U0306,PL1013,shortlist,0,2024-05-30,
U0062,PL1060,view,0,2025-02-16,
U0492,PL1056,click,0,2025-04-17,
U0079,PL1045,view,0,2025-04-27,
U0382,PL1033,view,0,2025-09-27,
U0208,PL1005,view,0,2025-09-25,
U0222,PL1034,view,0,2024-05-31,
U0023,PL1038,view,0,2025-08-16,
U0157,PL1021,click,0,2025-07-18,
U0357,PL1006,click,0,2025-09-25,
U0337,PL1031,view,0,2025-05-30,
U0433,PL1009,view,0,2025-02-06,
U0478,PL1022,view,0,2024-11-17,
U0107,PL1054,shortlist,0,2025-08-02,
U0304,PL1033,view,0,2024-11-26,
U0213,PL1025,view,0,2024-10-26,
U0492,PL1003,click,0,2024-06-09,
U0104,PL1061,view,0,2025-09-19,
U0040,PL1050,view,0,2025-01-12,
U0144,PL1005,view,0,2024-05-14,
U0021,PL1016,click,0,2024-07-01,
U0072,PL1002,view,0,2024-05-13,
U0455,PL1008,shortlist,0,2025-08-19,
U0490,PL1057,view,0,2025-08-21,
U0348,PL1055,click,0,2024-09-03,
U0167,PL1046,view,0,2025-02-07,
U0027,PL1043,click,0,2024-11-24,
U0272,PL1015,view,0,2025-05-02,
U0346,PL1013,click,0,2024-08-16,
U0374,PL1009,view,0,2024-06-05,
U0030,PL1025,click,0,2025-06-08,
U0292,PL1036,view,0,2025-08-07,
U0390,PL1023,view,0,2024-12-05,
U0359,PL1022,click,0,2024-05-10,
U0424,PL1020,click,0,2024-07-22,
U0485,PL1058,view,0,2024-09-14,
U0314,PL1016,click,0,2024-08-11,
U0190,PL1007,view,0,2025-08-19,
U0286,PL1002,view,0,2024-07-13,
U0455,PL1047,view,0,2025-06-09,
U0078,PL1032,click,0,2024-09-28,
U0023,PL1005,view,0,2025-05-01,
U0463,PL1037,click,0,2024-12-26,
U0096,PL1035,view,0,2025-05-11,
U0378,PL1003,click,0,2025-06-15,
U0163,PL1003,view,0,2024-12-22,
U0089,PL1001,view,0,2025-06-21,
U0360,PL1007,view,0,2025-07-06,
U0262,PL1037,view,0,2025-02-02,
U0188,PL1023,click,0,2024-04-25,
U0185,PL1044,view,0,2025-01-11,
U0234,PL1007,view,0,2025-01-21,
U0106,PL1020,view,0,2024-08-10,
U0036,PL1052,view,0,2025-04-24,
U0447,PL1001,view,0,2025-03-25,
U0492,PL1020,view,0,2025-01-13,
U0022,PL1020,shortlist,0,2025-01-01,
U0268,PL1061,click,0,2025-03-10,
U0341,PL1025,click,0,2025-08-09,
U0082,PL1038,view,0,2025-07-10,
U0138,PL1010,click,0,2025-06-06,
U0454,PL1061,view,0,2024-12-26,
U0158,PL1052,click,0,2025-07-01,
U0329,PL1018,view,0,2024-04-21,
U0157,PL1013,view,0,2024-11-27,
U0097,PL1007,view,0,2024-10-21,
U0163,PL1036,view,0,2024-04-15,
U0388,PL1060,click,0,2024-11-13,
U0480,PL1023,view,0,2025-07-05,
U0338,PL1027,click,0,2024-10-28,
U0087,PL1032,click,0,2024-10-08,
U0068,PL1052,view,0,2024-10-09,
U0494,PL1005,click,0,2024-12-10,
U0029,PL1052,click,0,2024-09-27,
U0025,PL1009,click,0,2025-09-09,
U0192,PL1036,view,0,2024-11-24,
U0011,PL1026,view,0,2025-08-13,
U0445,PL1036,view,0,2024-12-01,
U0361,PL1035,view,0,2025-06-15,
U0056,PL1059,click,0,2024-08-13,
U0311,PL1038,view,0,2025-02-02,
U0074,PL1022,click,0,2024-05-16,
U0413,PL1016,view,0,2024-12-03,
U0020,PL1056,view,0,2025-07-18,
U0052,PL1010,view,0,2024-08-29,
U0231,PL1052,view,0,2025-04-04,
U0298,PL1042,view,0,2025-06-09,
U0342,PL1023,view,0,2025-02-14,
U0449,PL1050,view,0,2025-07-17,
U0456,PL1023,click,0,2024-05-31,
U0034,PL1022,click,0,2024-12-27,
U0229,PL1002,view,0,2024-12-15,
U0461,PL1006,view,0,2024-08-07,
U0252,PL1005,click,0,2025-09-27,
U0121,PL1056,click,0,2024-08-06,
U0031,PL1048,click,0,2024-09-14,
U0158,PL1023,view,0,2024-12-01,
U0365,PL1010,view,0,2024-12-12,
U0310,PL1002,view,0,2025-01-26,
U0261,PL1007,click,0,2024-05-31,
U0404,PL1036,view,0,2025-07-27,
U0197,PL1004,click,0,2024-09-22,
U0135,PL1059,view,0,2025-09-01,
U0155,PL1010,click,0,2025-02-12,
U0028,PL1052,view,0,2025-02-18,
U0286,PL1060,click,0,2024-08-17,
U0042,PL1040,view,0,2025-01-06,
U0458,PL1056,view,0,2025-03-04,
U0333,PL1009,click,0,2024-11-14,
U0351,PL1056,view,0,2024-08-13,
U0468,PL1016,shortlist,0,2024-11-17,
U0489,PL1040,click,0,2024-05-12,
U0253,PL1020,view,0,2025-09-26,
U0068,PL1055,click,0,2025-01-03,
U0066,PL1055,view,0,2025-02-11,
U0133,PL1050,view,0,2025-04-30,
U0062,PL1017,click,0,2024-07-07,
U0041,PL1057,view,0,2025-08-09,
U0089,PL1055,view,0,2025-05-30,
U0223,PL1020,view,0,2025-07-10,
U0449,PL1008,click,0,2024-11-02,
U0385,PL1043,click,0,2024-05-07,
U0483,PL1026,view,0,2025-04-04,
U0369,PL1052,view,0,2024-10-12,
U0436,PL1023,click,0,2025-01-11,
U0235,PL1039,view,0,2025-07-29,
U0010,PL1029,view,0,2024-06-02,
U0068,PL1034,view,0,2025-06-18,
U0203,PL1019,view,0,2025-08-05,
U0487,PL1049,click,0,2024-10-03,
U0343,PL1044,view,0,2025-07-26,
U0470,PL1047,view,0,2025-09-30,
U0364,PL1036,view,0,2024-12-11,
U0296,PL1003,view,0,2025-08-25,
U0214,PL1053,view,0,2025-03-09,
U0236,PL1005,view,0,2025-07-20,
U0154,PL1060,view,0,2024-07-30,
U0321,PL1030,view,0,2024-07-25,
U0404,PL1010,view,0,2025-05-18,
U0238,PL1039,claim_approved,1,2024-12-23,1794738.0
U0084,PL1014,view,0,2025-05-01,
U0063,PL1059,click,0,2024-04-28,
U0498,PL1038,view,0,2025-02-25,
U0136,PL1061,enroll,1,2024-06-25,
U0452,PL1047,click,0,2024-12-03,
U0134,PL1014,view,0,2025-05-13,
U0255,PL1057,click,0,2025-04-04,
U0288,PL1047,click,0,2025-05-26,
U0260,PL1018,view,0,2024-05-02,
U0187,PL1058,click,0,2024-05-25,
U0393,PL1024,view,0,2024-10-17,
U0009,PL1046,view,0,2025-05-03,
U0263,PL1044,view,0,2025-05-11,
U0473,PL1041,view,0,2025-01-06,
U0373,PL1014,view,0,2024-09-29,
U0347,PL1040,view,0,2025-08-26,
U0387,PL1040,view,0,2024-07-04,
U0405,PL1025,click,0,2024-10-27,
U0210,PL1002,click,0,2024-06-27,
U0414,PL1014,click,0,2025-02-09,
U0384,PL1014,view,0,2024-12-09,
U0098,PL1055,view,0,2025-08-18,
U0181,PL1046,view,0,2025-07-27,
U0463,PL1003,click,0,2025-03-27,
U0121,PL1049,click,0,2025-03-24,
U0076,PL1004,click,0,2025-07-20,
U0369,PL1061,view,0,2025-05-12,
U0397,PL1012,view,0,2024-11-06,
U0166,PL1053,view,0,2024-08-20,
U0185,PL1035,view,0,2024-07-21,
U0473,PL1006,shortlist,0,2025-02-16,
U0341,PL1043,enroll,1,2025-06-06,
U0395,PL1052,click,0,2025-09-19,
U0479,PL1031,view,0,2024-11-09,
U0215,PL1015,view,0,2025-04-13,
U0357,PL1040,click,0,2024-08-23,
U0064,PL1014,view,0,2025-06-23,
U0237,PL1041,view,0,2025-07-20,
U0106,PL1034,click,0,2025-03-27,
U0413,PL1039,view,0,2024-06-12,
U0345,PL1031,view,0,2025-09-11,
U0319,PL1051,view,0,2025-01-14,
U0228,PL1044,shortlist,0,2024-12-05,
U0403,PL1023,view,0,2025-04-29,
U0376,PL1015,view,0,2025-05-05,
U0417,PL1060,view,0,2025-02-13,
U0220,PL1035,view,0,2024-06-14,
U0034,PL1004,click,0,2024-05-26,
U0214,PL1051,view,0,2024-05-01,
U0487,PL1025,view,0,2024-04-30,
U0088,PL1057,click,0,2024-06-21,
U0361,PL1054,view,0,2024-06-01,
U0430,PL1050,view,0,2024-12-01,
U0330,PL1050,click,0,2025-01-01,
U0131,PL1041,view,0,2024-08-19,
U0022,PL1038,click,0,2025-07-24,
U0418,PL1051,click,0,2025-03-02,
U0292,PL1015,view,0,2025-07-31,
U0247,PL1027,view,0,2024-08-17,
U0160,PL1051,shortlist,0,2025-08-19,
U0131,PL1025,click,0,2025-01-04,
U0258,PL1055,click,0,2024-05-29,
U0144,PL1035,view,0,2025-03-10,
U0005,PL1046,view,0,2025-02-25,
U0020,PL1011,view,0,2024-04-23,
U0287,PL1044,click,0,2025-07-16,
U0406,PL1017,view,0,2025-08-30,
U0144,PL1025,view,0,2025-01-08,
U0148,PL1019,view,0,2024-09-14,
U0423,PL1004,click,0,2024-05-30,
U0286,PL1054,click,0,2025-03-22,
U0363,PL1020,view,0,2025-07-13,
U0482,PL1027,view,0,2024-10-19,
U0388,PL1016,view,0,2024-11-14,
U0036,PL1001,click,0,2025-03-19,
U0495,PL1031,view,0,2024-05-30,
U0212,PL1024,shortlist,0,2024-09-18,
U0212,PL1015,view,0,2024-05-20,
U0141,PL1052,view,0,2024-08-19,
U0186,PL1004,view,0,2024-08-17,
U0440,PL1033,view,0,2024-12-08,
U0117,PL1041,view,0,2024-08-07,
U0497,PL1059,view,0,2024-12-14,
U0037,PL1009,view,0,2024-11-30,
U0120,PL1056,click,0,2024-10-19,
U0017,PL1006,view,0,2024-11-18,
U0358,PL1049,view,0,2024-11-18,
U0270,PL1006,click,0,2025-03-17,
U0165,PL1051,click,0,2025-02-16,
U0220,PL1015,view,0,2024-06-28,
U0125,PL1043,view,0,2025-02-09,
U0293,PL1045,click,0,2025-05-31,
U0186,PL1055,view,0,2024-10-17,
U0064,PL1054,view,0,2025-05-11,
U0186,PL1003,view,0,2025-06-28,
U0059,PL1019,click,0,2024-10-26,
U0390,PL1009,view,0,2025-06-23,
U0258,PL1033,view,0,2025-08-05,
U0442,PL1034,view,0,2024-09-08,
U0104,PL1033,view,0,2025-09-03,
U0160,PL1039,view,0,2024-11-29,
U0277,PL1051,view,0,2025-01-12,
U0081,PL1021,click,0,2024-09-04,
U0045,PL1046,view,0,2025-08-24,
U0116,PL1056,click,0,2024-08-16,
U0427,PL1058,view,0,2025-02-12,
U0128,PL1034,click,0,2025-08-05,
U0121,PL1060,shortlist,0,2024-12-06,
U0042,PL1042,view,0,2025-02-03,
U0324,PL1017,click,0,2025-07-09,
U0163,PL1048,click,0,2025-03-28,
U0435,PL1023,view,0,2025-08-28,
U0408,PL1037,view,0,2024-06-18,
U0270,PL1057,view,0,2025-08-20,
U0200,PL1008,view,0,2025-06-07,
U0433,PL1019,shortlist,0,2024-07-06,
U0425,PL1042,view,0,2024-05-11,
U0329,PL1029,view,0,2024-10-08,
U0015,PL1021,click,0,2025-03-05,
U0457,PL1039,view,0,2024-10-09,
U0231,PL1047,click,0,2025-08-13,
U0471,PL1016,click,0,2025-04-25,
U0435,PL1052,view,0,2025-02-25,
U0246,PL1016,view,0,2025-08-05,
U0133,PL1034,view,0,2024-05-26,
U0137,PL1029,click,0,2024-06-17,
U0382,PL1036,view,0,2025-07-19,
U0138,PL1041,view,0,2025-01-02,
U0233,PL1060,click,0,2025-09-15,
U0377,PL1006,click,0,2025-08-29,
U0344,PL1040,view,0,2024-09-30,
U0374,PL1006,view,0,2025-04-28,
U0004,PL1013,view,0,2024-04-14,
U0387,PL1010,view,0,2024-07-15,
U0479,PL1029,click,0,2025-08-06,
U0165,PL1033,view,0,2024-08-30,
U0458,PL1020,click,0,2024-05-18,
U0355,PL1060,view,0,2025-01-19,
U0048,PL1045,shortlist,0,2025-09-21,
U0025,PL1035,click,0,2024-04-20,
U0084,PL1055,view,0,2025-09-24,
U0246,PL1027,click,0,2024-06-09,
U0480,PL1026,view,0,2025-05-20,
U0498,PL1048,view,0,2024-08-29,
U0236,PL1049,click,0,2024-10-14,
U0213,PL1025,view,0,2024-08-01,
U0162,PL1019,view,0,2024-07-15,
U0331,PL1054,view,0,2025-08-19,
U0130,PL1059,view,0,2025-01-07,
U0283,PL1051,view,0,2025-09-11,
U0368,PL1033,view,0,2025-02-09,
U0410,PL1021,click,0,2024-09-10,
U0183,PL1034,shortlist,0,2024-07-27,
U0486,PL1006,view,0,2024-12-02,
U0046,PL1010,click,0,2025-07-28,
U0344,PL1009,view,0,2024-12-01,
U0124,PL1061,click,0,2025-06-02,
U0258,PL1050,view,0,2025-07-29,
U0376,PL1020,shortlist,0,2025-07-19,
U0194,PL1055,click,0,2024-12-23,
U0089,PL1024,shortlist,0,2025-07-21,
U0390,PL1012,view,0,2024-09-03,
U0020,PL1040,view,0,2024-09-26,
U0334,PL1030,view,0,2025-09-03,
U0261,PL1038,view,0,2025-05-27,
U0286,PL1006,view,0,2025-08-11,
U0491,PL1061,shortlist,0,2025-04-25,
U0081,PL1053,view,0,2025-01-13,
U0132,PL1057,view,0,2025-05-13,
U0332,PL1027,view,0,2025-07-03,
U0475,PL1011,shortlist,0,2024-08-31,
U0500,PL1056,view,0,2024-04-29,
U0266,PL1056,click,0,2025-03-11,
U0137,PL1006,shortlist,0,2024-08-18,
U0055,PL1022,view,0,2024-08-10,
U0271,PL1041,view,0,2025-01-24,
U0215,PL1061,shortlist,0,2025-08-27,
U0150,PL1001,click,0,2025-02-28,
U0299,PL1004,click,0,2024-09-25,
U0438,PL1027,click,0,2024-05-15,
U0102,PL1010,click,0,2024-06-10,
U0333,PL1008,view,0,2025-06-09,
U0191,PL1031,view,0,2025-05-11,
U0401,PL1027,view,0,2024-07-26,
U0473,PL1015,click,0,2024-11-28,
U0485,PL1049,click,0,2025-06-06,
U0391,PL1023,click,0,2025-09-25,
U0017,PL1003,view,0,2024-07-12,
U0194,PL1004,view,0,2024-07-05,
U0428,PL1054,view,0,2025-04-13,
U0414,PL1036,click,0,2024-07-17,
U0483,PL1047,view,0,2024-05-18,
U0264,PL1061,view,0,2024-11-28,
U0384,PL1019,shortlist,0,2024-06-28,
U0179,PL1039,view,0,2025-08-22,
U0291,PL1061,view,0,2024-12-02,
U0061,PL1010,view,0,2025-02-12,
U0087,PL1054,view,0,2024-04-30,
U0393,PL1045,view,0,2025-08-18,
U0082,PL1010,click,0,2024-06-17,
U0299,PL1057,view,0,2025-05-23,
U0425,PL1006,view,0,2025-03-11,
U0104,PL1025,click,0,2024-05-13,
U0356,PL1054,click,0,2025-03-04,
U0393,PL1060,click,0,2024-10-28,
U0325,PL1023,click,0,2024-08-23,
U0314,PL1025,click,0,2025-02-05,
U0050,PL1048,view,0,2024-05-13,
U0355,PL1021,view,0,2024-12-25,
U0284,PL1030,click,0,2024-04-19,
U0395,PL1042,view,0,2025-02-23,
U0439,PL1007,shortlist,0,2025-09-19,
U0322,PL1012,view,0,2024-10-22,
U0034,PL1014,view,0,2025-08-08,
U0330,PL1040,click,0,2025-08-21,
U0393,PL1038,view,0,2024-08-24,
U0021,PL1037,click,0,2025-05-09,
U0403,PL1038,click,0,2025-03-16,
U0359,PL1032,view,0,2025-01-12,
U0214,PL1025,view,0,2025-08-26,
U0209,PL1028,shortlist,0,2024-04-21,
U0435,PL1053,view,0,2025-06-09,
U0242,PL1010,view,0,2025-03-30,
U0229,PL1049,view,0,2025-09-28,
U0318,PL1014,view,0,2024-11-16,
U0278,PL1054,click,0,2024-07-27,
U0135,PL1057,view,0,2025-04-10,
U0396,PL1020,view,0,2025-09-10,
U0427,PL1033,click,0,2024-08-20,
U0385,PL1028,view,0,2024-09-29,
U0340,PL1055,click,0,2024-10-16,
U0382,PL1018,view,0,2025-04-16,
U0416,PL1037,shortlist,0,2025-09-09,
U0282,PL1061,click,0,2024-05-20,
U0234,PL1059,view,0,2025-01-05,
U0029,PL1051,click,0,2025-03-12,
U0480,PL1049,click,0,2025-02-13,
U0449,PL1022,view,0,2025-07-14,
U0151,PL1046,click,0,2025-04-27,
U0189,PL1029,click,0,2024-05-13,
U0233,PL1054,view,0,2025-01-10,
U0117,PL1041,view,0,2024-09-26,
U0033,PL1059,view,0,2025-01-03,
U0078,PL1010,view,0,2025-06-13,
U0207,PL1022,view,0,2025-09-27,
U0160,PL1052,click,0,2025-05-08,
U0410,PL1044,shortlist,0,2024-10-01,
U0051,PL1010,view,0,2025-05-16,
U0246,PL1035,click,0,2025-09-06,
U0483,PL1004,view,0,2024-05-07,
U0218,PL1021,view,0,2025-05-08,
U0382,PL1030,click,0,2025-01-07,
U0456,PL1048,click,0,2025-09-25,
U0442,PL1059,click,0,2025-09-07,
U0346,PL1028,view,0,2025-07-23,
U0046,PL1027,click,0,2024-08-26,
U0120,PL1046,view,0,2025-01-22,
U0005,PL1035,click,0,2024-06-26,
U0386,PL1028,click,0,2025-09-11,
U0004,PL1014,view,0,2024-06-18,
U0474,PL1040,view,0,2025-04-11,
U0217,PL1042,view,0,2025-08-13,
U0254,PL1030,view,0,2024-11-28,
U0287,PL1010,view,0,2024-05-12,
U0398,PL1002,view,0,2025-09-13,
U0422,PL1023,click,0,2025-01-02,
U0496,PL1032,click,0,2024-05-09,
U0038,PL1008,click,0,2024-04-20,
U0448,PL1050,view,0,2024-08-14,
U0379,PL1016,view,0,2024-09-23,
U0310,PL1030,click,0,2025-09-19,
U0148,PL1033,view,0,2025-05-11,
U0367,PL1041,view,0,2024-10-12,
U0031,PL1060,view,0,2025-03-21,
U0346,PL1053,click,0,2025-09-24,
U0293,PL1047,view,0,2025-07-07,
U0392,PL1004,view,0,2024-04-17,
U0069,PL1014,view,0,2024-05-21,
U0099,PL1028,view,0,2025-06-27,
U0300,PL1017,click,0,2025-01-15,
U0377,PL1026,click,0,2024-04-26,
U0437,PL1018,click,0,2025-08-09,
U0408,PL1009,view,0,2025-02-21,
U0134,PL1051,view,0,2024-06-07,
U0267,PL1059,click,0,2024-08-27,
U0348,PL1037,view,0,2024-09-16,
U0056,PL1028,view,0,2024-06-12,
U0009,PL1029,click,0,2024-05-28,
U0153,PL1055,click,0,2024-05-07,
U0453,PL1028,click,0,2024-06-24,
U0349,PL1056,click,0,2024-09-03,
U0142,PL1020,click,0,2024-06-22,
U0124,PL1061,view,0,2025-08-06,
U0340,PL1012,view,0,2024-04-30,
U0380,PL1015,click,0,2024-11-15,
U0290,PL1048,click,0,2024-11-12,
U0092,PL1046,view,0,2024-05-06,
U0491,PL1057,view,0,2024-08-19,
U0044,PL1055,click,0,2025-09-08,
U0078,PL1002,click,0,2024-10-31,
U0339,PL1051,view,0,2024-05-31,
U0143,PL1012,view,0,2025-04-01,
U0151,PL1018,click,0,2025-09-14,
U0131,PL1009,click,0,2024-08-24,
U0262,PL1016,click,0,2024-04-11,
U0017,PL1047,view,0,2025-04-01,
U0006,PL1013,click,0,2024-07-20,
U0405,PL1026,shortlist,0,2024-11-08,
U0044,PL1009,view,0,2025-01-31,
U0299,PL1046,click,0,2024-12-15,
U0178,PL1001,click,0,2024-08-27,
U0343,PL1014,view,0,2025-03-02,
U0076,PL1013,view,0,2024-08-25,
U0049,PL1045,click,0,2024-10-27,
U0216,PL1001,view,0,2024-12-13,
U0166,PL1009,click,0,2025-07-03,
U0139,PL1050,view,0,2024-09-28,
U0020,PL1041,view,0,2025-08-03,
U0248,PL1008,view,0,2024-07-17,
U0192,PL1054,click,0,2024-12-19,
U0470,PL1040,view,0,2024-05-20,
U0041,PL1023,view,0,2025-05-16,
U0500,PL1056,shortlist,0,2024-11-04,
U0167,PL1035,view,0,2025-09-10,
U0357,PL1028,click,0,2025-02-21,
U0257,PL1043,view,0,2025-03-29,
U0180,PL1019,view,0,2025-04-10,
U0472,PL1008,click,0,2025-06-18,
U0275,PL1015,view,0,2025-03-17,
U0006,PL1009,view,0,2025-07-22,
U0189,PL1043,shortlist,0,2025-05-12,
U0126,PL1045,click,0,2024-07-13,
U0411,PL1050,view,0,2025-02-24,
U0308,PL1050,view,0,2025-02-06,
U0027,PL1005,view,0,2024-07-31,
U0176,PL1020,click,0,2025-01-10,
U0412,PL1010,click,0,2025-06-27,
U0310,PL1001,view,0,2025-04-23,
U0077,PL1009,view,0,2024-08-07,
U0423,PL1047,view,0,2024-06-21,
U0010,PL1044,view,0,2025-06-02,
U0252,PL1019,shortlist,0,2024-08-03,
U0306,PL1009,click,0,2024-08-26,
U0042,PL1060,view,0,2024-10-22,
U0304,PL1024,view,0,2024-10-18,
U0437,PL1022,view,0,2025-06-24,
U0239,PL1060,view,0,2024-10-19,
U0032,PL1057,view,0,2025-05-16,
U0100,PL1034,click,0,2024-07-03,
U0202,PL1049,view,0,2024-12-12,
U0330,PL1036,view,0,2025-06-10,
U0380,PL1013,view,0,2025-04-30,
U0149,PL1020,view,0,2025-03-29,
U0211,PL1047,view,0,2025-02-23,
U0202,PL1024,view,0,2025-06-23,
U0024,PL1045,view,0,2025-06-29,
U0167,PL1060,click,0,2025-04-28,
U0049,PL1052,shortlist,0,2024-11-15,
U0438,PL1046,view,0,2024-11-02,
U0221,PL1025,view,0,2024-05-09,
U0407,PL1045,view,0,2024-07-22,
U0265,PL1016,view,0,2025-06-05,
U0186,PL1046,click,0,2024-06-10,
U0213,PL1020,view,0,2025-04-23,
U0047,PL1051,view,0,2024-11-18,
U0164,PL1023,click,0,2024-09-25,
U0325,PL1013,click,0,2024-06-11,
U0275,PL1042,view,0,2025-09-22,
U0012,PL1040,view,0,2025-08-12,
U0072,PL1001,view,0,2025-02-25,
U0452,PL1022,view,0,2024-05-11,
U0145,PL1048,view,0,2025-01-17,
U0051,PL1061,view,0,2024-07-25,
U0017,PL1003,view,0,2025-03-14,
U0242,PL1007,view,0,2025-06-02,
U0072,PL1060,view,0,2025-04-23,
U0190,PL1051,shortlist,0,2025-04-27,
U0438,PL1041,view,0,2024-05-25,
U0155,PL1043,view,0,2024-05-05,
U0353,PL1045,view,0,2025-02-06,
U0447,PL1023,view,0,2025-01-29,
U0263,PL1031,view,0,2024-08-13,
U0115,PL1044,view,0,2024-10-04,
U0335,PL1061,click,0,2025-02-04,
U0055,PL1035,shortlist,0,2024-09-24,
U0183,PL1033,shortlist,0,2024-10-01,
U0298,PL1045,view,0,2024-11-15,
U0271,PL1057,view,0,2024-07-29,
U0176,PL1014,view,0,2024-09-20,
U0218,PL1024,click,0,2025-08-12,
U0322,PL1056,click,0,2025-05-18,
U0173,PL1047,view,0,2025-06-22,
U0468,PL1005,view,0,2024-11-15,
U0402,PL1061,view,0,2024-04-18,
U0432,PL1040,view,0,2024-10-11,
U0429,PL1044,click,0,2025-02-04,
U0262,PL1061,view,0,2024-07-04,
U0019,PL1011,click,0,2024-10-13,
U0244,PL1056,click,0,2024-07-29,
U0005,PL1001,click,0,2024-04-08,
U0182,PL1039,view,0,2024-08-31,
U0220,PL1031,view,0,2024-11-20,
U0323,PL1036,view,0,2025-05-10,
U0385,PL1059,click,0,2024-11-05,
U0261,PL1061,view,0,2024-09-19,
U0195,PL1043,view,0,2024-05-22,
U0161,PL1027,view,0,2025-06-24,
U0059,PL1036,view,0,2025-05-22,
U0202,PL1051,view,0,2025-06-03,
U0269,PL1022,view,0,2024-07-19,
U0129,PL1030,click,0,2024-12-02,
U0385,PL1045,shortlist,0,2024-09-28,
U0230,PL1057,view,0,2024-08-16,
U0221,PL1028,view,0,2025-07-29,
U0190,PL1057,view,0,2025-05-27,
U0180,PL1035,click,0,2024-07-17,
U0392,PL1016,click,0,2024-10-09,
U0036,PL1009,view,0,2024-08-15,
U0064,PL1004,view,0,2025-03-09,
U0149,PL1053,view,0,2024-04-12,
U0381,PL1050,view,0,2025-04-11,
U0270,PL1045,view,0,2025-05-12,
U0047,PL1050,view,0,2025-06-25,
U0238,PL1053,click,0,2024-06-28,
U0491,PL1046,view,0,2024-12-17,
U0083,PL1028,view,0,2025-01-19,
U0033,PL1027,click,0,2024-05-10,
U0110,PL1001,view,0,2024-10-17,
U0283,PL1020,view,0,2024-08-17,
U0129,PL1021,click,0,2024-06-02,
U0255,PL1043,view,0,2025-09-11,
U0148,PL1053,click,0,2024-05-26,
U0450,PL1039,click,0,2024-09-28,
U0304,PL1050,view,0,2025-07-06,
U0141,PL1013,view,0,2024-05-06,
U0354,PL1055,view,0,2024-08-14,
U0075,PL1040,click,0,2024-09-25,
U0352,PL1026,view,0,2025-05-04,
U0015,PL1009,click,0,2024-05-19,
U0140,PL1042,view,0,2025-03-23,
U0108,PL1025,view,0,2024-05-15,
U0145,PL1009,view,0,2025-02-04,
U0190,PL1011,view,0,2025-07-18,
U0498,PL1031,click,0,2024-10-28,
U0259,PL1060,shortlist,0,2024-07-04,
U0131,PL1037,click,0,2024-10-07,
U0055,PL1048,view,0,2024-06-23,
U0267,PL1003,view,0,2024-08-07,
U0239,PL1061,view,0,2024-08-02,
U0401,PL1018,view,0,2025-03-20,
U0433,PL1012,shortlist,0,2025-08-02,
U0432,PL1031,view,0,2025-09-09,
U0017,PL1016,view,0,2025-08-08,
U0139,PL1028,click,0,2024-08-15,
U0462,PL1055,click,0,2024-07-30,
U0261,PL1042,click,0,2025-03-05,
U0498,PL1060,view,0,2024-05-07,
U0268,PL1011,view,0,2024-05-14,
U0326,PL1025,shortlist,0,2024-12-26,
U0084,PL1029,click,0,2025-03-07,
U0426,PL1039,claim_approved,1,2024-08-31,1149152.0
U0129,PL1046,view,0,2025-04-25,
U0050,PL1054,shortlist,0,2025-02-15,
U0286,PL1025,view,0,2025-02-06,
U0285,PL1012,view,0,2025-08-18,
U0349,PL1040,claim_approved,1,2025-09-16,57394.0
U0140,PL1014,view,0,2024-10-21,
U0197,PL1025,view,0,2025-03-09,
U0459,PL1042,view,0,2025-05-25,
U0353,PL1040,shortlist,0,2024-10-28,
U0399,PL1030,view,0,2025-01-16,
U0350,PL1036,view,0,2025-09-18,
U0386,PL1033,view,0,2025-02-14,
U0416,PL1037,view,0,2024-12-10,
U0073,PL1061,click,0,2024-12-13,
U0408,PL1050,view,0,2025-01-04,
U0363,PL1024,shortlist,0,2024-12-05,
U0172,PL1037,view,0,2025-03-03,
U0415,PL1038,view,0,2025-05-06,
U0462,PL1057,click,0,2024-09-03,
U0158,PL1059,click,0,2025-04-21,
U0277,PL1039,click,0,2025-03-15,
U0427,PL1034,click,0,2024-07-13,
U0496,PL1035,view,0,2025-03-19,
U0005,PL1010,view,0,2024-09-28,
U0335,PL1015,view,0,2024-12-14,
U0366,PL1045,view,0,2025-04-03,
U0389,PL1016,view,0,2025-01-12,
U0010,PL1037,view,0,2025-07-07,
U0477,PL1030,click,0,2024-12-29,
U0131,PL1050,view,0,2024-10-07,
U0466,PL1027,view,0,2024-12-09,
U0320,PL1006,view,0,2024-12-29,
U0486,PL1019,view,0,2024-04-12,
U0413,PL1061,click,0,2025-01-24,
U0094,PL1024,view,0,2025-01-08,
U0261,PL1023,view,0,2024-10-30,
U0109,PL1013,view,0,2024-08-23,
U0409,PL1034,view,0,2024-04-23,
U0472,PL1038,click,0,2025-09-15,
U0024,PL1035,view,0,2024-10-09,
U0282,PL1008,click,0,2025-04-22,
U0252,PL1054,click,0,2024-12-03,
U0236,PL1001,view,0,2024-11-16,
U0435,PL1016,view,0,2024-08-15,
U0018,PL1057,view,0,2025-07-08,
U0037,PL1007,click,0,2024-04-18,
U0241,PL1050,view,0,2025-06-05,
U0040,PL1019,view,0,2024-09-09,
U0256,PL1011,view,0,2024-07-30,
U0443,PL1032,click,0,2024-10-02,
U0307,PL1014,click,0,2024-08-03,
U0304,PL1016,view,0,2024-07-07,
U0309,PL1015,enroll,1,2024-11-05,
U0213,PL1030,click,0,2024-10-03,
U0480,PL1060,click,0,2024-09-30,
U0182,PL1028,click,0,2024-12-01,
U0438,PL1002,view,0,2024-06-11,
U0069,PL1052,view,0,2025-09-11,
U0478,PL1024,click,0,2025-02-28,
U0010,PL1047,view,0,2024-07-11,
U0053,PL1019,view,0,2025-09-30,
U0022,PL1036,view,0,2024-08-14,
U0119,PL1003,click,0,2025-08-05,
U0059,PL1003,view,0,2024-11-11,
U0316,PL1010,view,0,2024-11-28,
U0353,PL1056,view,0,2025-02-24,
U0484,PL1014,click,0,2025-02-18,
U0382,PL1056,view,0,2025-01-01,
U0214,PL1011,view,0,2025-08-29,
U0435,PL1011,click,0,2024-10-07,
U0040,PL1058,view,0,2024-07-16,
U0317,PL1013,view,0,2025-03-02,
U0277,PL1028,view,0,2024-10-04,
U0063,PL1014,view,0,2024-04-19,
U0189,PL1058,view,0,2025-06-19,
U0117,PL1007,view,0,2024-11-10,
U0368,PL1054,shortlist,0,2024-10-24,
U0270,PL1055,view,0,2025-05-13,
U0238,PL1028,view,0,2024-12-19,
U0402,PL1045,view,0,2024-07-07,
U0296,PL1027,view,0,2024-08-09,
U0328,PL1050,claim_approved,1,2024-05-25,1942670.0
U0365,PL1042,click,0,2025-01-04,
U0497,PL1046,view,0,2025-01-15,
U0085,PL1034,view,0,2025-09-09,
U0174,PL1025,view,0,2024-12-26,
U0388,PL1016,view,0,2025-09-10,
U0046,PL1022,view,0,2025-04-06,
U0029,PL1053,click,0,2025-03-23,
U0230,PL1023,click,0,2024-04-18,
U0296,PL1033,view,0,2024-08-02,
U0486,PL1033,view,0,2025-08-09,
U0406,PL1044,view,0,2024-06-09,
U0275,PL1040,click,0,2024-05-14,
U0031,PL1012,view,0,2024-10-03,
U0083,PL1038,view,0,2024-12-12,
U0378,PL1046,view,0,2025-09-13,
U0212,PL1002,view,0,2025-09-28,
U0283,PL1044,view,0,2025-09-16,
U0243,PL1030,view,0,2024-08-12,
U0402,PL1029,claim_approved,1,2025-08-03,502229.0
U0033,PL1049,click,0,2025-05-20,
U0196,PL1024,view,0,2024-07-24,
U0483,PL1040,view,0,2025-01-18,
U0197,PL1013,view,0,2025-06-26,
U0209,PL1061,click,0,2025-08-24,
U0307,PL1049,shortlist,0,2025-06-18,
U0441,PL1025,view,0,2025-04-24,
U0073,PL1006,view,0,2024-08-14,
U0476,PL1048,click,0,2024-11-22,
U0100,PL1040,click,0,2024-09-05,
U0262,PL1046,view,0,2025-09-19,
U0079,PL1038,view,0,2024-06-19,
U0171,PL1032,view,0,2024-10-06,
U0086,PL1039,view,0,2025-08-10,
U0406,PL1002,view,0,2024-04-13,
U0467,PL1040,view,0,2024-11-01,
U0416,PL1029,click,0,2024-06-09,
U0296,PL1047,view,0,2025-03-21,
U0150,PL1058,click,0,2025-03-05,
U0459,PL1038,view,0,2025-02-25,
U0493,PL1004,view,0,2025-01-22,
U0249,PL1012,view,0,2025-09-30,
U0419,PL1033,view,0,2024-08-27,
U0300,PL1004,view,0,2025-08-22,
U0046,PL1034,view,0,2024-09-13,
U0185,PL1032,click,0,2024-06-25,
U0480,PL1039,view,0,2024-10-28,
U0330,PL1035,view,0,2025-02-19,
U0344,PL1040,view,0,2024-06-20,
U0489,PL1031,click,0,2024-12-22,
U0386,PL1041,click,0,2024-11-11,
U0110,PL1002,view,0,2024-05-23,
U0146,PL1049,view,0,2024-10-10,
U0065,PL1016,view,0,2024-11-30,
U0002,PL1006,click,0,2025-09-10,
U0426,PL1008,click,0,2025-01-31,
U0214,PL1046,view,0,2024-08-30,
U0113,PL1055,click,0,2025-06-20,
U0389,PL1035,view,0,2025-05-27,
U0241,PL1059,click,0,2025-01-07,
U0426,PL1005,shortlist,0,2024-06-17,
U0324,PL1046,shortlist,0,2025-07-05,
U0151,PL1002,view,0,2025-05-07,
U0373,PL1003,view,0,2025-09-27,
U0394,PL1039,view,0,2025-05-11,
U0468,PL1047,click,0,2025-06-28,
U0432,PL1045,view,0,2024-08-07,
U0199,PL1050,view,0,2025-02-07,
U0224,PL1051,click,0,2025-09-21,
U0136,PL1020,view,0,2024-07-03,
U0112,PL1032,view,0,2025-09-02,
U0252,PL1002,view,0,2024-07-19,
U0317,PL1036,view,0,2025-02-09,
U0288,PL1008,click,0,2025-08-23,
U0132,PL1024,view,0,2025-07-17,
U0470,PL1025,view,0,2025-04-27,
U0089,PL1003,click,0,2024-05-29,
U0026,PL1008,shortlist,0,2024-05-15,
U0059,PL1058,view,0,2024-09-21,
U0306,PL1054,click,0,2025-01-01,
U0431,PL1023,click,0,2025-09-25,
U0095,PL1051,shortlist,0,2024-06-23,
U0240,PL1018,view,0,2024-12-10,
U0491,PL1007,click,0,2025-06-08,
U0482,PL1012,view,0,2025-08-01,
U0268,PL1003,shortlist,0,2024-05-27,
U0048,PL1021,shortlist,0,2025-03-27,
U0124,PL1024,view,0,2025-08-09,
U0031,PL1061,view,0,2025-09-28,
U0432,PL1003,view,0,2024-11-10,
U0064,PL1025,view,0,2025-04-24,
U0093,PL1018,click,0,2025-04-01,
U0109,PL1021,shortlist,0,2025-09-28,
U0348,PL1039,click,0,2025-05-19,
U0051,PL1039,view,0,2025-05-29,
U0145,PL1021,view,0,2024-12-08,
U0497,PL1015,click,0,2025-05-15,
U0170,PL1044,click,0,2024-11-23,
U0457,PL1015,view,0,2025-01-29,
U0080,PL1042,click,0,2024-04-30,
U0126,PL1037,view,0,2025-08-18,
U0154,PL1048,view,0,2025-05-05,
U0408,PL1052,view,0,2025-01-13,
U0229,PL1051,view,0,2024-07-17,
U0300,PL1050,click,0,2025-08-30,
U0151,PL1014,click,0,2024-04-14,
U0322,PL1027,click,0,2025-08-06,
U0268,PL1048,view,0,2024-04-11,
U0482,PL1036,view,0,2025-09-28,
U0277,PL1056,click,0,2025-01-15,
U0012,PL1004,view,0,2024-04-12,
U0125,PL1031,view,0,2025-06-16,
U0315,PL1049,shortlist,0,2025-07-15,
U0409,PL1040,view,0,2025-05-26,
U0460,PL1031,view,0,2024-05-04,
U0351,PL1043,view,0,2024-06-03,
U0374,PL1037,view,0,2025-06-28,
U0093,PL1024,click,0,2025-06-10,
U0330,PL1055,shortlist,0,2024-10-12,
U0325,PL1042,click,0,2024-06-04,
U0384,PL1033,click,0,2025-06-17,
U0391,PL1011,click,0,2025-09-08,
U0205,PL1049,click,0,2025-07-15,
U0270,PL1018,view,0,2024-09-11,
U0011,PL1052,view,0,2025-07-08,
U0104,PL1015,click,0,2025-05-26,
U0456,PL1061,view,0,2025-01-11,
U0138,PL1034,view,0,2024-11-13,
U0397,PL1055,view,0,2025-02-07,
U0229,PL1049,view,0,2025-08-27,
U0290,PL1021,view,0,2024-07-28,
U0111,PL1013,shortlist,0,2024-10-31,
U0432,PL1049,view,0,2024-04-09,
U0451,PL1042,view,0,2024-04-15,
U0104,PL1032,shortlist,0,2024-10-11,
U0381,PL1037,view,0,2025-01-16,
U0074,PL1015,view,0,2025-08-18,
U0404,PL1060,view,0,2024-07-04,
U0023,PL1010,shortlist,0,2024-07-11,
U0401,PL1037,shortlist,0,2024-07-25,
U0500,PL1037,click,0,2025-03-11,
U0015,PL1013,view,0,2025-05-19,
U0025,PL1013,view,0,2024-07-27,
U0043,PL1004,click,0,2024-08-10,
U0106,PL1043,shortlist,0,2025-07-26,
U0498,PL1057,click,0,2024-10-28,
U0165,PL1053,view,0,2025-03-28,
U0312,PL1019,shortlist,0,2025-02-09,
U0112,PL1058,view,0,2025-03-21,
U0322,PL1036,view,0,2025-07-05,
U0139,PL1031,view,0,2024-05-03,
U0048,PL1050,claim_approved,1,2025-03-24,1287066.0
U0062,PL1019,click,0,2025-08-06,
U0019,PL1030,click,0,2025-07-08,
U0264,PL1020,shortlist,0,2025-05-22,
U0320,PL1039,view,0,2025-08-26,
U0175,PL1060,view,0,2024-05-21,
U0442,PL1019,click,0,2024-07-06,
U0332,PL1015,click,0,2025-09-05,
U0260,PL1010,view,0,2025-04-18,
U0357,PL1050,view,0,2025-06-29,
U0206,PL1020,click,0,2025-06-16,
U0138,PL1021,view,0,2025-05-09,
U0416,PL1008,view,0,2024-07-29,
U0145,PL1051,view,0,2024-08-17,
U0323,PL1050,click,0,2025-05-12,
U0313,PL1054,view,0,2025-05-12,
U0186,PL1014,view,0,2024-10-09,
U0225,PL1057,click,0,2025-06-07,
U0125,PL1056,view,0,2025-01-28,
U0064,PL1022,click,0,2025-06-04,
U0303,PL1049,click,0,2024-05-09,
U0274,PL1020,click,0,2025-07-31,
U0259,PL1031,click,0,2024-05-23,
U0243,PL1058,click,0,2024-06-12,
U0352,PL1035,click,0,2024-07-29,
U0476,PL1026,click,0,2024-11-13,
U0364,PL1031,click,0,2025-04-30,
U0322,PL1021,view,0,2025-02-18,
U0114,PL1050,view,0,2025-06-05,
U0359,PL1013,click,0,2024-12-24,
U0406,PL1049,enroll,1,2024-04-21,
U0207,PL1035,click,0,2024-10-27,
U0333,PL1054,click,0,2024-05-08,
U0449,PL1046,view,0,2025-03-22,
U0314,PL1050,view,0,2025-04-16,
U0362,PL1048,view,0,2025-05-05,
U0207,PL1022,view,0,2025-09-28,
U0170,PL1061,view,0,2025-01-14,
U0451,PL1059,view,0,2024-12-13,
U0144,PL1001,click,0,2025-02-05,
U0029,PL1015,view,0,2024-09-07,
U0096,PL1002,shortlist,0,2025-06-22,
U0412,PL1038,view,0,2025-09-21,
U0039,PL1035,view,0,2025-03-24,
U0424,PL1044,view,0,2024-12-09,
U0395,PL1014,shortlist,0,2024-04-30,
U0174,PL1006,view,0,2024-12-10,
U0369,PL1019,view,0,2025-07-09,
U0139,PL1049,view,0,2025-01-06,
U0339,PL1029,view,0,2024-11-25,
U0209,PL1018,view,0,2025-06-19,
U0170,PL1015,view,0,2024-05-24,
U0298,PL1008,click,0,2025-02-16,
U0375,PL1014,click,0,2025-05-09,
U0319,PL1025,view,0,2025-06-20,
U0328,PL1059,view,0,2024-10-28,
U0416,PL1038,click,0,2024-11-01,
U0020,PL1043,view,0,2025-03-19,
U0017,PL1045,view,0,2024-05-07,
U0297,PL1041,click,0,2024-08-12,
U0076,PL1013,click,0,2024-11-11,
U0393,PL1042,click,0,2024-07-19,
U0271,PL1022,view,0,2025-07-24,
U0368,PL1017,click,0,2025-07-19,
U0491,PL1022,view,0,2024-08-25,
U0071,PL1014,click,0,2025-04-05,
U0147,PL1050,view,0,2024-11-25,
U0226,PL1045,view,0,2025-04-25,
U0035,PL1047,click,0,2025-01-25,
U0413,PL1051,shortlist,0,2025-05-09,
U0100,PL1005,click,0,2025-04-21,
U0014,PL1060,view,0,2024-04-10,
U0365,PL1013,view,0,2025-03-22,
U0111,PL1010,view,0,2025-01-18,
U0242,PL1058,view,0,2024-10-03,
U0457,PL1036,click,0,2025-04-06,
U0137,PL1037,click,0,2024-09-11,
U0269,PL1026,click,0,2024-07-19,
U0116,PL1014,click,0,2025-01-05,
U0165,PL1020,click,0,2025-06-04,
U0196,PL1025,view,0,2024-06-22,
U0251,PL1011,view,0,2024-07-02,
U0257,PL1017,view,0,2025-04-14,
U0445,PL1008,view,0,2024-11-10,
U0447,PL1043,click,0,2025-09-26,
U0018,PL1049,shortlist,0,2025-07-15,
U0197,PL1043,view,0,2024-11-19,
U0112,PL1005,shortlist,0,2025-08-24,
U0492,PL1032,shortlist,0,2024-12-05,
U0082,PL1057,view,0,2025-09-01,
U0484,PL1048,view,0,2025-03-29,
U0139,PL1030,shortlist,0,2025-04-10,
U0234,PL1058,view,0,2024-11-07,
U0220,PL1046,view,0,2024-04-17,
U0283,PL1039,view,0,2025-02-14,
U0082,PL1033,view,0,2024-10-05,
U0450,PL1023,view,0,2024-04-18,
U0443,PL1033,view,0,2025-07-01,
U0033,PL1011,view,0,2025-03-03,
U0202,PL1038,view,0,2024-08-02,
U0248,PL1027,view,0,2025-04-08,
U0475,PL1038,view,0,2024-05-04,
U0375,PL1032,view,0,2024-07-09,
U0391,PL1024,shortlist,0,2025-01-30,
U0231,PL1031,view,0,2024-12-23,
U0166,PL1035,view,0,2025-09-25,
U0252,PL1021,click,0,2024-07-14,
U0482,PL1018,view,0,2025-04-17,
U0479,PL1043,view,0,2025-09-22,
U0275,PL1037,view,0,2025-04-24,
U0045,PL1035,view,0,2024-07-16,
U0497,PL1047,shortlist,0,2025-08-06,
U0044,PL1031,view,0,2024-06-08,
U0386,PL1007,click,0,2025-04-27,
U0494,PL1019,view,0,2025-02-02,
U0070,PL1058,view,0,2024-10-22,
U0217,PL1003,shortlist,0,2024-06-15,
U0378,PL1016,shortlist,0,2024-10-14,
U0465,PL1042,click,0,2024-07-26,
U0250,PL1001,click,0,2025-05-26,
U0185,PL1035,view,0,2025-01-15,
U0348,PL1049,click,0,2024-05-01,
U0472,PL1060,click,0,2024-06-01,
U0150,PL1022,click,0,2025-02-25,
U0324,PL1039,view,0,2025-02-23,
U0268,PL1021,shortlist,0,2025-08-02,
U0152,PL1038,view,0,2025-04-14,
U0146,PL1034,view,0,2024-05-28,
U0487,PL1039,click,0,2025-07-02,
U0138,PL1013,view,0,2025-07-03,
U0323,PL1054,view,0,2024-04-20,
U0011,PL1055,view,0,2024-10-03,
U0107,PL1029,click,0,2025-06-07,
U0427,PL1015,click,0,2024-12-15,
U0408,PL1007,shortlist,0,2025-02-26,
U0060,PL1055,view,0,2025-07-07,
U0138,PL1010,click,0,2025-02-03,
U0157,PL1012,shortlist,0,2025-02-15,
U0201,PL1057,view,0,2025-08-16,
U0359,PL1014,shortlist,0,2024-12-21,
U0457,PL1045,view,0,2024-07-27,
U0408,PL1001,click,0,2025-08-22,
U0486,PL1035,click,0,2025-04-07,
U0433,PL1030,click,0,2024-11-21,
U0064,PL1049,view,0,2025-06-14,
U0229,PL1031,click,0,2024-07-23,
U0225,PL1034,view,0,2024-07-14,
U0188,PL1013,view,0,2025-07-24,
U0453,PL1037,click,0,2024-08-04,
U0015,PL1017,view,0,2024-10-05,
U0310,PL1044,view,0,2025-09-15,
U0228,PL1015,view,0,2024-05-03,
U0172,PL1034,click,0,2024-04-20,
U0238,PL1009,view,0,2025-08-19,
U0078,PL1002,click,0,2024-04-09,
U0071,PL1020,view,0,2025-01-28,
U0271,PL1004,click,0,2025-03-11,
U0390,PL1019,view,0,2025-07-21,
U0411,PL1017,click,0,2025-01-30,
U0453,PL1046,view,0,2025-05-05,
U0347,PL1031,click,0,2025-02-06,
U0305,PL1006,view,0,2024-09-17,
U0212,PL1015,view,0,2025-01-05,
U0457,PL1058,view,0,2025-03-03,
U0376,PL1012,click,0,2024-06-30,
U0074,PL1016,view,0,2025-05-24,
U0463,PL1044,click,0,2024-11-30,
U0098,PL1027,view,0,2025-08-29,
U0363,PL1048,view,0,2025-03-25,
U0475,PL1023,view,0,2024-11-01,
U0119,PL1060,view,0,2025-07-13,
U0344,PL1052,view,0,2024-09-11,
U0409,PL1032,view,0,2024-11-21,
U0122,PL1036,click,0,2025-02-16,
U0172,PL1002,click,0,2024-05-06,
U0044,PL1059,view,0,2024-11-22,
U0002,PL1046,view,0,2025-07-11,
U0427,PL1013,click,0,2024-11-23,
U0400,PL1043,view,0,2025-02-06,
U0317,PL1047,shortlist,0,2025-08-19,
U0421,PL1030,view,0,2024-06-02,
U0056,PL1032,view,0,2024-10-07,
U0008,PL1014,shortlist,0,2025-04-12,
U0373,PL1009,shortlist,0,2024-09-30,
U0269,PL1037,enroll,1,2024-09-11,
U0334,PL1025,view,0,2025-06-25,
U0072,PL1037,shortlist,0,2024-11-24,
U0025,PL1007,view,0,2025-06-30,
U0292,PL1023,view,0,2025-08-01,
U0101,PL1033,click,0,2025-06-13,
U0419,PL1034,view,0,2024-12-23,
U0326,PL1032,view,0,2024-10-22,
U0185,PL1019,view,0,2025-03-11,
U0439,PL1010,click,0,2025-02-17,
U0185,PL1056,view,0,2024-08-17,
U0117,PL1007,view,0,2024-04-14,
U0243,PL1022,shortlist,0,2025-01-22,
U0098,PL1005,view,0,2024-11-25,
U0466,PL1014,shortlist,0,2025-06-17,
U0074,PL1025,click,0,2024-07-10,
U0147,PL1044,click,0,2025-09-16,
U0307,PL1023,view,0,2025-07-19,
U0184,PL1015,view,0,2024-10-05,
U0328,PL1019,click,0,2024-07-05,
U0340,PL1021,view,0,2024-07-09,
U0134,PL1036,view,0,2024-10-20,
U0389,PL1053,click,0,2024-07-03,
U0469,PL1014,view,0,2024-12-04,
U0486,PL1033,view,0,2024-11-16,
U0262,PL1006,click,0,2025-03-18,
U0017,PL1049,click,0,2025-04-25,
U0270,PL1005,click,0,2024-09-24,
U0268,PL1015,click,0,2025-07-11,
U0159,PL1052,view,0,2025-04-17,
U0125,PL1016,view,0,2024-10-23,
U0029,PL1034,click,0,2024-11-13,
U0416,PL1042,view,0,2024-09-25,
U0021,PL1043,view,0,2025-02-08,
U0036,PL1057,click,0,2024-09-21,
U0466,PL1008,click,0,2025-02-19,
U0135,PL1030,view,0,2024-05-25,
U0265,PL1024,view,0,2024-08-05,
U0076,PL1060,view,0,2025-06-11,
U0156,PL1054,view,0,2024-10-09,
U0499,PL1055,view,0,2025-05-10,
U0188,PL1021,view,0,2024-12-09,
U0493,PL1030,view,0,2025-03-13,
U0063,PL1041,view,0,2024-07-08,
U0139,PL1033,view,0,2025-03-12,
U0091,PL1011,shortlist,0,2024-09-05,
U0062,PL1006,view,0,2024-12-02,
U0005,PL1019,view,0,2024-11-11,
U0109,PL1006,view,0,2024-04-17,
U0287,PL1056,view,0,2024-10-21,
U0214,PL1056,view,0,2025-04-28,
U0219,PL1058,view,0,2025-08-28,
U0418,PL1016,view,0,2024-07-08,
U0361,PL1032,view,0,2024-04-30,
U0257,PL1017,enroll,1,2024-10-05,
U0377,PL1054,view,0,2025-09-05,
U0095,PL1023,view,0,2024-05-01,
U0033,PL1023,click,0,2025-07-02,
U0339,PL1058,click,0,2024-07-10,
U0257,PL1050,view,0,2025-09-14,
U0134,PL1025,view,0,2024-08-14,
U0426,PL1044,view,0,2024-11-21,
U0270,PL1014,view,0,2025-03-13,
U0120,PL1016,view,0,2024-10-12,
U0500,PL1041,click,0,2025-06-23,
U0290,PL1031,view,0,2024-10-27,
U0391,PL1054,view,0,2024-05-03,
U0170,PL1014,view,0,2025-01-31,
U0070,PL1004,view,0,2024-06-26,
U0193,PL1054,view,0,2024-08-04,
U0417,PL1053,shortlist,0,2024-12-26,
U0195,PL1030,view,0,2025-06-10,
U0064,PL1029,click,0,2024-05-22,
U0118,PL1044,view,0,2024-08-25,
U0351,PL1002,view,0,2025-03-31,
U0497,PL1047,click,0,2024-08-22,
U0475,PL1020,view,0,2025-07-16,
U0442,PL1034,click,0,2025-08-09,
U0344,PL1023,view,0,2025-03-01,
U0006,PL1035,view,0,2024-10-12,
U0417,PL1021,click,0,2024-05-29,
U0295,PL1027,view,0,2025-07-24,
U0271,PL1056,view,0,2024-12-25,
U0083,PL1041,view,0,2024-09-24,
U0169,PL1014,click,0,2025-09-26,
U0001,PL1011,view,0,2025-08-02,
U0300,PL1024,click,0,2024-11-28,
U0114,PL1004,view,0,2025-04-23,
U0008,PL1014,view,0,2025-04-28,
U0227,PL1022,view,0,2024-07-19,
U0443,PL1005,view,0,2024-08-09,
U0335,PL1009,view,0,2024-11-29,
U0225,PL1042,view,0,2024-10-04,
U0111,PL1017,click,0,2024-09-15,
U0323,PL1015,view,0,2024-06-08,
U0154,PL1033,click,0,2025-07-12,
U0190,PL1060,click,0,2025-03-16,
U0183,PL1039,view,0,2025-07-02,
U0479,PL1020,shortlist,0,2024-05-09,
U0324,PL1050,click,0,2025-01-27,
U0253,PL1032,click,0,2024-05-07,
U0237,PL1001,view,0,2024-07-06,
U0471,PL1032,shortlist,0,2024-12-11,
U0128,PL1014,click,0,2024-10-23,
U0355,PL1057,click,0,2025-08-05,
U0080,PL1044,click,0,2024-04-22,
U0479,PL1035,view,0,2025-05-11,
U0238,PL1040,view,0,2025-09-12,
U0215,PL1058,click,0,2025-09-30,
U0257,PL1018,click,0,2025-04-21,
U0021,PL1061,view,0,2025-03-26,
U0261,PL1022,view,0,2024-11-05,
U0332,PL1022,view,0,2024-12-20,
U0424,PL1030,shortlist,0,2025-08-17,
U0266,PL1050,view,0,2025-04-23,
U0490,PL1029,view,0,2025-07-02,
U0067,PL1045,view,0,2024-10-01,
U0046,PL1044,view,0,2025-09-14,
U0382,PL1048,view,0,2024-11-26,
U0419,PL1058,click,0,2025-05-13,
U0202,PL1012,claim_denied,0,2024-09-05,50985.0
U0425,PL1001,click,0,2024-04-11,
U0030,PL1010,click,0,2025-08-22,
U0457,PL1040,view,0,2025-06-12,
U0465,PL1019,view,0,2025-09-12,
U0251,PL1036,view,0,2024-12-24,
U0424,PL1039,shortlist,0,2025-03-28,
U0125,PL1020,click,0,2024-11-16,
U0470,PL1059,shortlist,0,2025-07-27,
U0043,PL1039,click,0,2025-08-28,
U0195,PL1005,view,0,2024-11-05,
U0211,PL1018,view,0,2025-02-05,
U0389,PL1061,view,0,2025-07-06,
U0399,PL1014,view,0,2025-04-21,
U0484,PL1038,view,0,2025-09-12,
U0268,PL1041,view,0,2025-01-10,
U0427,PL1027,view,0,2024-05-21,
U0404,PL1010,click,0,2025-01-19,
U0496,PL1013,view,0,2025-08-22,
U0255,PL1034,view,0,2024-10-11,
U0489,PL1016,click,0,2024-05-17,
U0162,PL1044,click,0,2024-07-20,
U0307,PL1040,view,0,2024-11-03,
U0024,PL1058,view,0,2024-12-20,
U0187,PL1059,view,0,2025-02-26,
U0303,PL1005,view,0,2025-01-26,
U0044,PL1016,view,0,2025-04-28,
U0389,PL1037,view,0,2024-10-16,
U0043,PL1028,view,0,2024-04-27,
U0463,PL1029,click,0,2024-12-27,
U0036,PL1031,view,0,2024-12-11,
U0146,PL1013,click,0,2024-11-18,
U0219,PL1008,click,0,2024-06-11,
U0457,PL1002,view,0,2025-04-18,
U0497,PL1025,view,0,2024-05-27,
U0029,PL1059,click,0,2024-04-09,
U0155,PL1048,click,0,2025-06-21,
U0325,PL1051,view,0,2025-05-07,
U0479,PL1013,view,0,2024-07-24,
U0322,PL1045,view,0,2024-09-23,
U0136,PL1040,view,0,2025-08-16,
U0248,PL1049,view,0,2024-06-16,
U0342,PL1001,shortlist,0,2024-11-12,
U0319,PL1021,view,0,2025-06-19,
U0073,PL1043,view,0,2025-05-04,
U0175,PL1019,shortlist,0,2025-03-18,
U0340,PL1040,click,0,2024-10-01,
U0405,PL1031,click,0,2025-04-27,
U0459,PL1038,view,0,2025-07-18,
U0068,PL1006,view,0,2025-01-25,
U0073,PL1053,click,0,2024-12-05,
U0016,PL1041,view,0,2025-07-02,
U0079,PL1030,view,0,2024-09-06,
U0021,PL1001,view,0,2024-09-10,
U0094,PL1056,click,0,2024-11-12,
U0012,PL1030,view,0,2025-05-01,
U0424,PL1027,view,0,2024-05-04,
U0175,PL1049,view,0,2025-05-14,
U0283,PL1008,view,0,2025-04-02,
U0028,PL1046,view,0,2024-11-15,
U0027,PL1004,view,0,2024-12-11,
U0120,PL1032,view,0,2024-09-09,
U0026,PL1018,click,0,2024-05-04,
U0081,PL1011,view,0,2025-02-06,
U0460,PL1054,view,0,2025-02-02,
U0441,PL1011,view,0,2024-10-02,
U0086,PL1024,click,0,2024-05-07,
U0334,PL1003,view,0,2024-11-07,
U0118,PL1021,click,0,2025-08-03,
U0065,PL1009,view,0,2024-07-11,
U0457,PL1049,view,0,2024-09-29,
U0397,PL1037,view,0,2024-05-24,
U0282,PL1014,click,0,2024-04-27,
U0215,PL1056,view,0,2025-03-03,
U0406,PL1061,view,0,2024-10-13,
U0411,PL1003,shortlist,0,2025-02-26,
U0070,PL1051,view,0,2024-11-05,
U0189,PL1046,view,0,2024-08-15,
U0433,PL1048,view,0,2024-06-11,
U0082,PL1040,view,0,2025-01-06,
U0169,PL1044,view,0,2025-07-29,
U0264,PL1042,click,0,2024-10-08,
U0244,PL1053,click,0,2025-03-16,
U0306,PL1002,click,0,2025-09-19,
U0445,PL1019,shortlist,0,2024-10-17,
U0058,PL1007,click,0,2024-11-23,
U0270,PL1001,click,0,2024-11-12,
U0458,PL1045,click,0,2024-06-15,
U0470,PL1057,click,0,2024-12-19,
U0158,PL1034,view,0,2025-06-17,
U0389,PL1029,click,0,2024-11-21,
U0021,PL1007,view,0,2024-05-16,
U0336,PL1039,click,0,2025-06-04,
U0447,PL1060,view,0,2025-03-09,
U0112,PL1035,click,0,2025-06-03,
U0052,PL1022,view,0,2025-03-07,
U0387,PL1054,view,0,2024-12-24,
U0222,PL1049,view,0,2025-04-16,
U0017,PL1019,shortlist,0,2024-12-18,
U0138,PL1039,click,0,2024-11-30,
U0200,PL1039,view,0,2024-11-12,
U0419,PL1047,view,0,2025-07-24,
U0424,PL1010,click,0,2025-01-15,
U0130,PL1029,view,0,2024-09-06,
U0167,PL1041,click,0,2025-03-20,
U0110,PL1010,shortlist,0,2024-12-15,
U0162,PL1024,view,0,2024-07-05,
U0319,PL1005,view,0,2024-08-02,
U0089,PL1004,view,0,2025-04-09,
U0499,PL1038,view,0,2025-09-25,
U0307,PL1029,click,0,2024-08-01,
U0025,PL1013,shortlist,0,2025-07-02,
U0044,PL1043,click,0,2025-03-06,
U0374,PL1018,view,0,2024-04-29,
U0394,PL1030,click,0,2025-05-17,
U0223,PL1001,shortlist,0,2024-08-19,
U0479,PL1032,view,0,2025-08-05,
U0436,PL1008,click,0,2025-03-06,
U0207,PL1049,click,0,2024-11-25,
U0227,PL1044,click,0,2025-09-04,
U0131,PL1036,click,0,2025-07-11,
U0384,PL1014,view,0,2024-07-09,
U0102,PL1029,view,0,2025-01-22,
U0405,PL1029,view,0,2024-06-12,
U0390,PL1057,click,0,2024-10-02,
U0331,PL1053,click,0,2024-06-05,
U0144,PL1001,click,0,2025-06-30,
U0105,PL1017,click,0,2025-05-18,
U0111,PL1005,view,0,2025-02-05,
U0218,PL1048,view,0,2025-04-07,
U0287,PL1057,click,0,2025-02-13,
U0232,PL1019,view,0,2025-06-25,
U0327,PL1053,view,0,2024-08-05,
U0010,PL1018,shortlist,0,2024-07-20,
U0297,PL1058,view,0,2024-10-04,
U0044,PL1020,click,0,2025-05-12,
U0175,PL1038,click,0,2025-03-03,
U0196,PL1020,view,0,2024-11-30,
U0375,PL1013,click,0,2024-04-21,
U0374,PL1034,click,0,2025-05-19,
U0374,PL1029,view,0,2025-05-25,
U0425,PL1030,view,0,2024-12-28,
U0277,PL1052,click,0,2025-09-11,
U0404,PL1035,view,0,2025-07-01,
U0326,PL1057,shortlist,0,2025-06-14,
U0198,PL1054,click,0,2025-01-17,
U0055,PL1007,view,0,2024-06-20,
U0051,PL1019,click,0,2024-04-11,
U0461,PL1053,click,0,2024-11-11,
U0423,PL1061,view,0,2025-01-09,
U0079,PL1021,view,0,2025-09-15,
U0332,PL1037,click,0,2025-07-05,
U0188,PL1040,click,0,2025-04-06,
U0133,PL1023,view,0,2024-10-06,
U0273,PL1015,view,0,2025-09-28,
U0280,PL1039,shortlist,0,2024-07-29,
U0212,PL1033,view,0,2025-09-14,
U0478,PL1057,view,0,2024-07-02,
U0399,PL1027,view,0,2024-10-07,
U0324,PL1007,view,0,2025-02-24,
U0279,PL1049,click,0,2024-08-13,
U0335,PL1024,shortlist,0,2025-01-17,
U0163,PL1001,click,0,2024-10-03,
U0146,PL1053,view,0,2024-09-15,
U0460,PL1039,click,0,2025-06-23,
U0414,PL1058,click,0,2024-06-04,
U0045,PL1036,view,0,2025-09-01,
U0069,PL1045,click,0,2025-05-21,
U0452,PL1057,view,0,2024-08-21,
U0191,PL1058,click,0,2025-05-13,
U0416,PL1025,view,0,2024-04-28,
U0016,PL1012,view,0,2024-07-15,
U0357,PL1043,click,0,2024-12-10,
U0423,PL1003,click,0,2024-11-19,
U0029,PL1013,view,0,2024-12-27,
U0343,PL1030,view,0,2025-04-18,
U0308,PL1037,view,0,2025-02-13,
U0126,PL1059,click,0,2024-05-24,
U0283,PL1033,view,0,2024-09-08,
U0052,PL1034,click,0,2024-10-13,
U0226,PL1028,click,0,2024-07-03,
U0016,PL1005,view,0,2024-12-29,
U0124,PL1017,view,0,2025-06-20,
U0399,PL1003,view,0,2024-12-20,
U0469,PL1033,view,0,2025-09-20,
U0231,PL1019,view,0,2025-09-03,
U0243,PL1020,view,0,2024-05-25,
U0297,PL1040,view,0,2025-07-28,
U0026,PL1016,view,0,2024-07-18,
U0417,PL1025,click,0,2025-03-11,
U0350,PL1006,view,0,2024-12-22,
U0144,PL1025,view,0,2025-01-28,
U0216,PL1007,view,0,2024-10-28,
U0419,PL1004,enroll,1,2024-12-06,
U0025,PL1057,shortlist,0,2025-07-29,
U0309,PL1011,shortlist,0,2025-09-08,
U0310,PL1007,view,0,2025-06-06,
U0090,PL1060,shortlist,0,2024-12-31,
U0411,PL1055,view,0,2024-06-29,
U0065,PL1011,click,0,2024-11-07,
U0363,PL1007,view,0,2025-02-13,
U0098,PL1023,view,0,2025-07-16,
U0129,PL1032,shortlist,0,2024-12-31,
U0441,PL1039,view,0,2024-08-26,
U0400,PL1006,click,0,2024-12-05,
U0151,PL1054,shortlist,0,2025-06-01,
U0441,PL1022,view,0,2024-08-05,
U0299,PL1040,view,0,2024-11-14,
U0156,PL1045,view,0,2024-07-18,
U0299,PL1023,shortlist,0,2025-08-06,
U0072,PL1047,view,0,2025-09-03,
U0170,PL1029,view,0,2025-05-08,
U0471,PL1047,view,0,2025-04-07,
U0066,PL1007,view,0,2025-01-03,
U0253,PL1045,click,0,2024-11-06,
U0057,PL1039,view,0,2025-06-02,
U0266,PL1030,view,0,2025-03-18,
U0028,PL1010,click,0,2024-12-08,
U0355,PL1031,view,0,2024-06-14,
U0417,PL1052,shortlist,0,2024-07-06,
U0298,PL1052,view,0,2024-10-07,
U0264,PL1060,view,0,2024-10-04,
U0278,PL1036,click,0,2024-12-26,
U0291,PL1049,view,0,2025-05-11,
U0214,PL1020,shortlist,0,2024-05-16,
U0313,PL1002,view,0,2025-03-19,
U0117,PL1041,view,0,2025-03-31,
U0064,PL1006,view,0,2024-08-06,
U0127,PL1004,shortlist,0,2024-04-15,
U0097,PL1039,click,0,2025-02-06,
U0226,PL1006,click,0,2025-05-02,
U0206,PL1036,view,0,2024-07-13,
U0028,PL1058,click,0,2024-12-24,
U0276,PL1045,view,0,2025-02-28,
U0040,PL1049,view,0,2024-06-15,
U0394,PL1055,view,0,2024-06-13,
U0215,PL1031,view,0,2025-03-27,
U0017,PL1058,click,0,2025-06-25,
U0192,PL1030,click,0,2025-02-10,
U0407,PL1037,view,0,2024-08-14,
U0345,PL1036,view,0,2024-09-07,
U0394,PL1017,view,0,2025-04-10,
U0462,PL1041,view,0,2024-08-13,
U0208,PL1010,view,0,2025-05-11,
U0190,PL1022,click,0,2024-07-06,
U0369,PL1031,view,0,2024-06-13,
U0469,PL1008,click,0,2025-05-01,
U0334,PL1012,view,0,2025-01-02,
U0451,PL1049,click,0,2025-07-14,
U0402,PL1026,shortlist,0,2024-06-11,
U0278,PL1013,view,0,2024-10-22,
U0435,PL1007,view,0,2024-06-28,
U0359,PL1053,view,0,2025-01-13,
U0139,PL1061,view,0,2025-06-27,
U0134,PL1046,click,0,2025-04-24,
U0254,PL1045,view,0,2024-08-21,
U0053,PL1056,view,0,2024-04-28,
U0446,PL1057,click,0,2024-11-28,
U0012,PL1022,click,0,2025-07-15,
U0153,PL1039,click,0,2025-04-15,
U0275,PL1060,claim_approved,1,2025-07-01,202505.0
U0170,PL1001,view,0,2025-02-20,
U0020,PL1010,click,0,2024-12-19,
U0314,PL1044,click,0,2025-03-05,
U0332,PL1041,click,0,2025-06-17,
U0180,PL1052,view,0,2025-01-03,
U0264,PL1010,click,0,2024-05-26,
U0448,PL1049,view,0,2024-06-22,
U0476,PL1039,view,0,2025-07-27,
U0089,PL1033,view,0,2025-01-18,
U0319,PL1020,view,0,2024-07-29,
U0230,PL1055,shortlist,0,2025-07-04,
U0163,PL1022,click,0,2025-02-25,
U0349,PL1001,view,0,2024-07-14,
U0178,PL1003,view,0,2025-03-27,
U0174,PL1038,view,0,2024-12-10,
U0198,PL1049,click,0,2024-07-05,
U0187,PL1048,view,0,2024-12-17,
U0104,PL1004,view,0,2024-12-03,
U0442,PL1015,view,0,2024-05-10,
U0143,PL1045,shortlist,0,2024-06-16,
U0476,PL1036,view,0,2025-08-01,
U0302,PL1029,click,0,2025-07-11,
U0435,PL1005,view,0,2025-09-13,
U0015,PL1050,view,0,2025-06-25,
U0212,PL1007,view,0,2024-09-13,
U0370,PL1009,view,0,2024-04-19,
U0406,PL1010,click,0,2025-09-01,
U0295,PL1018,view,0,2025-09-06,
U0306,PL1016,view,0,2025-03-01,
U0170,PL1040,view,0,2024-09-24,
U0365,PL1060,click,0,2025-05-08,
U0464,PL1016,shortlist,0,2025-04-26,
U0184,PL1061,view,0,2025-01-08,
U0383,PL1002,shortlist,0,2024-11-10,
U0407,PL1031,view,0,2025-04-09,
U0450,PL1017,click,0,2024-05-09,
U0285,PL1056,click,0,2025-01-17,
U0322,PL1046,view,0,2024-07-30,
U0317,PL1040,view,0,2025-05-10,
U0185,PL1039,click,0,2025-04-08,
U0196,PL1044,view,0,2024-07-20,
U0146,PL1009,view,0,2025-08-29,
U0135,PL1054,click,0,2025-05-19,
U0436,PL1033,shortlist,0,2025-02-10,
U0222,PL1029,shortlist,0,2025-06-17,
U0421,PL1035,click,0,2024-09-08,
U0190,PL1041,view,0,2025-07-04,
U0461,PL1030,view,0,2025-08-27,
U0282,PL1001,view,0,2025-03-06,
U0023,PL1013,shortlist,0,2024-05-02,
U0384,PL1055,click,0,2024-08-24,
U0470,PL1020,view,0,2024-10-04,
U0241,PL1052,view,0,2024-10-27,
U0278,PL1005,view,0,2024-12-07,
U0335,PL1029,view,0,2025-07-30,
U0130,PL1006,view,0,2025-01-16,
U0289,PL1032,view,0,2024-08-08,
U0147,PL1056,view,0,2025-03-25,
U0108,PL1037,click,0,2025-02-11,
U0035,PL1050,view,0,2025-01-10,
U0140,PL1026,view,0,2025-07-01,
U0059,PL1049,view,0,2024-12-15,
U0096,PL1050,view,0,2024-09-10,
U0236,PL1050,view,0,2024-12-03,
U0135,PL1029,view,0,2025-01-30,
U0269,PL1020,click,0,2024-09-20,
U0317,PL1019,shortlist,0,2024-05-01,
U0365,PL1015,click,0,2025-06-19,
U0027,PL1013,view,0,2025-03-07,
U0410,PL1028,click,0,2024-08-31,
U0042,PL1007,view,0,2024-06-24,
U0224,PL1049,view,0,2024-12-24,
U0064,PL1036,shortlist,0,2024-06-26,
U0055,PL1018,click,0,2024-10-27,
U0202,PL1030,click,0,2025-07-09,
U0179,PL1033,view,0,2025-07-17,
U0255,PL1012,view,0,2025-04-08,
U0214,PL1026,view,0,2025-06-28,
U0205,PL1042,view,0,2024-06-30,
U0499,PL1014,view,0,2024-04-29,
U0076,PL1005,click,0,2025-07-26,
U0407,PL1029,click,0,2025-08-24,
U0181,PL1036,shortlist,0,2024-08-08,
U0199,PL1009,view,0,2024-08-05,
U0089,PL1060,shortlist,0,2024-08-06,
U0095,PL1035,click,0,2024-10-07,
U0002,PL1046,view,0,2025-09-09,
U0318,PL1043,view,0,2024-08-02,
U0500,PL1048,click,0,2025-05-12,
U0446,PL1035,view,0,2024-05-29,
U0440,PL1012,click,0,2025-02-26,
U0330,PL1028,click,0,2024-06-18,
U0039,PL1013,view,0,2024-06-28,
U0359,PL1025,view,0,2025-04-13,
U0343,PL1039,view,0,2025-04-21,
U0055,PL1009,click,0,2024-07-28,
U0248,PL1033,click,0,2024-05-08,
U0431,PL1011,view,0,2025-08-15,
U0444,PL1017,view,0,2024-06-20,
U0067,PL1017,click,0,2024-11-04,
U0480,PL1019,view,0,2025-02-18,
U0037,PL1061,shortlist,0,2024-10-24,
U0192,PL1026,click,0,2024-07-16,
U0218,PL1049,view,0,2025-08-10,
U0214,PL1049,view,0,2024-12-29,
U0270,PL1029,click,0,2025-06-13,
U0090,PL1037,view,0,2025-02-26,
U0257,PL1019,view,0,2024-07-12,
U0451,PL1008,view,0,2025-04-29,
U0249,PL1005,view,0,2024-07-14,
U0016,PL1025,view,0,2024-10-04,
U0197,PL1031,shortlist,0,2024-11-08,
U0102,PL1043,view,0,2025-08-28,
U0213,PL1019,click,0,2025-03-04,
U0106,PL1019,view,0,2024-07-17,
U0188,PL1009,view,0,2025-02-07,
U0237,PL1061,shortlist,0,2024-06-17,
U0009,PL1032,view,0,2024-10-07,
U0375,PL1028,view,0,2024-11-14,
U0341,PL1016,view,0,2025-04-06,
U0232,PL1025,view,0,2024-11-21,
U0485,PL1061,click,0,2025-05-26,
U0114,PL1001,view,0,2025-08-29,
U0437,PL1054,click,0,2024-06-05,
U0292,PL1050,view,0,2024-05-16,
U0416,PL1021,click,0,2024-09-04,
U0383,PL1026,view,0,2024-06-11,
U0370,PL1038,view,0,2024-08-22,
U0203,PL1013,click,0,2025-06-13,
U0092,PL1057,view,0,2024-11-12,
U0109,PL1031,view,0,2025-04-19,
U0019,PL1038,view,0,2024-11-28,
U0328,PL1059,view,0,2024-10-27,
U0243,PL1028,click,0,2025-06-24,
U0256,PL1047,view,0,2025-02-17,
U0184,PL1023,view,0,2025-04-24,
U0473,PL1010,view,0,2025-08-07,
U0409,PL1046,click,0,2024-10-29,
U0338,PL1011,view,0,2025-07-22,
U0333,PL1034,view,0,2025-05-27,
U0036,PL1009,click,0,2024-04-13,
U0404,PL1001,view,0,2024-06-27,
U0032,PL1030,click,0,2024-09-15,
U0280,PL1056,view,0,2025-07-31,
U0049,PL1041,view,0,2024-08-31,
U0473,PL1018,view,0,2024-06-08,
U0471,PL1016,view,0,2025-02-13,
U0436,PL1055,view,0,2024-05-27,
U0057,PL1046,view,0,2025-06-14,
U0098,PL1026,shortlist,0,2025-01-17,
U0257,PL1057,view,0,2024-05-22,
U0445,PL1050,view,0,2024-12-13,
U0363,PL1060,view,0,2024-11-15,
U0309,PL1047,view,0,2024-08-17,
U0400,PL1027,click,0,2025-01-13,
U0181,PL1052,view,0,2024-09-19,
U0172,PL1049,view,0,2024-10-23,
U0305,PL1005,view,0,2025-06-29,
U0034,PL1048,click,0,2025-05-05,
U0038,PL1009,view,0,2024-11-25,
U0282,PL1034,view,0,2024-05-11,
U0312,PL1011,click,0,2024-09-30,
U0465,PL1042,click,0,2025-04-13,
U0387,PL1027,view,0,2024-11-23,
U0238,PL1035,view,0,2025-03-16,
U0150,PL1061,view,0,2024-11-19,
U0338,PL1033,view,0,2025-07-14,
U0484,PL1023,click,0,2025-02-12,
U0458,PL1016,shortlist,0,2024-10-19,
U0393,PL1059,view,0,2025-04-15,
U0284,PL1061,view,0,2025-01-21,
U0072,PL1007,click,0,2024-09-16,
U0427,PL1010,view,0,2024-07-07,
U0190,PL1002,click,0,2025-06-25,
U0387,PL1039,click,0,2024-06-14,
U0141,PL1053,enroll,1,2025-01-26,
U0034,PL1017,view,0,2025-07-26,
U0492,PL1047,click,0,2025-09-17,
U0174,PL1031,view,0,2024-06-02,
U0094,PL1012,shortlist,0,2025-03-17,
U0081,PL1038,view,0,2025-04-13,
U0205,PL1042,view,0,2024-05-13,
U0086,PL1045,view,0,2024-08-29,
U0347,PL1029,click,0,2025-07-14,
U0288,PL1033,view,0,2025-06-08,
U0194,PL1009,view,0,2025-08-07,
U0272,PL1018,click,0,2024-10-22,
U0303,PL1037,shortlist,0,2024-04-13,
U0430,PL1031,view,0,2024-05-12,
U0374,PL1047,view,0,2025-03-25,
U0006,PL1004,view,0,2025-01-08,
U0296,PL1038,click,0,2025-04-09,
U0239,PL1053,view,0,2025-04-29,
U0066,PL1043,view,0,2025-05-23,
U0119,PL1039,view,0,2024-04-30,
U0411,PL1018,click,0,2025-09-09,
U0148,PL1044,click,0,2025-05-25,
U0496,PL1014,view,0,2024-04-19,
U0452,PL1051,click,0,2025-04-17,
U0107,PL1022,click,0,2025-02-24,
U0287,PL1033,click,0,2024-04-13,
U0218,PL1018,view,0,2024-06-30,
U0455,PL1053,view,0,2024-10-15,
U0204,PL1008,view,0,2025-02-01,
U0401,PL1044,click,0,2024-07-01,
U0077,PL1059,view,0,2025-06-01,
U0160,PL1027,click,0,2025-03-24,
U0498,PL1022,view,0,2025-08-16,
U0204,PL1056,view,0,2025-02-25,
U0331,PL1014,click,0,2024-07-10,
U0286,PL1057,click,0,2025-07-26,
U0065,PL1041,click,0,2024-12-21,
U0431,PL1055,click,0,2025-05-31,
U0017,PL1018,shortlist,0,2024-12-22,
U0340,PL1061,view,0,2025-06-05,
U0331,PL1049,view,0,2025-03-28,
U0288,PL1011,click,0,2024-07-24,
U0281,PL1052,view,0,2025-06-06,
U0111,PL1010,view,0,2025-09-07,
U0497,PL1037,view,0,2025-05-12,
U0073,PL1055,click,0,2024-12-10,
U0334,PL1048,shortlist,0,2025-05-29,
U0333,PL1013,view,0,2025-01-26,
U0334,PL1029,click,0,2025-02-27,
U0369,PL1026,view,0,2025-04-25,
U0019,PL1008,click,0,2025-07-30,
U0290,PL1034,view,0,2024-12-23,
U0151,PL1035,view,0,2024-12-10,
U0397,PL1015,view,0,2025-02-06,
U0332,PL1059,shortlist,0,2025-03-03,
U0477,PL1056,click,0,2025-01-07,
U0152,PL1011,click,0,2024-07-26,
U0037,PL1048,view,0,2025-08-03,
U0494,PL1058,view,0,2025-09-27,
U0163,PL1040,click,0,2025-03-28,
U0371,PL1042,shortlist,0,2024-08-25,
U0261,PL1041,click,0,2025-06-27,
U0226,PL1026,view,0,2025-06-16,
U0075,PL1017,view,0,2024-09-25,
U0363,PL1036,view,0,2024-08-16,
U0364,PL1024,view,0,2025-08-29,
U0279,PL1030,view,0,2025-01-11,
U0401,PL1011,view,0,2024-10-16,
U0317,PL1018,view,0,2025-01-30,
U0438,PL1030,view,0,2025-09-15,
U0096,PL1051,view,0,2025-08-13,
U0057,PL1030,view,0,2024-10-28,
U0399,PL1053,click,0,2025-03-10,
U0406,PL1018,view,0,2025-07-08,
U0101,PL1034,click,0,2025-01-06,
U0085,PL1023,view,0,2024-06-10,
U0437,PL1043,click,0,2025-06-26,
U0380,PL1049,view,0,2024-06-20,
U0107,PL1028,view,0,2024-08-29,
U0213,PL1045,shortlist,0,2024-11-18,
U0161,PL1034,view,0,2025-05-15,
U0160,PL1003,view,0,2024-10-21,
U0159,PL1046,click,0,2025-01-07,
U0401,PL1034,click,0,2025-03-01,
U0346,PL1046,click,0,2025-03-27,
U0026,PL1023,view,0,2024-12-28,
U0433,PL1052,shortlist,0,2025-08-16,
U0021,PL1008,click,0,2024-04-09,
U0237,PL1001,view,0,2025-07-08,
U0098,PL1037,view,0,2025-01-03,
U0082,PL1032,view,0,2024-11-15,
U0481,PL1014,view,0,2024-08-09,
U0396,PL1026,click,0,2024-12-17,
U0258,PL1023,view,0,2025-03-13,
U0471,PL1019,enroll,1,2024-07-19,
